:020000040800F2
:1000000000800020352300089D140008A514000876
:10001000AD140008B5140008BD140008000000006D
:10002000000000000000000000000000D1D2000825
:10003000C514000800000000B1D40008D114000865
:100040008523000885230008ED1400088523000897
:1000500085230008852300088523000885230008E0
:1000600085230008852300088523000885230008D0
:100070008523000885230008852300081115000842
:1000800085230008852300088523000885230008B0
:100090000000000085230008852300088523000850
:1000A0008523000885230008852300088523000890
:1000B0008523000885230008852300088523000880
:1000C0008523000885230008852300088523000870
:1000D0002515000839150008852300087515000846
:1000E00085230008011500084D1500088523000828
:1000F00085230008000000000000000085230008A0
:100100008523000885230008611500088523000861
:10011000852300088523000885230008852300081F
:10012000852300088523000885230008852300080F
:08013000852300088523000867
:1001400010B5054C237833B9044B13B10448AFF311
:1001500000800123237010BD240100200000000056
:10016000300C020808B5034B1BB103490348AFF339
:10017000008008BD0000000028010020300C0208AB
:10018000034613F8012B002AFBD1181A01387047D7
:1001900081F0004102E000BF83F0004330B54FEA38
:1001A00041044FEA430594EA050F08BF90EA020FA5
:1001B0001FBF54EA000C55EA020C7FEA645C7FEA38
:1001C000655C00F0E2804FEA5454D4EB5555B8BF5B
:1001D0006D420CDD2C4480EA020281EA030382EACC
:1001E000000083EA010180EA020281EA0303362D5E
:1001F00088BF30BD11F0004F4FEA01314FF4801C31
:100200004CEA113102D0404261EB410113F0004F42
:100210004FEA03334CEA133302D0524263EB4303F9
:1002200094EA050F00F0A780A4F10104D5F1200E97
:100230000DDB02FA0EFC22FA05F2801841F10001F2
:1002400003FA0EF2801843FA05F359410EE0A5F1C6
:1002500020050EF1200E012A03FA0EFC28BF4CF0F7
:10026000020C43FA05F3C01851EBE37101F00045AD
:1002700007D54FF0000EDCF1000C7EEB00006EEBBA
:100280000101B1F5801F1BD3B1F5001F0CD3490844
:100290005FEA30004FEA3C0C04F101044FEA44529B
:1002A00012F5800F80F09A80BCF1004F08BF5FEA22
:1002B000500C50F1000041EB045141EA050130BD02
:1002C0005FEA4C0C404141EB0101013C28BFB1F514
:1002D000801FE9D291F0000F04BF01460020B1FA5F
:1002E00081F308BF2033A3F10B03B3F120020CDA32
:1002F0000C3208DD02F1140CC2F10C0201FA0CF010
:1003000021FA02F10CE002F11402D8BFC2F1200C74
:1003100001FA02F120FA0CFCDCBF41EA0C0190402A
:10032000E41AA2BF01EB0451294330BD6FEA040473
:100330001F3C1CDA0C340EDC04F11404C4F120025E
:1003400020FA04F001FA02F340EA030021FA04F370
:1003500045EA030130BDC4F10C04C4F1200220FAC7
:1003600002F001FA04F340EA0300294630BD21FA05
:1003700004F0294630BD94F0000F83F4801306BFCB
:1003800081F480110134013D4EE77FEA645C18BFBF
:100390007FEA655C29D094EA050F08BF90EA020F56
:1003A00005D054EA000C04BF1946104630BD91EA4E
:1003B000030F1EBF0021002030BD5FEA545C05D151
:1003C0004000494128BF41F0004130BD14F5800490
:1003D0003CBF01F5801130BD01F0004545F0FE4104
:1003E00041F470014FF0000030BD7FEA645C1ABF39
:1003F000194610467FEA655C1CBF0B46024650EA70
:10040000013406BF52EA033591EA030F41F400219B
:1004100030BD00BF90F0000F04BF0021704730B521
:100420004FF4806404F132044FF000054FF00001F6
:1004300050E700BF90F0000F04BF0021704730B5B7
:100440004FF4806404F1320410F0004548BF40428C
:100450004FF000013EE700BF42004FEAE2014FEAE1
:1004600031014FEA02701FBF12F07F4393F07F4FBC
:1004700081F06051704732F07F4208BF704793F0BF
:100480007F4F04BF41F40021704730B54FF46074D2
:1004900001F0004521F000411CE700BF50EA0102D5
:1004A00008BF704730B54FF000050AE050EA01027E
:1004B00008BF704730B511F0004502D5404261EBEE
:1004C00041014FF4806404F132045FEA915C3FF42F
:1004D000D8AE4FF003025FEADC0C18BF03325FEACC
:1004E000DC0C18BF033202EBDC02C2F1200300FA7D
:1004F00003FC20FA02F001FA03FE40EA0E0021FAA2
:1005000002F11444BDE600BF4FF0FF3C06E000BF1F
:100510004FF0010C02E000BF4FF0010C4DF804CD8C
:100520004FEA410C7FEA6C5C4FEA430C18BF7FEA4C
:100530006C5C1BD001B050EA410C0CBF52EA430C7A
:1005400091EA030F02BF90EA020F0020704710F1FA
:10055000000F91EA030F58BF994208BF90422CBF89
:10056000D8176FEAE37040F0010070474FEA410C82
:100570007FEA6C5C02D150EA013C07D14FEA430CA0
:100580007FEA6C5CD6D152EA033CD3D05DF8040B11
:10059000704700BF8446104662468C461946634643
:1005A00000E000BF01B5FFF7B7FF002848BF10F11A
:1005B000000F01BD4DF808EDFFF7F4FF0CBF01205F
:1005C00000205DF808FB00BF4DF808EDFFF7EAFFDB
:1005D00034BF012000205DF808FB00BF4DF808ED96
:1005E000FFF7E0FF94BF012000205DF808FB00BF8B
:1005F0004DF808EDFFF7CEFF94BF012000205DF815
:1006000008FB00BF4DF808EDFFF7C4FF34BF012021
:1006100000205DF808FB00BF4FEA410212F500120E
:1006200015D211D56FF47873B3EB625212D94FEA39
:10063000C12343F0004343EA505311F0004F23FA23
:1006400002F018BF404270474FF00000704750EA78
:10065000013005D111F0004008BF6FF00040704735
:100660004FF00000704700BF80F0004002E000BF84
:1006700081F0004142001FBF5FEA410392EA030F8D
:100680007FEA226C7FEA236C6AD04FEA1262D2EBD7
:100690001363C1BFD218414048404140B8BF5B42DC
:1006A000192B88BF704710F0004F40F4000020F075
:1006B0007F4018BF404211F0004F41F4000121F08B
:1006C0007F4118BF494292EA030F3FD0A2F10102D5
:1006D00041FA03FC10EB0C00C3F1200301FA03F113
:1006E00000F0004302D5494260EB4000B0F5000F36
:1006F00013D3B0F1807F06D340084FEA310102F1F5
:100700000102FE2A51D2B1F1004F40EBC25008BFA6
:1007100020F0010040EA03007047490040EB000070
:10072000013A28BFB0F5000FEDD2B0FA80FCACF171
:10073000080CB2EB0C0200FA0CF0AABF00EBC2509E
:1007400052421843BCBFD0401843704792F0000F8C
:1007500081F4000106BF80F400000132013BB5E7DF
:100760004FEA41037FEA226C18BF7FEA236C21D055
:1007700092EA030F04D092F0000F08BF08467047BA
:1007800090EA010F1CBF0020704712F07F4F04D188
:10079000400028BF40F00040704712F100723CBF9B
:1007A00000F50000704700F0004343F0FE4040F4C5
:1007B000000070477FEA226216BF08467FEA236383
:1007C0000146420206BF5FEA412390EA010F40F46E
:1007D000800070474FF0000304E000BF10F00043BA
:1007E00048BF40425FEA000C08BF704743F09643A1
:1007F00001464FF000001CE050EA010208BF7047BC
:100800004FF000030AE000BF50EA010208BF704742
:1008100011F0004302D5404261EB41015FEA010C57
:1008200002BF84460146002043F0B64308BFA3F14F
:100830008053A3F50003BCFA8CF2083AA3EBC25331
:1008400010DB01FA02FC634400FA02FCC2F1200250
:10085000BCF1004F20FA02F243EB020008BF20F087
:100860000100704702F1200201FA02FCC2F12002ED
:1008700050EA4C0021FA02F243EB020008BF20EAE2
:10088000DC70704753B94AB9002908BF00281CBF63
:100890004FF0FF314FF0FF3000F088B9ADF1080C98
:1008A0006DE904CE00F006F8DDF804E0DDE902238E
:1008B00004B070472DE9F047089D8E4604468846EF
:1008C000002B4AD18A42174662D9B2FA82F64EB15B
:1008D000C6F1200301FA06F820FA03F3B74043EA11
:1008E0000808B4404FEA174E1FFA87FCB8FBFEF128
:1008F000230C0EFB118843EA084301FB0CF29A42D9
:1009000009D9FB1801F1FF3080F0EA809A4240F2E9
:10091000E78002393B449A1AA3B2B2FBFEF00EFB09
:10092000102243EA024300FB0CFC9C4509D9FB184A
:1009300000F1FF3280F0D6809C4540F2D3803B44EA
:10094000023840EA0140A3EB0C0300211DB1F34043
:100950000022C5E90032BDE8F0878B4205D90DB110
:10096000C5E9000100210846F5E7B3FA83F1002943
:1009700046D1734502D3824200F20581841A6EEBA0
:10098000030201209046002DE5D0C5E90048E2E7CA
:10099000002A00F09080B2FA82F6002E40F0A48087
:1009A0008A1A030C4FEA174E80B2BCB20121B2FB87
:1009B000FEFC0EFB1C2243EA024304FB0CF29A42AB
:1009C00007D9FB180CF1FF3802D29A4200F2E080FE
:1009D000C4469B1AB3FBFEF20EFB123340EA0343FC
:1009E00002FB04F49C4207D9FB1802F1FF3002D24B
:1009F0009C4200F2CA8002461B1B42EA0C40A5E75B
:100A0000C1F120068B4022FA06F71F430EFA01F4CB
:100A100020FA06F32EFA06FE4FEA1749234300FA9E
:100A200001F81FFA87FCBEFBF9F01C0C09FB10EE65
:100A300044EA0E4400FB0CFEA64502FA01F209D975
:100A40003C1900F1FF3A80F09C80A64540F2998065
:100A500002383C44A4EB0E041FFA83FEB4FBF9F306
:100A600009FB13444EEA044403FB0CFCA44508D9DB
:100A70003C1903F1FF3E80F08280A4457FD9023B00
:100A80003C4443EA0040A4EB0C04A0FB02EC6445A8
:100A90007346E14662D35FD05DB1B8EB030264EB0D
:100AA000090404FA06F622FA01F31E43CC40C5E914
:100AB000006400214FE7B1FBF2FC010C41EA0E415A
:100AC00080B240EA01423B4638463C46B846BE4604
:100AD0002026B1FBF7F1A2EB080241EA0C4166E7E0
:100AE000014618E710462CE7C6F120022EFA02F361
:100AF000B740B14020FA02F24FEA174E0A43B3FB67
:100B0000FEF8BCB20EFB1833110C41EA034108FB9E
:100B100004F9B04089454FEA104380B23ED97918B4
:100B200008F1FF3C01D289451FD8A1EB0901B1FBB7
:100B3000FEF909FB04F80EFB191192B242EA0142D8
:100B4000424529D2BA1809F1FF31C4D24245C2D276
:100B5000A9F102013A44BEE7F0459DD2BEEB020383
:100B60006CEB070C0138E14696E7A7EB090949440D
:100B7000A8F1020CB1FBFEF909FB04F8DBE77346B0
:100B80007FE7504666E70846FDE63B44023A33E716
:100B9000ACF1020C3B441CE749469CE7A1EB090180
:100BA000C446B1FBFEF909FB04F8C4E7704700BF77
:100BB00080B485B000AF78604FF0B0431A6E4FF04C
:100BC000B0417B6813430B664FF0B0431A6E7B68ED
:100BD0001340FB60FB6800BF1437BD4680BC704704
:100BE00080B483B000AF78604FF0B0431A6E7B687A
:100BF000DB434FF0B04113400B6600BF0C37BD46DE
:100C000080BC704780B500AF234B244A1A60224B4A
:100C10004FF000425A60204B00229A601E4B002287
:100C2000DA601D4B00221A611B4B04225A611A4BD9
:100C300000221A76184B00225A76174B00229A7619
:100C4000154B0122DA61144B002283F82020124B4D
:100C500000225A62104B00229A620F4B002283F846
:100C60002C200D4B4FF480521A630B4B07225A6312
:100C7000094B07229A63084B002283F83C20064B5D
:100C80000022DA64044801F033FE0346002B01D051
:100C900000F0F2FA00BF80BD4001002000240140B6
:100CA00080B582B000AF78607B681B68054A9342CC
:100CB00003D14FF40070FFF77BFF00BF0837BD463C
:100CC00080BD00BF0024014080B582B000AF7860D5
:100CD0007B681B68054A934203D14FF40070FFF70D
:100CE0007FFF00BF0837BD4680BD00BF0024014024
:100CF00080B400AF034B044A1A6000BFBD4680BCFD
:100D0000704700BF400100200024014080B586B03C
:100D100002AF0023FB810023BB6000F071F80346A3
:100D2000FB80304800F0A0F8B8602F4B1A882F4B9A
:100D30001B889A4226D02C4B1A882C4B1B889A422F
:100D40001CD0FB88BA6802FB03F39B08284AA2FB6D
:100D500003235B091A46254B1B88D31A642203FB25
:100D600002F2214B1B881946204B1B88CB1A92FBA1
:100D7000F3F39BB21E339BB21BB201E047F6FF7345
:100D8000FB811CE0FB88BA6803FB02F2194BA3FB52
:100D90000213D21A52081344DB0A4FF47A7202FB90
:100DA00003F3A3F53923A3F50C63134A82FB031263
:100DB0009212DB17D31A9BB21E339BB2FB81B7F999
:100DC0000E3000930D4B0122002101201DF072FD19
:100DD000FB891B02FB81B7F90E3018461037BD4660
:100DE00080BD00BF001000B0C875FF1FA875FF1FB1
:100DF0009F00EE0901011000AD8BDB68480C020872
:100E000080B582B000AF0023FB8000233B60134815
:100E100000F02AF838603B68002B02D10023FB80E9
:100E200016E00F4B1B884FF6FF7293420BD00C4B12
:100E30001B881A4640F6E44303FB02F23B68B2FB10
:100E4000F3F3FB8004E0074A3B68B2FBF3F3FB805B
:100E5000FB8818460837BD4680BD00BF002000B49F
:100E6000AA75FF1FD8084C0080B586B000AF786027
:100E700000237B6107F1080300221A605A609A6020
:100E8000FFF7C0FE1A4802F019FB0346002B01D001
:100E900000F0F2F97B68BB600023FB6000233B613C
:100EA00007F108031946124802F080F80346002BA8
:100EB00001D000F0E1F90E4801F05CFF0346002B81
:100EC00001D000F0D9F94FF0FF31094801F0CAFF15
:100ED000074801F095FF064802F05BF87861044886
:100EE00001F0CCFE7B6918461837BD4680BD00BFB7
:100EF0004001002080B582B000AF78607B681B683D
:100F00004FF4FA4202FB03F3074AA2FB03239B09B7
:100F10001946064803F0DEFB0121002003F070FFB4
:100F200000BF0837BD4680BDD34D6210F8090020D0
:100F300080B582B000AF7860044803F06DFC00F02B
:100F4000B5F800BF0837BD4680BD00BFF8090020D6
:100F500080B485B000AFF860B9607A60FB68074A7A
:100F60001A60BB68064A1A607B684FF400721A6008
:100F700000BF1437BD4680BC704700BFA4010020ED
:100F8000F801002080B485B000AF78604FF0B04326
:100F90009A6C4FF0B0417B6813438B644FF0B043C1
:100FA0009A6C7B681340FB60FB6800BF1437BD463A
:100FB00080BC704780B500AF0420FFF7E3FF01203D
:100FC000FFF7E0FF002202210F2002F0CAFB0F20F2
:100FD00002F0E1FB00BF80BD80B483B000AF786059
:100FE0004FF0B043D3F8903023F018024FF0B041E7
:100FF0007B681343C1F8903000BF0C37BD4680BCFE
:10100000704780B485B000AF78604FF0B043DA6CC1
:101010004FF0B0417B681343CB644FF0B043DA6CC0
:101020007B681340FB60FB6800BF1437BD4680BC83
:1010300070470000B0B58EB000AF01F09FFA00F02D
:1010400035F800F0BDF800F08FF8144B07F11C04E0
:101050001D460FCD0FC495E8070084E8070007F18F
:101060001C03002118460BF0C2F903460C4A13601A
:101070000C4B3C461D460FCD0FC495E8070084E895
:1010800007003B46002118460BF0B1F90346064A1B
:1010900013600BF0A5F900BFFDE700BF600C02086C
:1010A000340A00208C0C0208380A002080B59AB05F
:1010B00000AF07F120034822002118461FF0FAFC78
:1010C00007F1080300221A605A609A60DA601A6118
:1010D0005A6103F087FE0020FFF77EFF214B1B685B
:1010E00023F4C0631F4A43F4007313601D4B1B6855
:1010F00003F4C0637B607B682C233B628123FB622B
:1011000001233B6400237B64B023BB640023FB63A7
:101110000123BB630023FB6407F12003184604F09E
:1011200083F90346002B01D000F0A6F84F23BB60E3
:101130000023FB6000233B6100237B610023BB6134
:101140000023FB6107F108030221184604F008FDA3
:101150000346002B01D000F08FF800BF6837BD4672
:1011600080BD00BF0004005880B500AF124B134A89
:101170001A60114B00225A600F4B00229A600E4BEE
:101180004FF6FF725A610C4B00221A620A4B002282
:101190005A62094B00229A62074B0022DA62064B20
:1011A00000221A63044803F0CDF90346002B01D056
:1011B00000F062F800BF80BDF8090020007C00400C
:1011C00080B586B000AF3B1D00221A605A609A605D
:1011D000DA601A610220FFF714FF002220210A487A
:1011E00003F00EF920237B600123BB600023FB602A
:1011F00000233B613B1D1946034802F0D3FE00BFAC
:101200001837BD4680BD00BF0004004880B582B0DD
:1012100000AF78607B68DBB21A462021034803F0F8
:10122000EFF8002318460837BD4680BD000400488B
:1012300080B582B000AF786008F0EEFA08F0F4FAFA
:101240000A200BF020F900BFF8E780B582B000AFAC
:1012500078600120FFF7DAFF0020FFF7D7FF4FF497
:10126000FA700BF010F90120FFF7D0FF4FF4FA707D
:101270000BF009F900BFEFE780B400AF72B600BF12
:1012800000BFFDE780B400AF4FF0B043D3F890301B
:101290004FF0B04243F40043C2F8903000BFBD4667
:1012A00080BC704780B485B000AF78604FF0B04329
:1012B0009A6D4FF0B0417B6813438B654FF0B0439C
:1012C0009A6D7B681340FB60FB6800BF1437BD4616
:1012D00080BC704780B58CB000AF3B1D2C22002134
:1012E00018461FF0E7FB224B224A1A60204B1F22B0
:1012F0009A601F4B00221A611D4B00225A611C4B41
:1013000000229A611A4B4FF08042DA61184B00229A
:101310001A62174B4FF480725A62154805F0DCF8D8
:101320000346002B01D0FFF7A7FF114805F0CAFBC9
:101330000346002B01D0FFF79FFF00233B620023F1
:10134000BB600023BB614FF00053FB614FF480731F
:10135000FB623B1D00221946054805F037F903469C
:10136000002B01D0FFF788FF00BF3037BD4680BD9E
:101370003C0A00200028004080B590B000AF7860A3
:1013800007F108033822002118461FF093FB7B6801
:101390001B68164A934225D14FF48033BB604FF44B
:1013A0008073FB6307F10803184604F07BFF0346D4
:1013B000002B01D0FFF760FFFFF764FF4FF4806060
:1013C000FFF770FF00220021022002F0CAF902207C
:1013D00002F0E1F9002200212A2002F0C2F92A20BD
:1013E00002F0D9F900BF4037BD4680BD002800405B
:1013F00080B485B000AF78604FF0B0439A6D4FF085
:10140000B0417B6813438B654FF0B0439A6D7B68A6
:101410001340FB60FB6800BF1437BD4680BC7047BB
:1014200080B500AF00220F216FF0010002F099F9A2
:1014300000BF80BD80B590B000AF786007F10803B1
:101440003822002118461FF035FB7B681B68114AC3
:1014500093421AD14FF40073BB600F4BBB6207F18C
:101460000803184604F01EFF0346002B01D0FFF7C7
:1014700003FF4FF00040FFF7BBFF002205212720AC
:1014800002F06FF9272002F086F900BF4037BD4611
:1014900080BD00BF007C004004000C0080B400AFA1
:1014A00000BFFDE780B400AF00BFFDE780B400AF30
:1014B00000BFFDE780B400AF00BFFDE780B400AF20
:1014C00000BFFDE780B400AF00BFBD4680BC7047E1
:1014D00080B500AF01F072F80BF018FE0346012B47
:1014E00001D00CF009F800BF80BD000080B500AF4E
:1014F000024805F023FB00BF80BD00BF3C0A00206E
:1015000080B500AF4FF4005002F092FF00BF80BDE5
:1015100080B500AF024802F0D5FB00BF80BD00BF20
:10152000180B002080B500AF024806F069F900BF33
:1015300080BD00BF880A002080B500AF024806F0D9
:101540005FF900BF80BD00BF780B002080B500AF01
:10155000024805F0A3F900BF80BD00BF3C0A00208F
:1015600080B500AF024805F051FE00BF80BD00BF4E
:10157000740A002080B500AF024803F0B3F900BF41
:1015800080BD00BFF809002080B485B000AF78604E
:101590004FF0B0435A6E4FF0B0417B6813434B6637
:1015A0004FF0B0435A6E7B681340FB60FB6800BF8E
:1015B0001437BD4680BC704780B500AF064B08228B
:1015C0001A60054805F0A6FB0346002B01D0FFF783
:1015D00053FE00BF80BD00BF740A002080B582B0FA
:1015E00000AF78600120FFF7CFFF002200213220FA
:1015F00002F0B7F8322002F0CEF800BF0837BD463F
:1016000080BD80B483B000AF78604FF0B0439B687A
:1016100023F400424FF0B0417B6813438B6000BF5E
:101620000C37BD4680BC704780B400AF024B1B68CE
:101630001846BD4680BC70478075FF1F80B400AF60
:10164000034B1B68DBB21846BD4680BC704700BF29
:101650008475FF1F80B400AF034B1B681B0A18463C
:10166000BD4680BC704700BF8475FF1F80B500AFCA
:101670000020FFF7C6FF1EF03FF900F064F91DF0EF
:10168000DBF809481DF096F902201DF0A1F9FFF7DB
:101690002FFB00F05EF91DF08FFB012101201DF0F2
:1016A000CBFB00BF80BD00BF8118000880B400AF35
:1016B00000BFBD4680BC704780B584B002AF002338
:1016C000FB71FFF79DFB0346BB80BB8840F6B83239
:1016D000934202D9FE23FB7114E0BB88B3F5E16F9E
:1016E00002D20023FB710DE0BB88A3F5E1631A462B
:1016F0001346DB019B1A5B001A46094BA3FB02232E
:10170000DB09FB71FB790093064B012200210220CB
:101710001DF0D0F8FB7918460837BD4680BD00BFE4
:10172000B5814E1BA80C020880B582B000AF002323
:10173000FB80FFF7EBFA0346002B00DAFF331B12A6
:101740001BB2FB80FB8818460837BD4680BD90B5AC
:1017500087B000AF786000237B61FFF765FF786199
:101760007B69B3F1FF3F38D100F03AFF044600F047
:101770004BFF034623443B6100F03CFFF8603B69AC
:101780001A0E7B680733D2B21A703B691A0C7B6859
:101790000633D2B21A703B691A0A7B680533D2B29B
:1017A0001A707B6804333A69D2B21A70FB681A0E59
:1017B0007B680333D2B21A70FB681A0C7B68023361
:1017C000D2B21A70FB681A0A7B680133D2B21A705F
:1017D000FB68DAB27B681A7031E07B6807337A699C
:1017E000D2B21A707B691A0A7B680633D2B21A70B9
:1017F0007B691A0C7B680533D2B21A707B691A0EAA
:101800007B680433D2B21A70FFF718FF78617B68E7
:1018100003337A69D2B21A70FFF71CFF78617B68D4
:1018200002337A69D2B21A707B691A0A7B68013373
:10183000D2B21A707B691B0CDAB27B681A7000BFD7
:101840001C37BD4690BD90B583B000AF00237B60D0
:10185000FFF7EAFE78607B68B3F1FF3F0BD100F041
:10186000BFFE044600F0C6FE03465C4000F0CCFE1E
:10187000034663407B607B6818460C37BD4690BDCD
:1018800080B586B002AF7860396007F1080318466A
:101890001DF0BEFDBB68B7F90C200092074A10216D
:1018A000786800F01DF87868FEF76AFC03469AB283
:1018B0003B681A8000BF1037BD4680BDB40C0208DB
:1018C00080B500AF012102201DF086FA00BF80BD67
:1018D00080B500AF002102201DF07EFA00BF80BD60
:1018E0000CB480B584B000AF7860396007F11C0398
:1018F000FB603968FB68BA6978681EF089FF00BF31
:101900001037BD46BDE8804002B0704780B483B058
:1019100000AF7860002318460C37BD4680BC704786
:1019200080B500AF00F0DEF80346184680BD80B5F4
:1019300082B000AF78607B68184600F05AF900BFAB
:101940000837BD4680BD80B400AF00BFBD4680BC37
:10195000704780B400AF00231846BD4680BC704776
:1019600080B400AF00BFBD4680BC704780B483B078
:1019700000AF78607B689B6818460C37BD4680BC1A
:101980007047000080B582B000AF0023FB71144B9C
:101990001B7883F00103DBB2002B1BD0114B4FF0FF
:1019A000FF321A63FFF796FC00F056F84FF480718F
:1019B0000C4804F017FF0B4B4FF0FF321A63094835
:1019C00005F04EF8002000F0D3F900F05FF8044B6A
:1019D00001221A70FB7918460837BD4680BD00BF4A
:1019E000800A00203C0A002080B58EB000AF7860ED
:1019F000002387F8373007F108032C22002118460E
:101A00001FF058F800F028F8114B1B687A6813444F
:101A10007B6000237B627B68DB43FB600023FB6110
:101A20004FF000533B624FF480733B6307F10803B0
:101A300001221946074804F0C9FD0346002B01D0D6
:101A4000FFF71AFC97F8373018463837BD4680BD87
:101A5000840A00203C0A002080B582B000AF002339
:101A6000FB71084B0122DA654FF48071064804F0DF
:101A7000B9FE054B4FF0FF321A63FB791846083761
:101A8000BD4680BD002800403C0A002080B500AF64
:101A900000F08EF90346034A1360024B1B68184698
:101AA00080BD00BF840A002080B400AF024B1B68D9
:101AB0001846BD4680BC7047840A002080B582B0BD
:101AC00000AF00237B6000F073F90246044B1B68F3
:101AD000D31A7B607B6818460837BD4680BD00BFBF
:101AE000840A002080B582B000AF00237B60064BE3
:101AF0001B78002B02D000F05BF978607B681846F9
:101B00000837BD4680BD00BF800A002080B483B086
:101B100000AF00237B6003237B607B6818460C3793
:101B2000BD4680BC7047B0B584B000AF786000217E
:101B3000F960796800200A460346950D94024FF437
:101B40007A724FF0000320462946FEF79BFE0246BC
:101B50000B461346FB60FB6818461037BD46B0BD08
:101B60002DE9B00F85B000AF78600021F960796889
:101B700000200C460546204629464FF0000A4FF04B
:101B8000000B4FEA411B4BEAD06B4FEA401A50461C
:101B90005946021B61EB05034FF000004FF00001B6
:101BA000990041EA9271900002460B4612EB04083C
:101BB00043EB05094FF000024FF000034FEAC90361
:101BC00043EA58734FEAC802904699464046494650
:101BD0004FF000024FF00003820A42EA81528B0A62
:101BE0001346FB60FB6818461437BD46BDE8B00FCE
:101BF000704780B584B000AF78607868FFF793FFD6
:101C0000F86000F0D5F8B86000E000BF00F0D0F850
:101C10000246BB68D31AFA689A42F6D800BF00BFE2
:101C20001037BD4680BD80B582B000AF78601DF032
:101C3000B1FF00BF0837BD4680BD80B584B000AF9E
:101C4000786000F0A5F8F860FB680133184600F0F2
:101C50008FF800BF1037BD4680BD2DE9B04F8CB066
:101C600000AF78610023FB6200F0A2F8B86200F0D8
:101C70008FF878627B6A0022BB60FA604FF0000246
:101C80004FF00003B9680B000022B96A00200C462F
:101C9000054612EB040843EB0509C7E90689D7E9B5
:101CA00006014FF000024FF00003820A42EA81521F
:101CB0008B0A1346FB62BB6900223B607A603B687B
:101CC000C3F3090A4FF0000BC7E906ABBB6918461E
:101CD000FFF746FF03469AB27B691A80FB6A1846F3
:101CE0003037BD46BDE8B08F80B582B000AF7860B8
:101CF0007A680021034804F045FF00BF0837BD465D
:101D000080BD00BF3C0A002080B582B000AF786083
:101D10007A680121034804F035FF00BF0837BD464B
:101D200080BD00BF3C0A002080B582B000AF002318
:101D30007B600021044804F03DFF78607B68184612
:101D40000837BD4680BD00BF3C0A002080B582B088
:101D500000AF00237B600121044804F02BFF786072
:101D60007B6818460837BD4680BD00BF3C0A00208E
:101D700080B582B000AF78607A680221034804F031
:101D800001FF00BF0837BD4680BD00BF3C0A0020F0
:101D900080B582B000AF0221044804F00BFF7860E8
:101DA0007B6818460837BD4680BD00BF3C0A00204E
:101DB00080B500AF0348FFF7D9FD0346DB43184663
:101DC00080BD00BF0028004080B485B000AF7860BF
:101DD0004FF0B043DA6C4FF0B0417B681343CB64F3
:101DE0004FF0B043DA6C7B681340FB60FB6800BFC8
:101DF0001437BD4680BC704780B485B000AF7860B2
:101E00004FF0B0439A6D4FF0B0417B6813438B6540
:101E10004FF0B0439A6D7B681340FB60FB6800BFD6
:101E20001437BD4680BC704780B483B000AF786083
:101E30004FF0B0439A6D7B68DB434FF0B0411340E5
:101E40008B6500BF0C37BD4680BC704780B485B041
:101E500000AF78604FF0B0431A6E4FF0B0417B682E
:101E600013430B664FF0B0431A6E7B681340FB6060
:101E7000FB6800BF1437BD4680BC704780B483B098
:101E800000AF78604FF0B0431A6E7B68DB434FF0D1
:101E9000B04113400B6600BF0C37BD4680BC704795
:101EA00080B500AF224B234A1A60214B4FF4E13238
:101EB0005A601F4B00229A601D4B0022DA601C4BB7
:101EC00000221A611A4B0C225A61194B00229A61A6
:101ED000174B0022DA61164B00221A62144B0022C3
:101EE0005A62134B00229A62114805F050FB0346D8
:101EF000002B01D0FFF7C0F900210D4807F0A1FB2E
:101F00000346002B01D0FFF7B7F90021084807F07E
:101F1000D6FB0346002B01D0FFF7AEF9044807F0CB
:101F200055FB0346002B01D0FFF7A6F900BF80BD8B
:101F3000880A00200038014080B596B000AF786074
:101F400007F1440300221A605A609A60DA601A614D
:101F500007F10C033822002118461EF0ABFD7B6808
:101F60001B685D4A934256D10123FB605B4B3B618A
:101F700007F10C03184604F095F90346002B01D035
:101F8000FFF77AF94FF48040FFF760FF0220FFF778
:101F90001BFFC0237B640223BB640023FB64032379
:101FA0003B6507237B6507F1440319464C4801F064
:101FB000F9FF4C4B4C4A1A604A4B12225A60494B6B
:101FC00010229A60474B0022DA60464B80221A6149
:101FD000444B00225A61434B00229A61414B00223C
:101FE000DA61404B00221A623E4801F0F1FB0346E1
:101FF000002B01D0FFF740F97B683A4A9A67394ACB
:102000007B68936200220221242001F0AAFB242095
:1020100001F0C1FB5BE07B681B68344A934256D1F8
:102020000223FB60324B7B6107F10C03184604F07E
:1020300039F90346002B01D0FFF71EF94FF40030A9
:10204000FFF7DAFE0120FFF7BFFE0C237B640223BB
:10205000BB640023FB6403233B6507237B6507F117
:10206000440319464FF0904001F09CFF214B1E4A5B
:102070001A60204B14225A601E4B10229A601D4B8E
:102080000022DA601B4B80221A611A4B00225A612F
:10209000184B00229A61174B0022DA61154B00227F
:1020A0001A62144801F094FB0346002B01D0FFF79D
:1020B000E3F87B680F4A9A670E4A7B6893620022B6
:1020C0000221252001F04DFB252001F064FB00BF1B
:1020D0005837BD4680BD00BF0038014001000300F5
:1020E00000040048180B0020580002400044004043
:1020F00004000C00080C002080B582B000AF7860AE
:102100007B681B68164A934210D14FF48040FFF75A
:10211000B5FEC021134802F0A5F87B689B6F1846F6
:1021200001F0FEFB242001F044FB15E07B681B68F6
:102130000D4A934210D14FF40030FFF775FE0C2189
:102140004FF0904002F08EF87B689B6F184601F0CC
:10215000E7FB252001F02DFB00BF0837BD4680BD01
:1021600000380140000400480044004080B483B0BF
:1021700000AF78604FF0B0431A6C4FF0B0417B680D
:1021800013430B6400BF0C37BD4680BC704780B45E
:1021900083B000AF78604FF0B0431A6C7B68DB43CC
:1021A0004FF0B04113400B6400BF0C37BD4680BCFC
:1021B0007047000080B483B000AF7860064BD3F85E
:1021C000802005497B681343C1F8803000BF0C377D
:1021D000BD4680BC704700BF0008005880B582B083
:1021E00000AF7860074A7B681360FEF7E3FEFFF7F5
:1021F00057FE4FF00060FFF7DDFF00231846083759
:10220000BD4680BD6C0C002080B500AF4FF480400F
:10221000FFF7ACFF4FF48040FFF7B9FF0448FFF72A
:102220006BFF0F2001F0C5FA0023184680BD00BFE8
:10223000880A002080B582B000AF78600B467B80B2
:102240007B881A467968044805F048FA0023184646
:102250000837BD4680BD00BF880A002080B584B025
:1022600000AF7860194A7B6813604FF40013BB60BD
:1022700007F1080393E80600154807F01AF900BFB4
:10228000134B1B68DB6903F48033B3F5803FF7D051
:1022900000BF0F4B1B68DB6903F48003B3F5800FAD
:1022A000F7D10B4B1B689A68094B1B6842F48002FC
:1022B0009A60074807F058F901220649044805F0DA
:1022C000B7F9002318461037BD4680BD700C0020BA
:1022D000880A0020680C002080B582B000AF7860CA
:1022E000034B1B680020984700BF0837BD4680BDE0
:1022F0006C0C002080B582B000AF78600B4B1B687F
:10230000002B0AD07B68D3F88C30002B05D1074B0B
:102310001B68002201210648984701220449786879
:1023200005F086F900BF0837BD4680BD700C00205F
:10233000680C00200D488546FFF712FB0C480D493C
:102340000D4A002302E0D458C4500433C4188C4210
:10235000F9D30A4A0A4C002301E013600432A24276
:10236000FBD31EF0C1FBFEF765FEFEE700800020F8
:1023700000000020240100209C34020824010020D9
:10238000B4480020FEE780B485B000AF78604FF01D
:10239000B043DA6C4FF0B0417B681343CB644FF02D
:1023A000B043DA6C7B681340FB60FB6800BF1437F6
:1023B000BD4680BC7047000080B588B000AF0346C2
:1023C000FB7107F10C0300221A605A609A60DA6010
:1023D0001A610220FFF7D7FF2023FB6001233B6136
:1023E00000237B610223BB61FB790B4A52F8233047
:1023F00007F10C021146184601F0D4FDFB79064A9C
:1024000052F8233020210122184601F0F9FF002361
:1024100018462037BD4680BD0400002080B485B03A
:1024200000AF78604FF0B043DA6C4FF0B0417B689A
:102430001343CB644FF0B043DA6C7B681340FB600E
:10244000FB6800BF1437BD4680BC704780B586B0BE
:1024500000AF3B1D00221A605A609A60DA601A6170
:102460000120FFF7DBFF10237B600123BB6000230B
:10247000FB6003233B613B1D19464FF0904001F088
:1024800091FD20237B603B1D19464FF0904001F0E9
:1024900089FD002220214FF0904001F0B1FF002281
:1024A00010214FF0904001F0ABFF00231846183781
:1024B000BD4680BD80B582B000AF0346FB71FB799D
:1024C000032B3FD801A252F823F000BFDD240008FF
:1024D000F7240008112500082B25000800221021F0
:1024E0004FF0904001F08CFF002220214FF09040EF
:1024F00001F086FF27E0012210214FF0904001F00B
:102500007FFF002220214FF0904001F079FF1AE078
:10251000012210214FF0904001F072FF0122202192
:102520004FF0904001F06CFF0DE0002210214FF0C1
:10253000904001F065FF012220214FF0904001F012
:102540005FFF00E000BF002318460837BD4680BD8E
:1025500080B400AF02231846BD4680BC704780B4EB
:1025600000AF01231846BD4680BC704780B400AF61
:1025700001231846BD4680BC7047000080B582B07C
:1025800000AF0023FB71032001F0E0F803F0ACFC86
:102590000346094A13600F20FFF7B8F90346002BE2
:1025A00002D00123FB7101E0FEF73AFFFB791846E8
:1025B0000837BD4680BD00BF0000002080B400AFDA
:1025C000054B1B781A46054B1B681344034A1360DE
:1025D00000BFBD4680BC70470C000020740C00207A
:1025E00080B400AF024B1B681846BD4680BC7047E4
:1025F0009075FF1F80B400AF024B1B681846BD46A4
:1026000080BC70479475FF1F80B400AF024B1B68FD
:102610001846BD4680BC70479875FF1F80B483B0D4
:1026200000AF786039607B681B6823F0E0723B681C
:102630001A437B681A6000BF0C37BD4680BC7047E8
:1026400080B483B000AF78607B681B6803F0E073F0
:1026500018460C37BD4680BC704780B485B000AFCB
:10266000F860B9607A60FB685A69BB6803F00403DC
:10267000072101FA03F3DB431A40BB6803F00403AC
:10268000796801FA03F31A43FB685A6100BF1437F3
:10269000BD4680BC704780B483B000AF78607B6873
:1026A000DB6803F44063002B01D1012300E0002329
:1026B00018460C37BD4680BC704780B485B000AF6B
:1026C000F860B9607A60FB689A6ABB6803F01F0320
:1026D0000F2101FA03F3DB431A407B689B0E03F0E2
:1026E0000F01BB6803F01F0301FA03F31A43FB68F1
:1026F0009A6200BF1437BD4680BC704780B483B077
:1027000000AF786039607B689A6A3B68C3F3110355
:102710001A437B689A6200BF0C37BD4680BC704785
:1027200080B483B000AF786039607B689A6A3B6898
:10273000C3F31103DB431A407B689A6200BF0C3776
:10274000BD4680BC704780B485B000AFF860B9600A
:102750007A60FB685A69BB681B02DB431A40BB689E
:1027600019027B680B4023F07C4323F0FF031A43DC
:10277000FB685A6100BF1437BD4680BC704780B407
:1027800083B000AF78607B689B6823F0104323F030
:10279000170343F080527B689A6000BF0C37BD4638
:1027A00080BC704780B483B000AF78607B689B6862
:1027B00023F0104323F017037A68936000BF0C37AF
:1027C000BD4680BC704780B483B000AF78607B6842
:1027D0009B6803F08053B3F1805F01D1012300E0D7
:1027E000002318460C37BD4680BC704780B483B0C8
:1027F00000AF78607B689B6823F0004323F01703E9
:1028000043F001027B689A6000BF0C37BD4680BC74
:10281000704780B483B000AF78607B689B6823F01A
:10282000004323F0170343F002027B689A6000BF65
:102830000C37BD4680BC704780B483B000AF786071
:102840007B689B6803F00103012B01D1012300E0A9
:10285000002318460C37BD4680BC704780B483B057
:1028600000AF78607B689B6803F00203022B01D104
:10287000012300E0002318460C37BD4680BC70479A
:1028800080B483B000AF78607B689B6823F000431E
:1028900023F0170343F004027B689A6000BF0C37F3
:1028A000BD4680BC704780B483B000AF78607B6861
:1028B0009B6823F0004323F0170343F010027B686A
:1028C0009A6000BF0C37BD4680BC704780B483B0AF
:1028D00000AF78607B689B6803F00403042B01D190
:1028E000012300E0002318460C37BD4680BC70472A
:1028F00080B588B000AF78600023FB770023BB6110
:1029000000237B610023BB607B68002B01D1012386
:10291000AEE17B681B69002B7B689B6D002B09D1A6
:102920007868FEF7BDF97B680022DA657B680022D3
:1029300083F854207B681B681846FFF744FF034662
:10294000002B15D17B681B681846FFF718FF9B4BBF
:102950001B689B099A4AA2FB03239B0901335B0076
:10296000BB6002E0BB68013BBB60BB68002BF9D1D8
:102970007B681B681846FFF726FF0346002B0DD126
:102980007B689B6D43F010027B689A657B68DB6D0A
:1029900043F001027B68DA650123FB777B681B68E3
:1029A0001846FFF793FFF8607B689B6D03F01003F8
:1029B000002B40F05481FB68002B40F050817B6875
:1029C0009B6D23F4817343F002027B689A657B68F8
:1029D0001B681846FFF730FF0346002B4FD17B687A
:1029E0001B68DB6823F018017B689A687B681B68AA
:1029F0000A43DA607B685B6803F040427B68DB6C0B
:102A000013437A6913437B617B6893F83C30012B55
:102A100011D17B685B6803F040427B681B6C1A43F2
:102A20007B685B6C1A437B689B6C1A437B6913431E
:102A300043F001037B617B681B681A69614B13409B
:102A40007A68126879690B4313617B685B68B3F13C
:102A5000404F14D07B685B68B3F1804F0FD07B6828
:102A60005B68B3F1004F0AD0574B1B6823F4701218
:102A70007B685B6803F47013534913430B607B68F6
:102A80001B7E9A037B685B7EDB031A437B689B7E1D
:102A90005B0313437A68126B002A02D04FF4805212
:102AA00000E000221A437B68DB681A437B681B69DD
:102AB000002B04DA7B681B6923F0004301E04FF42C
:102AC00000131A437B6893F82C305B001343BA69F8
:102AD0001343BB617B6893F82030012B14D17B68D2
:102AE0009B7E002B04D1BB6943F48033BB610BE0B8
:102AF0007B689B6D43F020027B689A657B68DB6D89
:102B000043F001027B68DA657B685B6A002B09D0C1
:102B10007B685B6A03F4E0727B689B6A1343BA6963
:102B20001343BB617B681B68DB6823F4FE3323F42B
:102B3000F3737A681268B9690B43D3607B681B68CA
:102B40001A69224B13407A68126879690B43136142
:102B50007B6818687B685B6B1A460021FFF77DFD78
:102B60007B6818687B689B6B1A461949FFF775FDEF
:102B70007B681B69002B08D17B681B689A6A7B689D
:102B80001B6862F00F029A6244E07B681B69B3F530
:102B9000001F3FD100233B610CE07B681A6E3B694C
:102BA0009B0022FA03F303F00F030F2B12D03B69B3
:102BB00001333B613B69072BEFD90CE0000000209B
:102BC000632D3E0502FCFF1F0827014002FCFFDFCA
:102BD00004FFFF0300BF3B69012B08D17B681B6822
:102BE0009A6A7B681B6862F00F029A6212E07B6847
:102BF0001B689B6A7B68DB69013B9B0003F01C033D
:102C00006FF00F0202FA03F17B681A6E7B681B6893
:102C10000A439A627B681B68DA68174B1340BA69EB
:102C20009A420BD17B680022DA657B689B6D23F0AA
:102C3000030343F001027B689A6518E07B689B6D93
:102C400023F0120343F010027B689A657B68DB6D0A
:102C500043F001027B68DA650123FB7707E07B68BC
:102C60009B6D43F010027B689A650123FB77FB7F25
:102C700018462037BD4680BDE7FF3F8380B584B04E
:102C800000AF78607B68002B01D101236AE07B688C
:102C90009B6D43F002027B689A65786800F0BEFA8B
:102CA0000346FB73FB7B002B0FD1786800F082FB9F
:102CB0000346FB73FB7B002B02D17B6801229A65E4
:102CC0007B681B681846FFF76DFD7B681B685B68B7
:102CD0007A68126823F4677323F0030353607B68F8
:102CE0001B6840F29F321A607B681B68D9687B685A
:102CF0001A681E4B0B40D3607B681B681A697B689F
:102D00001B6822F040421A617B681B685A697B6825
:102D10001B6822F007025A617B681B681A6A7B688D
:102D20001B6802F0F0221A627B681B689B6A7B6852
:102D30001B6800229A620E4B1B680D4A23F0FE733B
:102D400013607868FDF7C0FF7B6800221A667B6815
:102D50000022DA657B6800229A657B68002283F88E
:102D60005420FB7B18461037BD4680BD00023E83D1
:102D70000827014080B584B000AF78607B681B688D
:102D80001846FFF7A3FD0346002B32D17B6893F86A
:102D90005430012B01D102232EE07B68012283F8FD
:102DA0005420786800F080FA0346FB73FB7B002B0D
:102DB0001AD17B689B6D23F4706323F0010343F405
:102DC00080727B689A657B680022DA657B681B6885
:102DD0001C221A607B68002283F854207B681B68E1
:102DE0001846FFF74DFD06E07B68002283F854206B
:102DF00001E00223FB73FB7B18461037BD4680BD04
:102E000080B584B000AF78607B6893F85430012BB4
:102E100001D1022322E07B68012283F854207868E4
:102E200000F0FCF90346FB73FB7B002B11D17868A3
:102E300000F0C0FA0346FB73FB7B002B09D17B68D3
:102E40009B6D23F4807323F0010343F001027B6840
:102E50009A657B68002283F85420FB7B1846103764
:102E6000BD4680BD80B584B000AF786039607B68B6
:102E70005B69082B02D10823FB6010E07B681B68AC
:102E8000DB6803F00103002B07D07B689B6D43F0E8
:102E900020027B689A65012377E00423FB60FEF73C
:102EA0003FFDB86021E03B68B3F1FF3F1DD0FEF766
:102EB00037FD0246BB68D31A3A689A4202D33B6890
:102EC000002B12D17B681B681A68FB681340002B2B
:102ED0000BD17B689B6D43F004027B689A657B682D
:102EE000002283F8542003234FE07B681B681A6894
:102EF000FB681340002BD6D07B689B6D43F40072B7
:102F00007B689A657B681B681846FFF7C4FB03461D
:102F1000002B31D07B689B7E002B2DD17B681B68FA
:102F20001B6803F00803082B26D17B681B68184632
:102F3000FFF7CCFC0346002B12D17B681B685A6854
:102F40007B681B6822F00C025A607B689B6D23F43F
:102F5000807323F0010343F001027B689A650BE064
:102F60007B689B6D43F020027B689A657B68DB6D14
:102F700043F001027B68DA657B681B7E002B03D17E
:102F80007B681B680C221A60002318461037BD4668
:102F900080BD80B483B000AF78607B681B681B6C19
:102FA00018460C37BD4680BC7047000080B588B01D
:102FB00000AF786039600023FB770023BB607B683B
:102FC0001B69B3F1004F7B6893F85430012B01D19A
:102FD000022310E17B68012283F854207B681B6880
:102FE0001846FFF773FC0346002B40F0F7803B6860
:102FF0005B68022B00F0B1807B681B69B3F1004F66
:1030000004D07B681B697E4A934208D17B681A68AA
:103010003B681B6819461046FFF770FB41E07B6870
:103020001A6E3B685B6803F01F030F2101FA03F37C
:10303000DB431A403B681B68C3F31103002B05D127
:103040003B681B689B0E03F01F0311E03B681B6885
:103050003B613B6993FAA3F3FB60FB687B617B698F
:10306000002B01D1202303E07B69B3FA83F3DBB2A9
:103070003968496801F01F018B401A437B681A6662
:103080003B685B689B085A1C7B68DB699A4208D8DE
:103090007B6818683B6859683B681B681A46FFF7ED
:1030A0000CFB7B6818683B6819683B689B681A468C
:1030B000FFF749FB3B681B68002B80F29780514863
:1030C000FFF7BEFAB8613B681B684F4A934220D1B4
:1030D000BB6903F40003002B1BD1BB6943F400035D
:1030E00019464848FFF79AFA484B1B689B09484A1B
:1030F000A2FB03239B095A1C13465B0013449B004D
:10310000BB6002E0BB68013BBB60BB68002BF9D130
:103110006CE03B681B683F4A93420CD1BB6903F0EB
:103120008073002B07D1BB6943F080731946354883
:10313000FFF774FA5AE03B681B68374A934255D14F
:10314000BB6903F48003002B50D1BB6943F48003B7
:1031500019462C48FFF762FA48E07B681B69B3F117
:10316000004F04D07B681B69254A934207D17B68D6
:103170001A683B681B6819461046FFF7D1FA3B688E
:103180001B68002B32DA1F48FFF75AFAB8613B6818
:103190001B681D4A934207D1BB6923F400031946FB
:1031A0001848FFF73BFA21E03B681B68194A934235
:1031B00007D1BB6923F0807319461248FFF72EFA36
:1031C00014E03B681B68144A93420FD1BB6923F497
:1031D000800319460B48FFF721FA07E07B689B6DD7
:1031E00043F020027B689A650123FB777B6800220D
:1031F00083F85420FB7F18462037BD4680BD00BFB2
:103200000400008008270140001000B000000020EA
:10321000632D3E05004000B8002000B480B584B0A6
:1032200000AF78607B681B681846FFF74FFB0346CA
:10323000002B33D07B681B681846FFF70FFB034653
:10324000002B04D17B681B681846FFF72CFBFEF7A8
:1032500067FBF8601BE0FEF763FB0246FB68D31ACE
:10326000022B14D97B681B689B6803F00403002BB6
:103270000DD07B689B6D43F010027B689A657B687C
:10328000DB6D43F001027B68DA65012307E07B68B0
:103290001B689B6803F00403002BDCD10023184655
:1032A0001037BD4680BD000080B584B000AF7860A7
:1032B0000023BB607B681B681846FFF7BDFA034616
:1032C000002B69D17B681B689A68364B1340002B32
:1032D0000DD07B689B6D43F010027B689A657B681C
:1032E000DB6D43F001027B68DA65012355E07B6802
:1032F0001B681846FFF77AFA2B48FFF7A1F9034637
:1033000003F40003002B0FD0284B1B689B09284AAD
:10331000A2FB03239B090133BB6002E0BB68013BB6
:10332000BB60BB68002BF9D17B685B7E012B33D07F
:10333000FEF7F6FAF86028E07B681B681846FFF78E
:103340007BFA0346002B04D17B681B681846FFF705
:103350004DFAFEF7E5FA0246FB68D31A022B14D9A0
:103360007B681B681B6803F00103012B0DD07B6891
:103370009B6D43F010027B689A657B68DB6D43F0C0
:1033800001027B68DA65012307E07B681B681B6824
:1033900003F00103012BCFD1002318461037BD469F
:1033A00080BD00BF170000800827014000000020FA
:1033B000632D3E0580B584B000AF78607B681B68E4
:1033C0001846FFF74BFAF8607B681B681846FFF752
:1033D00033FA0346002B47D0FB68002B44D17B68AF
:1033E0001B689B6803F00503012B0CD17B681B68ED
:1033F0001846FFF70EFA7B681B6803221A60FEF777
:103400008FFAB86029E07B689B6D43F010027B68FF
:103410009A657B68DB6D43F001027B68DA65012306
:1034200023E0FEF77DFA0246BB68D31A022B14D9BB
:103430007B681B689B6803F00103002B0DD07B6841
:103440009B6D43F010027B689A657B68DB6D43F0EF
:1034500001027B68DA65012307E07B681B689B68D3
:1034600003F00103002BDCD1002318461037BD46C2
:1034700080BD80B483B000AF78607B689B6803F048
:103480000103012B01D1012300E0002318460C3772
:10349000BD4680BC704780B483B000AF78607B6865
:1034A0009B6803F00043B3F1004F01D1012300E01A
:1034B000002318460C37BD4680BC704780B586B0E7
:1034C00000AF78600023FB607B6893F85430012BD9
:1034D00001D1022368E07B68012283F854207868D8
:1034E000FFF768FF0346FB757B681B681846FFF70C
:1034F000C0FF0346002B4CD17B689B6D23F4817386
:1035000043F002027B689A657B681B68DB6803F006
:1035100003033B617B681B68DA687B681B6822F0E9
:103520000302DA607B681B689A687B681B6842F05C
:1035300000429A6014E0FB680133FB60FB68B3F55E
:103540002E3F0DD37B689B6D23F0120343F01002D6
:103550007B689A657B68002283F85420012323E06E
:103560007B681B681846FFF796FF0346002BE2D1E5
:103570007B681B68D9687B681B683A690A43DA6014
:103580007B689B6D23F0030343F001027B689A651F
:1035900005E07B689B6D43F010027B689A657B6851
:1035A000002283F85420FB7D18461837BD4680BDA5
:1035B00080B485B000AF78607B6803F00703FB60E0
:1035C0000C4BDB68BB60BA684FF6FF031340BB606F
:1035D000FB681A02BB68134343F0BF6343F4003334
:1035E000BB60044ABB68D36000BF1437BD4680BCD3
:1035F000704700BF00ED00E080B400AF044BDB6813
:103600001B0A03F007031846BD4680BC704700BF85
:1036100000ED00E080B483B000AF0346FB7197F982
:103620000730002B0BDBFB7903F01F02064997F9EB
:1036300007305B09012000FA02F241F8232000BFA5
:103640000C37BD4680BC704700E100E080B483B019
:1036500000AF0346FB7197F90730002B12DBFB79B3
:1036600003F01F020A4997F907305B09012000FAAD
:1036700002F2203341F82320BFF34F8F00BFBFF386
:103680006F8F00BF00BF0C37BD4680BC704700BFC6
:1036900000E100E080B483B000AF03463960FB7105
:1036A00097F90730002B0ADB3B68DAB20C4997F92F
:1036B00007301201D2B20B4483F800230AE03B68C2
:1036C000DAB20849FB7903F00F03043B1201D2B2CE
:1036D0000B441A7600BF0C37BD4680BC704700BF54
:1036E00000E100E000ED00E080B489B000AFF860D8
:1036F000B9607A60FB6803F00703FB61FB69C3F103
:103700000703042B28BF0423BB61FB690433062B8A
:1037100002D9FB69033B00E000237B614FF0FF32DD
:10372000BB6902FA03F3DA43BB681A407B699A402B
:103730004FF0FF317B6901FA03F3D9437B680B40FB
:10374000134318462437BD4680BC704780B582B00D
:1037500000AF78607868FFF72BFF00BF0837BD46E1
:1037600080BD80B586B000AF0346B9607A60FB7358
:10377000FFF742FF78617A68B9687869FFF7B4FFAC
:10378000024697F90F3011461846FFF783FF00BF36
:103790001837BD4680BD80B582B000AF0346FB71CF
:1037A00097F907301846FFF735FF00BF0837BD46C9
:1037B00080BD80B582B000AF0346FB7197F907303A
:1037C0001846FFF743FF00BF0837BD4680BD000025
:1037D00080B582B000AF78607B68002B01D10123F7
:1037E0008EE07B681B681A46474B9A420FD87B686D
:1037F0001B681A46454B1344454AA2FB03231B0989
:103800009A007B685A647B68424A1A640EE07B68BF
:103810001B681A46404B13443D4AA2FB03231B0975
:103820009A007B685A647B683C4A1A647B6802226F
:1038300083F825207B681B681B687A68126823F46C
:10384000FF4323F0700313607B681B6819687B6873
:103850009A687B68DB681A437B681B691A437B683C
:103860005B691A437B689B691A437B68DB691A436F
:103870007B681B6A1A437B681B680A431A60786876
:1038800000F024FB7B689B68B3F5804F02D17B6816
:1038900000225A607B685A687B689B6C02F07F024A
:1038A0001A607B68DB6C7A68126D5A607B685B68B3
:1038B000002B10D07B685B68042B0CD8786800F074
:1038C0004DFB7B685B6D00221A607B689B6D7A689C
:1038D000D26D5A6008E07B6800225A657B6800223E
:1038E0009A657B680022DA657B680022DA637B6870
:1038F000012283F825207B68002283F824200023FE
:1039000018460837BD4680BD07040240F8FFFDBFDA
:10391000CDCCCCCC00000240F8FBFDBF000402403F
:1039200080B582B000AF78607B68002B01D10123A5
:103930007BE07B681B681A687B681B6822F00102C9
:103940001A607B681B681A463A4B9A420FD87B680C
:103950001B681A46384B1344384AA2FB03231B0941
:103960009A007B685A647B68354A1A640EE07B686B
:103970001B681A46334B1344304AA2FB03231B092E
:103980009A007B685A647B682F4A1A647B681B68BC
:1039900000221A607B685B6C03F01C027B681B6C66
:1039A000012101FA02F25A60786800F08FFA7B6810
:1039B0009B6C00221A607B68DB6C7A68126D5A601F
:1039C0007B685B68002B0FD07B685B68042B0BD88F
:1039D000786800F0C3FA7B685B6D00221A607B6830
:1039E0009B6D7A68D26D5A607B6800225A657B684D
:1039F00000229A657B680022DA657B680022DA6221
:103A00007B6800221A637B6800225A637B6800226D
:103A10009A637B680022DA637B68002283F82520A2
:103A20007B68002283F82420002318460837BD460F
:103A300080BD00BF07040240F8FFFDBFCDCCCCCC59
:103A400000000240F8FBFDBF0004024080B586B0D4
:103A500000AFF860B9607A603B600023FB75FB68DB
:103A600093F82430012B01D1022369E0FB68012285
:103A700083F82420FB6893F82530DBB2012B55D165
:103A8000FB68022283F82520FB680022DA63FB68CA
:103A90001B681A68FB681B6822F001021A603B6809
:103AA0007A68B968F86800F0D3F9FB681B6B002BE3
:103AB00008D0FB681B681A68FB681B6842F00E029E
:103AC0001A600FE0FB681B681A68FB681B6822F02D
:103AD00004021A60FB681B681A68FB681B6842F0E6
:103AE0000A021A60FB689B6C1B6803F48033002B8E
:103AF00007D0FB689B6C1A68FB689B6C42F4807271
:103B00001A60FB685B6D002B07D0FB685B6D1A6861
:103B1000FB685B6D42F480721A60FB681B681A6870
:103B2000FB681B6842F001021A6008E0FB68802213
:103B3000DA63FB68002283F824200123FB75FB7DF8
:103B400018461837BD4680BD80B483B000AF78609A
:103B50007B68002B01D101234FE07B6893F825306F
:103B6000DBB2022B08D07B680422DA637B68002278
:103B700083F82420012340E07B681B681A687B6877
:103B80001B6822F00E021A607B689B6C1A687B68C7
:103B90009B6C22F480721A607B681B681A687B68D1
:103BA0001B6822F001021A607B685B6C03F01C0248
:103BB0007B681B6C012101FA02F25A607B68DB6CA6
:103BC0007A68126D5A607B685B6D002B0CD07B6845
:103BD0005B6D1A687B685B6D22F480721A607B688B
:103BE0009B6D7A68D26D5A607B68012283F825202C
:103BF0007B68002283F82420002318460C37BD463A
:103C000080BC704780B584B000AF78600023FB7340
:103C10007B6893F82530DBB2022B05D07B68042249
:103C2000DA630123FB7347E07B681B681A687B68D3
:103C30001B6822F00E021A607B681B681A687B689A
:103C40001B6822F001021A607B689B6C1A687B6813
:103C50009B6C22F480721A607B685B6C03F01C0220
:103C60007B681B6C012101FA02F25A607B68DB6CF5
:103C70007A68126D5A607B685B6D002B0CD07B6894
:103C80005B6D1A687B685B6D22F480721A607B68DA
:103C90009B6D7A68D26D5A607B68012283F825207B
:103CA0007B68002283F824207B689B6B002B03D069
:103CB0007B689B6B78689847FB7B18461037BD463E
:103CC00080BD000080B584B000AF78607B681B6C5D
:103CD0001B68FB607B681B681B68BB607B685B6C58
:103CE00003F01C0304229A40FB681340002B27D0EA
:103CF000BB6803F00403002B22D07B681B681B68A1
:103D000003F02003002B07D17B681B681A687B68CF
:103D10001B6822F004021A607B685B6C03F01C02D3
:103D20007B681B6C042101FA02F25A607B681B6BF2
:103D3000002B00F081807B681B6B786898477BE0E4
:103D40007B685B6C03F01C0302229A40FB68134003
:103D5000002B3DD0BB6803F00203002B38D07B68FA
:103D60001B681B6803F02003002B0BD17B681B68CA
:103D70001A687B681B6822F00A021A607B680122BD
:103D800083F825207B681B681A462E4B9A4209D976
:103D90007B685B6C03F01C032B4A022101FA03F3DE
:103DA000536008E07B685B6C03F01C03274A022128
:103DB00001FA03F353607B68002283F824207B68B8
:103DC000DB6A002B38D07B68DB6A7868984733E081
:103DD0007B685B6C03F01C0308229A40FB6813406D
:103DE000002B2AD0BB6803F00803002B25D07B688A
:103DF0001B681A687B681B6822F00E021A607B68D9
:103E00005B6C03F01C027B681B6C012101FA02F25F
:103E10005A607B680122DA637B68012283F82520DF
:103E20007B68002283F824207B685B6B002B04D026
:103E30007B685B6B7868984700BF00BF1037BD4652
:103E400080BD00BF8000024000040240000002402C
:103E500080B485B000AFF860B9607A603B60FB6801
:103E6000DB6CFA68126D5A60FB685B6D002B04D046
:103E7000FB689B6DFA68D26D5A60FB685B6C03F05F
:103E80001C02FB681B6C012101FA02F25A60FB68FC
:103E90001B683A685A60FB689B68102B08D1FB6866
:103EA0001B687A689A60FB681B68BA68DA6007E08A
:103EB000FB681B68BA689A60FB681B687A68DA60FE
:103EC00000BF1437BD4680BC7047000080B485B089
:103ED00000AF78607B681B681A461C4B9A4213D867
:103EE0007B685B6C9B089B0003F1804303F5023306
:103EF0007A6893647B681B68DBB2083B144AA2FBB8
:103F000003231B09FB6011E07B685B6C9B089A0034
:103F1000104B13447A6893647B681B68DBB2083BE0
:103F20000B4AA2FB03231B090733FB607B680A4A89
:103F3000DA64FB6803F01F0301229A407B681A656C
:103F400000BF1437BD4680BC704700BF0704024065
:103F5000CDCCCCCC1C0802408008024080B485B097
:103F600000AF78607B685B6803F07F03FB60FA68F2
:103F70000A4B13449B001A467B685A657B68084AC3
:103F80009A65FB68013B03F0030301229A407B68BA
:103F9000DA6500BF1437BD4680BC70473F82001011
:103FA0004009024080B487B000AF786039600023D8
:103FB0007B6140E13B681A6801217B6901FA03F3E8
:103FC0001340FB60FB68002B00F032813B685B68AC
:103FD00003F00303012B05D03B685B6803F0030388
:103FE000022B30D17B689B683B617B695B000322BD
:103FF00002FA03F3DB433A6913403B613B68DA683A
:104000007B695B0002FA03F33A6913433B617B6807
:104010003A699A607B685B683B6101227B6902FABE
:1040200003F3DB433A6913403B613B685B681B0960
:1040300003F001027B6902FA03F33A6913433B611F
:104040007B683A695A603B685B6803F00303032BA3
:1040500017D07B68DB683B617B695B00032202FA57
:1040600003F3DB433A6913403B613B689A687B6921
:104070005B0002FA03F33A6913433B617B683A69D8
:10408000DA603B685B6803F00303022B23D17B6992
:10409000DA087B68083253F822303B617B6903F011
:1040A00007039B000F2202FA03F3DB433A69134034
:1040B0003B613B681A697B6903F007039B0002FAC6
:1040C00003F33A6913433B617B69DA087B68083282
:1040D000396943F822107B681B683B617B695B0090
:1040E000032202FA03F3DB433A6913403B613B6866
:1040F0005B6803F003027B695B0002FA03F33A6931
:1041000013433B617B683A691A603B685B6803F460
:104110004033002B00F08C804E4A7B699B080233B1
:1041200052F823303B617B6903F003039B000722B5
:1041300002FA03F3DB433A6913403B617B68B3F156
:10414000904F0DD07B68444A934207D07B68434A26
:10415000934201D1022304E0072302E0012300E09F
:1041600000237A6902F00302920093403A691343F4
:104170003B6138497B699B0802333A6941F8232047
:10418000374BD3F880303B61FB68DB433A6913401F
:104190003B613B685B6803F48033002B03D03A69D2
:1041A000FB6813433B612E4A3B69C2F880302C4BBD
:1041B000D3F884303B61FB68DB433A6913403B61D1
:1041C0003B685B6803F40033002B03D03A69FB685B
:1041D00013433B61224A3B69C2F88430204B1B6881
:1041E0003B61FB68DB433A6913403B613B685B68BA
:1041F00003F48013002B03D03A69FB6813433B613F
:10420000174A3B691360164B5B683B61FB68DB43F5
:104210003A6913403B613B685B6803F40013002B71
:1042200003D03A69FB6813433B610D4A3B69536015
:104230007B6901337B613B681A687B6922FA03F36F
:10424000002B7FF4B7AE00BF00BF1C37BD4680BC5B
:10425000704700BF0000014000040048000800480B
:104260000008005880B487B000AF78603960002340
:104270007B61AFE001227B6902FA03F33A681340E5
:104280003B613B69002B00F0A280594A7B699B0887
:10429000023352F82330FB607B6903F003039B0079
:1042A000072202FA03F3FA681340FB607B68B3F15C
:1042B000904F0DD07B684F4A934207D07B684E4A9F
:1042C000934201D1022304E0072302E0012300E02E
:1042D00000237A6902F0030292009340FA689A423E
:1042E00036D1464BD3F880203B69DB43434913402A
:1042F000C1F88030414BD3F884203B69DB433F4910
:104300001340C1F884303D4B1A683B69DB433B499D
:1043100013400B60394B5A683B69DB433749134004
:104320004B607B6903F003039B00072202FA03F34F
:10433000FB602F4A7B699B08023352F82310FB680D
:10434000DA432B487B699B080A40023340F823205C
:104350007B681A687B695B00032101FA03F31A4347
:104360007B681A607B69DA087B68083253F8221090
:104370007B6903F007039B000F2202FA03F3DB4380
:104380007A69D20819407B68083243F822107B68AA
:104390009A687B695B00032101FA03F3DB431A404F
:1043A0007B689A607B685A6801217B6901FA03F394
:1043B000DB431A407B685A607B68DA687B695B0084
:1043C000032101FA03F3DB431A407B68DA607B695F
:1043D00001337B613A687B6922FA03F3002B7FF497
:1043E00049AF00BF00BF1C37BD4680BC704700BF4F
:1043F0000000014000040048000800480008005880
:1044000080B483B000AF78600B467B8013467B702E
:104410007B78002B03D07A887B689A6102E07A88E7
:104420007B689A6200BF0C37BD4680BC70470000B5
:1044300080B582B000AF0346FB80084BDA68FB888A
:104440001340002B06D0054AFB88D360FB88184632
:1044500005F064FA00BF0837BD4680BD000800586B
:1044600080B483B000AF78604FF0B043D3F88820B9
:104470007B681B0C1B04DB431A407B681B044FF05A
:10448000B0411343C1F8883000BF0C37BD4680BC33
:10449000704780B483B000AF78604FF0B043D3F87A
:1044A00088207B6813401A0C7B68134318460C372E
:1044B000BD4680BC704780B483B000AF78604FF0D9
:1044C000B0439A6B4FF0B0417B6813438B6300BFDE
:1044D0000C37BD4680BC704780B483B000AF7860B5
:1044E0004FF0B043DA6B4FF0B0417B681343CB63BE
:1044F00000BF0C37BD4680BC704780B483B000AFAE
:1045000078604FF0B0439A6B7B68DB434FF0B0416B
:1045100013408B6300BF0C37BD4680BC704780B42E
:1045200083B000AF78604FF0B043DA6B7B68DB4359
:104530004FF0B0411340CB6300BF0C37BD4680BC89
:104540007047000080B584B000AF78607B68002BB6
:1045500001D10123B6E07B685B68012B7B6893F88F
:104560003A30DBB2002B06D17B68002283F8392079
:104570007868FCF75FFF7B68022283F83A207B684B
:104580001B681A697B681B6842F001021A617B682C
:104590001B684FF480725A607B681B687A68526BA4
:1045A0009A624FF48071786800F0C2FA0346032BD8
:1045B00001D1032386E0786800F0EAFA786800F019
:1045C000AAFA0346032B01D103237BE07B681B6817
:1045D000DB68FB607B685B68012B04D07B689B6AAF
:1045E000B3F5000F03D1FB6823F01E03FB607B686B
:1045F0005B694FF6FF72934205D0FB6823F460437A
:1046000023F0C003FB60FA68304B1340FB607B680B
:104610005A687B689B681A437B681B6A1A437B68ED
:104620005B6A1A437B689B6A1343FA681343FB6017
:104630007B685B68002B07D17B68DA697B681B6944
:104640001343FA681343FB607B685B68012B04D05B
:104650007B689B6AB3F5000F07D17B68DA687B68DB
:104660001B691343FA681343FB607B685B694FF671
:10467000FF7293420AD07B685A697B689B691A4330
:104680007B68DB691343FA681343FB607B681B6834
:10469000FA68DA607B681B680D4A934208D17B6830
:1046A000D96A7B681A6B7B681B680A431A6204E04C
:1046B0007B681B687A68D26A1A627B68012283F879
:1046C0003A20002318461037BD4680BDFEF119FF81
:1046D000007C004080B582B000AF786039607B68B4
:1046E000022283F83A207B681B68484A934208D12B
:1046F000474BD3F88030464A43F00053C2F880302D
:1047000015E07B681B68434A934208D1404BD3F8BD
:1047100080303F4A43F08043C2F8803007E03C4B92
:10472000D3F880303A4A43F00043C2F880307B68C7
:104730005B68012B0CD07B689B6AB3F5000F07D137
:104740007B681B68DA687B681B6822F46062DA6049
:104750007B681B681A697B681B6842F001021A615A
:104760007B681B6810225A607B681B683A689A61F4
:104770001021786800F0DCF90346032B01D10323F4
:104780003FE0786800F004FA786800F0C4F9034666
:10479000032B01D1032334E07B681B689A687B6894
:1047A0001B6842F010029A607B681B689A687B68FD
:1047B0001B6842F002029A607B681B689A687B68FB
:1047C0001B6842F480729A607B681B689A687B68F9
:1047D0001B6842F080029A607B681B681A697B68DC
:1047E0001B6842F001021A617B681B681A697B68CA
:1047F0001B6842F004021A617B68012283F83A20A8
:10480000002318460837BD4680BD00BF007C00402D
:10481000000800580094004080B582B000AF786076
:104820007B68022283F83A207B681B682A4A9342FD
:1048300008D12A4BD3F88030284A23F00053C2F81D
:10484000803015E07B681B68254A934208D1234BD2
:10485000D3F88030214A23F08043C2F8803007E04B
:104860001E4BD3F880301D4A23F00043C2F880303D
:10487000786800F08DF9786800F04DF90346032B55
:1048800001D1032324E07B681B689A687B681B685E
:1048900022F010029A607B681B689A687B681B682C
:1048A00022F002029A607B681B689A687B681B682A
:1048B00022F480729A607B681B689A687B681B6828
:1048C00022F080029A607B68012283F83A2000235C
:1048D00018460837BD4680BD007C004000080058DF
:1048E0000094004080B582B000AF78607B681B68A0
:1048F0001B6803F00103012B0DD17B681B689B68CB
:1049000003F00103012B06D17B681B6801225A606A
:10491000786800F0AFF87B681B681B6803F002033F
:10492000022B0DD17B681B689B6803F00203022BEE
:1049300006D17B681B6802225A60786800F0A3F8F1
:104940007B681B681B6803F00403042B0DD17B6894
:104950001B689B6803F00403042B06D17B681B686B
:1049600004225A60786800F097F87B681B681B681F
:1049700003F00803082B0DD17B681B689B6803F0CC
:104980000803082B06D17B681B6808225A607868E8
:1049900000F08BF87B681B681B6803F01003102B7A
:1049A0000DD17B681B689B6803F01003102B06D1A8
:1049B0007B681B6810225A60786800F07FF87B687B
:1049C0001B681B6803F02003202B0DD17B681B683C
:1049D0009B6803F02003202B06D17B681B682022F4
:1049E0005A60786800F073F87B681B681B6803F0F6
:1049F0004003402B0DD17B681B689B6803F040038C
:104A0000402B06D17B681B6840225A60786800F012
:104A100067F87B681B681B6803F08003802B0DD14F
:104A20007B681B689B6803F08003802B06D17B6842
:104A30001B6880225A60786800F05BF87B681B680E
:104A40001B6803F48073B3F5807F0FD17B681B680C
:104A50009B6803F48073B3F5807F07D17B681B6884
:104A60004FF480725A60786800F04CF800BF083745
:104A7000BD4680BD80B483B000AF786000BF0C3706
:104A8000BD4680BC704780B483B000AF786000BF83
:104A90000C37BD4680BC704780B483B000AF7860EF
:104AA00000BF0C37BD4680BC704780B483B000AFF8
:104AB000786000BF0C37BD4680BC704780B483B0BF
:104AC00000AF786000BF0C37BD4680BC704780B433
:104AD00083B000AF786000BF0C37BD4680BC704724
:104AE00080B483B000AF786000BF0C37BD4680BC97
:104AF000704780B483B000AF786000BF0C37BD460C
:104B000080BC704780B483B000AF786000BF0C37C2
:104B1000BD4680BC704780B483B000AF78607B68CE
:104B200093F83A30DBB218460C37BD4680BC70476C
:104B300080B485B000AF786039600023FB73124BFE
:104B40001B68124AA2FB03239B0B4FF47A7202FBF1
:104B500003F3BB60BB68013BBB60BB68002B01D1AA
:104B60000323FB737B681B681A683B6813403A6831
:104B70009A4202D0BB68002BECD1FB7B184614375D
:104B8000BD4680BC704700BF000000205917B7D158
:104B900080B58AB000AF786000237B6272B600BF38
:104BA0007B681B688C4A934215D08B4A934218D875
:104BB0008A4A934203D08A4A934206D011E04FF4C6
:104BC0004020FFF766FC78620CE04FF44010FFF7DE
:104BD00060FC786206E04FF44000FFF75AFC786210
:104BE00000E000BF7B681B689B683B627B681B68BA
:104BF000DB68FB617B681B685B69BB617B681B686A
:104C00009B697B617B681B681B6A3B617B681B68D7
:104C10009B6AFB607B681B686F4A934219D06E4A9F
:104C200093421DD86D4A934203D06D4A934209D0F6
:104C300016E04FF00040FFF73EFC4FF00040FFF75A
:104C40005CFC0EE02020FFF747FC2020FFF767FC0C
:104C500007E04020FFF740FC4020FFF760FC00E049
:104C600000BFBB69002B06D17B69002B03D1FB6819
:104C7000002B00F097807B681B68574A934213D043
:104C8000554A934215D8554A934203D0544A934209
:104C900005D00EE04FF44020FFF7E2FB0AE04FF4AE
:104CA0004010FFF7DDFB05E04FF44000FFF7D8FBB5
:104CB00000E000BFBB69002B1AD07B681B681A6933
:104CC0007B681B6842F001021A617B681B68BA6945
:104CD0005A6108217868FFF72BFF0346032B03D1A5
:104CE0007B68032283F83A207B681B6808225A609D
:104CF0007B69002B1AD07B681B681A697B681B686C
:104D000042F001021A617B681B687A699A6110217E
:104D10007868FFF70DFF0346032B03D17B6803225E
:104D200083F83A207B681B6810225A60FB68002BCE
:104D30001CD07B681B681A697B681B6842F0010203
:104D40001A617B681B68FA689A624FF48071786810
:104D5000FFF7EEFE0346032B03D17B68032283F8A3
:104D60003A207B681B684FF480725A607B681B682E
:104D7000194A934211D0184A934212D8174A9342C3
:104D800003D0174A934204D00BE0786AFFF768FB20
:104D900008E0786AFFF764FB04E0786AFFF760FBDD
:104DA00000E000BF7B681B681A697B681B6822F003
:104DB00001021A617B681B683A6A9A607B681B680B
:104DC000FA69DA607B681B683A691A6262B600BFEA
:104DD00000BF2837BD4680BD00980040007C0040E1
:104DE0000094004080B400AF044B1B68034A43F4B6
:104DF0008073136000BFBD4680BC7047000400583C
:104E000080B582B000AF78600B46FB707B68002BEA
:104E10000CD1134B5B6903F40073B3F5007F0DD124
:104E200000F03CF80346002B08D015E00C4B5B6902
:104E300003F40073002B01D100F022F8094B1B6929
:104E4000084A23F004031361FB78012B01D130BF22
:104E500002E040BF20BF20BF0837BD4680BD00BF75
:104E60000004005800ED00E080B400AF034B1B6865
:104E700003F4C0631846BD4680BC70470004005868
:104E800080B400AF044B1B68034A43F480431360B3
:104E900000BFBD4680BC70470004005880B483B09A
:104EA00000AF164B1B68154A23F480431360144B64
:104EB0001B68322202FB03F3124AA2FB03239B0C62
:104EC0007B6002E07B68013B7B600C4B5B6903F419
:104ED0000073B3F5007F02D17B68002BF2D1074B42
:104EE0005B6903F40073B3F5007F01D1032300E095
:104EF000002318460C37BD4680BC7047000400589C
:104F00000000002083DE1B4380B400AF064B1B680B
:104F100003F48073B3F5807F01D1012300E0002307
:104F20001846BD4680BC70470004005880B400AFEE
:104F30004FF0B0431B684FF0B04243F400131360CE
:104F400000BFBD4680BC704780B400AF4FF0B04397
:104F50001B684FF0B04223F40013136000BFBD463E
:104F600080BC704780B400AF4FF0B0431B6803F4BF
:104F70008013B3F5801F01D1012300E00023184600
:104F8000BD4680BC704780B400AF4FF0B0431B6893
:104F90004FF0B04243F48033136000BFBD4680BC85
:104FA000704780B400AF4FF0B0431B684FF0B04281
:104FB00023F48033136000BFBD4680BC704780B4CB
:104FC00000AF4FF0B0431B6803F40033B3F5003F6C
:104FD00001D1012300E000231846BD4680BC704784
:104FE00080B400AF4FF0B0431B684FF0B04243F4C1
:104FF0008073136000BFBD4680BC704780B400AFB3
:105000004FF0B0431B684FF0B04223F4807313603D
:1050100000BFBD4680BC704780B400AF4FF0B043C6
:105020001B6803F48063B3F5806F01D1012300E0B6
:1050300000231846BD4680BC704780B483B000AFE3
:1050400078604FF0B0435B6823F0FE427B681B063C
:105050004FF0B04113434B6000BF0C37BD4680BCDE
:10506000704780B400AF4FF0B043D3F8903003F0F6
:105070000203022B01D1012300E000231846BD46A4
:1050800080BC704780B400AF4FF0B043D3F8943089
:105090004FF0B04243F00103C2F8943000BFBD4668
:1050A00080BC704780B400AF4FF0B043D3F8943069
:1050B0004FF0B04223F00103C2F8943000BFBD4668
:1050C00080BC704780B400AF4FF0B043D3F8943049
:1050D00003F00203022B01D1012300E00023184654
:1050E000BD4680BC704780B400AF4FF0B0431B6832
:1050F0004FF0B04243F00103136000BFBD4680BCD7
:10510000704780B400AF4FF0B0431B684FF0B0421F
:1051100023F00103136000BFBD4680BC704780B41C
:1051200000AF4FF0B0431B6803F00203022B01D124
:10513000012300E000231846BD4680BC704780B4C0
:1051400000AF4FF0B0431B6803F00803082B01D1F8
:10515000012300E000231846BD4680BC704780B4A0
:1051600000AF4FF0B0431B6803F0F0031846BD4694
:1051700080BC704780B400AF4FF0B043D3F8943098
:1051800003F470631846BD4680BC704780B483B09A
:1051900000AF78604FF0B0435B6823F47F427B68D8
:1051A0001B024FF0B04113434B6000BF0C37BD46AC
:1051B00080BC704780B483B000AF78604FF0B043DC
:1051C0009B6823F003024FF0B0417B6813438B6070
:1051D00000BF0C37BD4680BC704780B400AF4FF0B5
:1051E000B0439B6803F00C031846BD4680BC704773
:1051F00080B483B000AF78604FF0B0439B6823F079
:10520000F0024FF0B0417B6813438B6000BF0C3756
:10521000BD4680BC704780B483B000AF78604FF06B
:10522000B043D3F8083123F00F027B681B094FF01D
:10523000B0411343C1F8083100BF0C37BD4680BCF4
:10524000704780B483B000AF78604FF0B0439B6884
:1052500023F4E0624FF0B0417B6813438B6000BFE2
:105260000C37BD4680BC704780B483B000AF786017
:105270004FF0B0439B6823F460524FF0B0417B681D
:1052800013438B6000BF0C37BD4680BC704780B4B1
:1052900000AF4FF0B0439B6803F0F0031846BD46E3
:1052A00080BC704780B400AF4FF0B043D3F80831F2
:1052B0001B0103F0F0031846BD4680BC704780B464
:1052C00000AF4FF0B0439B6803F4E0631846BD465F
:1052D00080BC704780B400AF4FF0B0439B6803F4CC
:1052E00060531846BD4680BC704780B400AF4FF095
:1052F000B0431B684FF0B04243F08073136000BFAF
:10530000BD4680BC704780B400AF4FF0B0431B680F
:105310004FF0B04223F08073136000BFBD4680BCE5
:10532000704780B400AF4FF0B0431B6803F00073C8
:10533000B3F1007F01D1012300E000231846BD46F0
:1053400080BC704780B400AF4FF0B043DB681B0AED
:1053500003F07F031846BD4680BC704780B400AFA1
:105360004FF0B043DB6803F060431846BD4680BC95
:10537000704780B400AF4FF0B043DB6803F07003B8
:105380001846BD4680BC704780B400AF4FF0B043B4
:10539000DB6803F003031846BD4680BC704780B449
:1053A00000AF4FF0B0439B6803F48033B3F5803F08
:1053B00001D1012300E000231846BD4680BC7047A0
:1053C00080B400AF4FF0B043D3F8083103F480331A
:1053D000B3F5803F01D1012300E000231846BD460C
:1053E00080BC704780B400AF4FF0B0439B6803F4BB
:1053F0000033B3F5003F01D1012300E0002318463C
:10540000BD4680BC704780B400AF4FF0B0439B688E
:1054100003F48023B3F5802F01D1012300E00023A2
:105420001846BD4680BC704780B588B000AF786034
:105430007B68002B01D101238BE3FFF7CEFEF861DF
:10544000FFF7A2FFB8617B681B6803F02003002B05
:1054500000F0C980FB69002B05D0FB690C2B7BD1C8
:10546000BB69012B78D1FFF75AFE0346002B05D00C
:105470007B681B6A002B01D101236AE37B689A6A6F
:105480004FF0B0431B6803F00803002B05D04FF02A
:10549000B0431B6803F0F00306E04FF0B043D3F8CD
:1054A00094301B0903F0F003934222D27B689B6A7D
:1054B000184600F051FD0346002B01D0012348E3BC
:1054C0004FF0B0431B684FF0B04243F00803136045
:1054D0004FF0B0431B6823F0F0027B689B6A4FF0EB
:1054E000B04113430B607B685B6A1846FFF74EFEC2
:1054F00021E04FF0B0431B684FF0B04243F0080387
:1055000013604FF0B0431B6823F0F0027B689B6A86
:105510004FF0B04113430B607B685B6A1846FFF79E
:1055200035FE7B689B6A184600F016FD0346002B8B
:1055300001D001230DE300F0D7FC0346A14A13601C
:10554000A14B1B681846FCF7E1F90346FB74FB7C92
:10555000002B47D0FB7CFCE27B681B6A002B2CD025
:10556000FFF7C1FDFCF7DCF9786108E0FCF7D8F93A
:1055700002467B69D31A022B01D90323E9E2FFF724
:10558000CEFD0346002BF1D04FF0B0431B684FF027
:10559000B04243F0080313604FF0B0431B6823F0A0
:1055A000F0027B689B6A4FF0B04113430B607B684D
:1055B0005B6A1846FFF7EAFD15E0FFF7A2FDFCF76E
:1055C000AFF9786108E0FCF7ABF902467B69D31AC2
:1055D000022B01D90323BCE2FFF7A1FD0346002BF8
:1055E000F1D100E000BF7B681B6803F00103002BD2
:1055F0005FD0FB69082B05D0FB690C2B0DD1BB6973
:10560000032B0AD1FFF7DBFC0346002B50D07B684D
:105610005B68002B4CD101239BE24FF0B0431B6829
:1056200023F480127B689B684FF0B04113430B60FA
:105630007B685B68B3F5803F02D1FFF7A4FC0DE007
:105640007B685B68B3F5041F04D1FFF76FFCFFF7BD
:105650009AFC03E0FFF7A5FCFFF776FC7B685B682C
:10566000002B12D0FCF75CF9786108E0FCF758F9E0
:1056700002467B69D31A642B01D9032369E2FFF741
:105680009EFC0346002BF1D013E0FCF749F978614A
:1056900008E0FCF745F902467B69D31A642B01D96F
:1056A000032356E2FFF78BFC0346002BF1D100E009
:1056B00000BF7B681B6803F00203002B4BD0FB6923
:1056C000042B05D0FB690C2B13D1BB69022B10D125
:1056D000FFF7A2FC0346002B05D07B681B69002B5B
:1056E00001D1012335E27B685B691846FFF7A5FC11
:1056F00031E07B681B69002B19D0FFF771FCFCF7C8
:105700000FF9786108E0FCF70BF902467B69D31AC0
:10571000022B01D903231CE2FFF77EFC0346002B7A
:10572000F1D07B685B691846FFF787FC13E0FFF751
:1057300065FCFCF7F5F8786108E0FCF7F1F8024643
:105740007B69D31A022B01D9032302E2FFF764FC21
:105750000346002BF1D17B681B6803F00803002B84
:105760006FD07B689B69002B57D04FF0B043D3F8C4
:105770009430FB607B68DA69FB6803F010039A429F
:1057800036D0FB6803F00203002B06D0FB6803F061
:105790000103002B01D10123DBE1FB6803F00103CE
:1057A000002B18D0FFF77EFCFCF7BAF878610DE00B
:1057B000FCF7B6F802467B69D31A112B06D90323EE
:1057C000C7E100BF0000002008000020FFF77AFCBE
:1057D0000346002BECD14FF0B043D3F8943023F0C4
:1057E00010027B68DB694FF0B0411343C1F894307D
:1057F000FFF748FCFCF794F8786108E0FCF790F8B4
:1058000002467B69D31A112B01D90323A1E1FFF7CB
:1058100059FC0346002BF1D013E0FFF743FCFCF7E3
:105820007FF8786108E0FCF77BF802467B69D31AC1
:10583000112B01D903238CE1FFF744FC0346002B15
:10584000F1D17B681B6803F00403002B00F0D880C3
:10585000FFF75AFB0346002B13D1FFF7C3FAFCF7FF
:105860005FF8786108E0FCF75BF802467B69D31AC1
:10587000022B01D903236CE1FFF746FB0346002B03
:10588000F1D07B68DB68002B7BD07B68DB68852BE5
:1058900003D07B68DB68052B09D14FF0B043D3F808
:1058A00090304FF0B04243F00403C2F89030FCF760
:1058B00037F878614FF0B043D3F890304FF0B042F2
:1058C00043F00103C2F890300AE0FCF729F80246E1
:1058D0007B69D31A41F28832934201D9032338E11C
:1058E000FFF7BFFB0346002BEFD07B68DB68812B03
:1058F00003D07B68DB68852B21D1FCF711F8786138
:105900004FF0B043D3F890304FF0B04243F08003F3
:10591000C2F890300AE0FCF703F802467B69D31A1C
:1059200041F28832934201D9032312E14FF0B04390
:10593000D3F8903003F40063002BECD060E0FBF769
:10594000EFFF78614FF0B043D3F890304FF0B042A2
:1059500023F08003C2F890300AE0FBF7E1FF024633
:105960007B69D31A41F28832934201D90323F0E0D4
:105970004FF0B043D3F8903003F40063002BECD128
:105980003EE0FBF7CDFF78614FF0B043D3F89030A5
:105990004FF0B04223F08003C2F890300AE0FBF7EA
:1059A000BFFF02467B69D31A41F28832934201D984
:1059B0000323CEE04FF0B043D3F8903003F40063FC
:1059C000002BECD1FBF7ACFF78614FF0B043D3F87C
:1059D00090304FF0B04223F00103C2F890300AE05B
:1059E000FBF79EFF02467B69D31A41F2883293424D
:1059F00001D90323ADE0FFF734FB0346002BEFD1C1
:105A00007B68DB6A002B00F0A380FB690C2B76D04F
:105A10007B68DB6A022B4BD1FFF775FCFBF780FF3D
:105A2000786108E0FBF77CFF02467B69D31A0A2BFA
:105A300001D903238DE0FFF774FC0346002BF1D15D
:105A40004FF0B043DA68454B13407A68116B7A68BF
:105A5000526B11437A68926B120211437A68D26BCF
:105A600011437A68126C11437A68526C0A434FF002
:105A7000B0411343CB60FFF738FC4FF0B043DB6815
:105A80004FF0B04243F08053D360FBF749FF786199
:105A900008E0FBF745FF02467B69D31A0A2B01D9C0
:105AA000032356E0FFF73DFC0346002BF1D04FE007
:105AB000FFF729FC4FF0B043DB684FF0B04223F012
:105AC0000303D3604FF0B043DB684FF0B04223F0E4
:105AD000885323F48033D360FBF722FF786108E01A
:105AE000FBF71EFF02467B69D31A0A2B01D9032359
:105AF0002FE0FFF716FC0346002BF1D128E07B686E
:105B0000DB6A012B01D1012323E04FF0B043DB68B6
:105B1000BB61BB6903F003027B681B6B9A4215D122
:105B2000BB6903F070027B685B6B9A420ED1BB6964
:105B300003F4FE427B689B6B1B029A4206D1BB6951
:105B400003F060427B685B6C9A4201D0012300E065
:105B5000002318462037BD4680BD00BF8C80C11190
:105B600080B584B000AF786039607B68002B01D1CC
:105B700001230FE1894B1B6803F007033A689A423F
:105B80001BD9864B1B6823F0070284493B681343EB
:105B90000B60FBF7C5FEF86008E0FBF7C1FE0246AC
:105BA000FB68D31A022B01D90323F3E07B4B1B685C
:105BB00003F007033A689A42EFD17B681B6803F051
:105BC0000203002B16D07B689B681846FFF710FB7A
:105BD000FBF7A6FEF86008E0FBF7A2FE0246FB68B2
:105BE000D31A022B01D90323D4E0FFF7D8FB0346D5
:105BF000002BF1D07B681B6803F04003002B16D00C
:105C00007B685B691846FFF706FBFBF789FEF860C7
:105C100008E0FBF785FE0246FB68D31A022B01D988
:105C20000323B7E0FFF7CCFB0346002BF1D07B68E2
:105C30001B6803F00403002B16D07B68DB68184652
:105C4000FFF7FFFAFBF76CFEF86008E0FBF768FE71
:105C50000246FB68D31A022B01D903239AE0FFF70F
:105C6000C1FB0346002BF1D07B681B6803F00803DF
:105C7000002B17D07B681B69DB001846FFF7F4FA8E
:105C8000FBF74EFEF86008E0FBF74AFE0246FB68B1
:105C9000D31A022B01D903237CE0FFF7B4FB0346A0
:105CA000002BF1D07B681B6803F00103002B43D06D
:105CB0007B685B68022B06D1FFF781F90346002B56
:105CC0001ED1012366E07B685B68032B06D1FFF7DA
:105CD00028FB0346002B13D101235BE07B685B6844
:105CE000002B06D1FFF71BFA0346002B08D1012336
:105CF00050E0FFF791F90346002B01D1012349E061
:105D00007B685B681846FFF755FAFBF709FEF860F9
:105D10000AE0FBF705FE0246FB68D31A41F288321F
:105D2000934201D9032335E0FFF757FA02467B6817
:105D30005B689B009A42ECD1184B1B6803F0070389
:105D40003A689A421BD2154B1B6823F0070213498D
:105D50003B6813430B60FBF7E3FDF86008E0FBF7DB
:105D6000DFFD0246FB68D31A022B01D9032311E0A1
:105D70000A4B1B6803F007033A689A42EFD100F020
:105D8000B3F80346064A1360064B1B681846FBF738
:105D9000BDFD034618461037BD4680BD0040005883
:105DA000000000200800002090B587B000AF00235D
:105DB0007B6100233B61FFF710FAB860FFF7E4FA5C
:105DC0007860BB68002B05D0BB680C2B39D17B6891
:105DD000012B36D1FFF7B3F90346002B15D1FFF79E
:105DE000AEF90346012B06D1FFF7B9F903461B0AAA
:105DF00003F00F0305E0FFF7BDF903461B0A03F0AC
:105E00000F03364A52F8233014E0FFF798F903469F
:105E1000012B06D1FFF7A3F903461B0903F00F037B
:105E200005E0FFF7A7F903461B0903F00F032B4A10
:105E300052F823303B61BB68002B15D13B697B6175
:105E400012E0BB68042B02D1254B7B610CE0BB68E0
:105E5000082B09D1FFF786F80346012B02D1204B0E
:105E60007B6101E01F4B7B61FFF7B7F903460C2B09
:105E70002FD1FFF789FA78607B68022B03D07B680B
:105E8000032B03D00DE0164BFB600DE0FFF76AF823
:105E90000346012B02D1124BFB6005E0114BFB6066
:105EA00002E03B69FB6000BFFFF74CFA0246FB686B
:105EB00003FB02F4FFF75DFA03461B090133B4FB51
:105EC000F3F4FFF74BFA03465B0F0133B4FBF3F334
:105ED0007B617B6918461C37BD4690BD1C2B0208B0
:105EE0000024F4000048E80198B500AFFFF75CFF1C
:105EF0000446FFF7CCF903461B0903F00F03034ADE
:105F000052F82330B4FBF3F3184698BDBC2A0208BC
:105F100098B500AFFFF7E8FF0446FFF7D0F9034656
:105F20001B0A034A52F8233024FA03F3184698BD9B
:105F3000FC2A020898B500AFFFF7D6FF0446FFF72A
:105F4000C9F90346DB0A034A52F8233024FA03F363
:105F5000184698BDFC2A020890B585B000AF78605D
:105F60007B681B0903F00F03104A52F82330FB60D3
:105F7000FFF798F903461B0903F00F030C4A52F888
:105F80002330FA68B2FBF3F3BB60BB68094AA2FB9B
:105F900003239C0CFEF768FF03461946204600F0D9
:105FA0000BF8034618461437BD4690BD1C2B02085B
:105FB000BC2A020883DE1B4380B58EB000AF786038
:105FC00039603A4A07F1200392E80300186004336D
:105FD0001980374A07F1180392E803001860043368
:105FE0001980344A07F10C0307CA83E8070000232D
:105FF0007B633B68B3F5007F1BD100233B6314E058
:106000003B6B5B0038333B4433F8183C1A467B68E3
:10601000934207D83B6B9B0038333B4453F82C3CEE
:106020007B6321E03B6B01333B633B6B022BE7D986
:106030001AE00023FB6214E0FB6A5B0038333B4448
:1060400033F8203C1A467B68934207D8FB6A9B00D2
:1060500038333B4453F82C3C7B6305E0FB6A013347
:10606000FB62FB6A022BE7D9134B1B6823F0070284
:1060700011497B6B13430B60FBF752FCB86208E0DD
:10608000FBF74EFC0246BB6AD31A022B01D903234D
:1060900007E0094B1B6803F007037A6B9A42EFD1C4
:1060A000002318463837BD4680BD00BFC00C02082B
:1060B000C80C0208D00C02080040005880B400AFA1
:1060C0004FF0B043D3F8903003F00203022B01D11C
:1060D000012300E000231846BD4680BC704780B411
:1060E00083B000AF78604FF0B043D3F888207B686E
:1060F0001B0CDB431A407B689BB24FF0B04113434B
:10610000C1F8883000BF0C37BD4680BC704780B4F2
:1061100083B000AF78604FF0B043D3F8883023F4F9
:1061200040724FF0B0417B681343C1F8883000BF24
:106130000C37BD4680BC704780B483B000AF786038
:106140004FF0B043D3F8883023F440624FF0B041B1
:106150007B681343C1F8883000BF0C37BD4680BC54
:10616000704780B483B000AF78604FF0B043D3F88D
:1061700088207B681B0903F47F23DB431A407B687C
:106180001B0103F47F234FF0B0411343C1F8883063
:1061900000BF0C37BD4680BC704780B483B000AFF1
:1061A00078604FF0B043D3F888207B681B0C1B0449
:1061B000DB431A407B681B044FF0B0411343C1F826
:1061C000883000BF0C37BD4680BC704780B483B0B8
:1061D00000AF78604FF0B043D3F8883023F04042EE
:1061E0004FF0B0417B681343C1F8883000BF0C37D3
:1061F000BD4680BC704780B483B000AF78604FF07C
:10620000B043D3F8883023F040524FF0B0417B6860
:106210001343C1F8883000BF0C37BD4680BC7047BF
:1062200080B483B000AF78604FF0B043D3F89030C3
:1062300023F440724FF0B0417B681343C1F89030B3
:1062400000BF0C37BD4680BC704780B400AF4FF034
:10625000B043D3F8903003F440731846BD4680BC79
:10626000704780B400AF4FF0B043D3F890304FF098
:10627000B04243F48033C2F8903000BFBD4680BCCA
:10628000704780B400AF4FF0B043D3F890304FF078
:10629000B04223F48033C2F8903000BFBD4680BCCA
:1062A0007047000080B586B000AF786000237B6146
:1062B0000023FB740023BB747B681B6803F48033EA
:1062C000002B58D0FEF78EFDFBF72AFBF86009E0A3
:1062D000FBF726FB0246FB68D31A022B02D90323E5
:1062E000FB7406E07B4B1B6803F48073B3F5807F7F
:1062F000EED1FB7C002B3CD1FFF7A7FF02467B6869
:106300005B6B9A420FD04FF0B043D3F8903023F438
:1063100040737B61FFF7A5FFFFF7B3FF4FF0B0427B
:106320007B69C2F890307B6903F00203002B14D024
:10633000FBF7F6FAF8600BE0FBF7F2FA0246FB68AF
:10634000D31A41F28832934202D90323FB7404E04A
:10635000FFF7B4FE0346012BEED1FB7C002B05D1E9
:106360007B685B6B1846FFF75BFF04E0FB7CBB744C
:1063700001E0FB7CBB747B681B6803F00103002B0E
:1063800004D07B685B681846FFF7A9FE7B681B6832
:1063900003F00203002B04D07B689B681846FFF7CC
:1063A0009EFE7B681B6803F02003002B04D07B68F3
:1063B0001B691846FFF7C0FE7B681B6803F4007377
:1063C000002B04D07B681B6A1846FFF7E6FE7B684B
:1063D0001B6803F48063002B04D07B685B6A18465B
:1063E000FFF7DBFE7B681B6803F40063002B04D01F
:1063F0007B689B6A1846FFF7D0FE7B681B6803F03A
:106400004003002B04D07B685B691846FFF7A9FEA8
:106410007B681B6803F08003002B04D07B689B69BA
:106420001846FFF79EFE7B681B6803F48073002B01
:1064300004D07B68DB691846FFF793FE7B681B6816
:1064400003F01003002B11D07B68DB681846FFF7C0
:106450005EFE7B68DB68B3F5807F07D14FF0B04309
:10646000DB684FF0B04243F08073D3607B681B68F9
:1064700003F40043002B10D07B681B6B1846FFF71A
:10648000A5FE7B681B6B002B07D14FF0B043DB6888
:106490004FF0B04243F08073D3607B681B6803F415
:1064A0008043002B11D07B68DB6A1846FFF7A3FE00
:1064B0007B68DB6AB3F1005F07D14FF0B043DB6864
:1064C0004FF0B04243F48033D360BB7C184618379A
:1064D000BD4680BD0004005880B584B000AF786030
:1064E0000123FB737B68002B68D07B6893F82D3009
:1064F000DBB2002B06D17B68002283F82C20786861
:10650000FAF73AFF7B68022283F82D202E4BCA222D
:106510005A622D4B53225A62786800F00FFA0346F4
:10652000FB73FB7B002B3FD1274B9B69264A23F053
:106530008E6323F040039361234B9A697B6859680B
:106540007B681B6919437B689B690B431E49134396
:106550008B617B68DA687B689B681B041A4913436C
:106560000B61194BDB6823F4F8527B68596A7B682E
:106570009B6A0B4314491343CB60786800F012FA0E
:106580000346FB73FB7B002B0ED10F4B9B6923F063
:1065900060427B68196A7B68DB6919437B685B69C9
:1065A0000B43094913438B61074BFF225A62FB7B64
:1065B000002B03D17B68012283F82D20FB7B18463A
:1065C0001037BD4680BD00BF0028004090B587B0A1
:1065D00000AFF860B9607A6000237B61FB6893F8D4
:1065E0002C30012B01D10223F3E0FB68012283F858
:1065F0002C20FB68022283F82D20784BDB6803F403
:1066000040733B613B69B3F5807F6AD07B68002BA8
:106610003AD1724B9B6903F04003002B02D1BB6857
:106620000022DA70BB685B69B3F1004FBB681B786E
:10663000184600F0F5F903461C04BB685B78184661
:1066400000F0EEF903461B021C43BB689B7818461A
:1066500000F0E6F9034644EA0302BB68DB789B05D9
:1066600042EA0304BB6893F82430184600F0D8F9D6
:1066700003461B0644EA0302BB681B6A1A43BB6855
:106680005B6913437B612CE0BB685B69B3F1803FBE
:106690000DD0BB685B69B3F5000F08D04F4B9B6909
:1066A00003F04003002B02D1BB680022DA70BB6804
:1066B0001B781A04BB685B781B021343BA68927894
:1066C0001A43BB68DB789B051A43BB6893F82430F8
:1066D0001B061A43BB681B6A1A43BB685B691343FA
:1066E0007B613E4BCA225A623C4B53225A62BB68C2
:1066F0009B6AB3F5807F2CD1384B9B69374A23F4D2
:1067000088539361354B0122DA653B69B3F5807F8D
:1067100007D1BB689A69BB68DB69304913434B6496
:1067200006E02E4A7B6913642C4ABB689B6953645C
:106730002A4ABB685B681367FB681B6B43F0010266
:10674000FB681A63254B9B69244A43F48853936181
:106750002BE0224B9B69214A23F4085393611F4B82
:106760000222DA653B69B3F5807F07D1BB689A697D
:10677000BB68DB6919491343CB6406E0174A7B69A0
:106780009364164ABB689B69D364144ABB685B6810
:106790005367FB681B6B43F00202FB681A630F4BE5
:1067A0009B690E4A43F4085393610D4BD3F8803034
:1067B0000B4A43F40033C2F88030084BFF225A6280
:1067C000FB68012283F82D20FB68002283F82C202F
:1067D000002318461C37BD4690BD00BF002800406E
:1067E0000008005880B483B000AF786039607B68DF
:1067F00093F82C30012B01D1022348E07B68012261
:1068000083F82C207B68022283F82D20224BCA2299
:106810005A62214B53225A623B68B3F5807F15D1EF
:106820001D4B9B691C4A23F4885393611A4B5B6C84
:10683000194A23F0004353647B681B6B23F0010269
:106840007B681A63144B0122DA6514E0124B9B69D2
:10685000114A23F4085393610F4BDB6C0E4A23F06B
:106860000043D3647B681B6B23F002027B681A63CE
:10687000094B0222DA65084BFF225A627B6801222B
:1068800083F82D207B68002283F82C2000231846F3
:106890000C37BD4680BC70470028004080B584B0EE
:1068A00000AF7860114B5A6D7B681B6B1340FB6027
:1068B000FB6803F00103002B05D00C4B0122DA65C5
:1068C0007868FBF7B0F9FB6803F00203002B05D0F2
:1068D000064B0222DA65786800F04AF97B680122EB
:1068E00083F82D2000BF1037BD4680BD0028004032
:1068F00080B584B000AF78600F4BDB680E4A23F0A0
:106900002003D360FBF70CF8F86009E0FBF708F808
:106910000246FB68D31AB3F57A7F01D9032306E058
:10692000054BDB6803F02003002BEFD00023184653
:106930001037BD4680BD00BF0028004080B584B040
:1069400000AF78600023FB73154BDB6803F0400356
:10695000002B20D1124BDB68114A43F08003D36037
:10696000FAF7DEFFB8600DE0FAF7DAFF0246BB681F
:10697000D31AB3F57A7F05D90323FB737B6803220F
:1069800083F82D20064BDB6803F04003002B02D177
:10699000FB7B032BE8D1FB7B18461037BD4680BD3F
:1069A0000028004080B584B000AF78600023FB73FE
:1069B0001A4BDB68194A23F08003D360174B9B699D
:1069C00003F02003002B0CD17868FFF791FF0346FA
:1069D000002B1ED07B68032283F82D200323FB733A
:1069E00017E00E4B9B690D4A23F0200393617868F2
:1069F000FFF77EFF0346002B05D07B68032283F858
:106A00002D200323FB73054B9B69044A43F02003AD
:106A10009361FB7B18461037BD4680BD00280040BF
:106A200080B485B000AF0346FB710023FB60FB79A7
:106A3000FB7205E0FB680133FB60FB7A0A3BFB72EB
:106A4000FB7A092BF6D8FB68DBB21B01DAB2FB7AC2
:106A50001343DBB218461437BD4680BC70470000B4
:106A600080B483B000AF78607B6893F82C30012B42
:106A700001D102231FE07B68012283F82C207B6870
:106A8000022283F82D200E4BCA225A620C4B53224D
:106A90005A620B4B9B690A4A43F020039361084BEF
:106AA000FF225A627B68012283F82D207B68002236
:106AB00083F82C20002318460C37BD4680BC704755
:106AC0000028004080B483B000AF78607B6893F802
:106AD0002C30012B01D1022327E07B68012283F8AF
:106AE0002C207B68022283F82D20124BCA225A6286
:106AF000104B53225A620F4B9B690E4A43F080039E
:106B000093610D4BD3F880300B4A43F48023C2F8D5
:106B10008030084BFF225A627B68012283F82D20C7
:106B20007B68002283F82C20002318460C37BD46D2
:106B300080BC7047002800400008005880B582B033
:106B400000AF7860094B5B6D03F04003002B05D06C
:106B5000064B4022DA657868FBF76FF87B68012204
:106B600083F82D2000BF0837BD4680BD00280040B7
:106B700080B483B000AF786000BF0C37BD4680BCE6
:106B80007047000080B487B000AFF860B9607A60E9
:106B9000074B7B61BB689B007A6913447B617B690F
:106BA0007A681A6000BF1C37BD4680BC704700BFC2
:106BB00000B1004080B485B000AF78603960074B09
:106BC000FB603B689B00FA681344FB60FB681B6832
:106BD00018461437BD4680BC704700BF00B1004066
:106BE00080B483B000AF7860064B9B6823F40062EA
:106BF00004497B6813438B6000BF0C37BD4680BCE3
:106C0000704700BF0004005880B400AF054BD3F8B4
:106C10009030044A43F40043C2F8903000BFBD46B0
:106C200080BC70470004005880B400AF054BD3F817
:106C30009030044A23F40043C2F8903000BFBD46B0
:106C400080BC70470004005880B400AF034B4FF481
:106C500000629A6100BFBD4680BC704700040058C6
:106C600080B400AF064B5B6903F00203022B01D135
:106C7000012300E000231846BD4680BC704700BFDA
:106C80000004005880B400AF064B5B6903F00403B6
:106C9000042B01D1012300E000231846BD4680BC2F
:106CA000704700BF0004005880B400AF4FF0B043FD
:106CB000D3F894304FF0B04223F40043C2F894303C
:106CC00000BFBD4680BC704780B400AF4FF0B043FA
:106CD000D3F8943003F48043B3F5804F01D10123FE
:106CE00000E000231846BD4680BC704780B483B0E6
:106CF00000AF7860064BD3F8902005497B681343BA
:106D0000C1F8903000BF0C37BD4680BC704700BF53
:106D10000008005880B584B000AF78607B68002B15
:106D200003D10123FB73FB7B4BE00023FB737B68E8
:106D30009B79DBB2002B05D17B6800225A71786801
:106D4000FAF74CFC7B6802229A71FFF7ADFF1F4BEC
:106D50001A681346DB009B1A9B00DB0C642202FBC3
:106D600003F3BB60BB68002B05D10123FB737B6879
:106D700001229A6007E0BB68013BBB60FFF7A4FFFC
:106D80000346002BEED1FFF73FFF4FF48050FFF793
:106D9000ADFF4FF40060FFF723FFFFF755FFFB7BCC
:106DA000002B0AD17B681B68184600F0AFFA7B689D
:106DB00001221A717B6800229A607B6801229A7115
:106DC000FB7B18461037BD4680BD00BF0000002089
:106DD00080B586B000AFF8607A601A460B467B81BA
:106DE00013463B81FB689B79DBB2012B4AD1FB68E0
:106DF0005B79012B01D1022345E0FB6801225A7126
:106E0000FB6802229A71F86800F04EFBFFF70CFF56
:106E10000D21F86800F09AFA7B891B0A9BB2DBB25D
:106E20001946F86800F092FA7B89DBB21946F868D7
:106E300000F08CFA0023BB820AE0BB8A7A68134414
:106E40001B781946F86800F081FABB8A0133BB82CF
:106E5000BA8A3B899A42F0D3FFF7D6FEF86800F071
:106E600047FBFB689B68002B02D00123FB7501E008
:106E70000023FB75FB6801229A71FB6800225A719E
:106E8000FB7D00E0022318461837BD4680BD80B563
:106E900088B000AFF8607A601A460B467B811346D3
:106EA0003B817B68BB61FB689B79DBB2012B4AD1DC
:106EB000FB685B79012B01D1022345E0FB680122CD
:106EC0005A71F86800F0F0FAFFF7AEFE1D21F8687D
:106ED00000F03CFA7B891B0A9BB2DBB21946F868CA
:106EE00000F034FA7B89DBB21946F86800F02EFA1C
:106EF0000021F86800F02AFA0023FB8209E0B96952
:106F0000F86800F079FABB690133BB61FB8A013391
:106F1000FB82FA8A3B899A42F1D3FFF775FEF86843
:106F200000F0E6FAFB689B68002B02D00123FB7798
:106F300001E00023FB77FB6801229A71FB680022C5
:106F40005A71FB7F00E0022318462037BD4680BD02
:106F500080B586B000AFF8607A601A460B46FB72C7
:106F600013463B81FB689B79DBB2012B4AD1FB685E
:106F70005B79012B01D1022345E0FB6801225A71A4
:106F8000F86800F091FAFB7A842B02D0FB7A942BFC
:106F900003D1FB6801221A7102E0FB6800221A711A
:106FA000FFF742FEFB7A1946F86800F0CFF900239C
:106FB000BB820AE0BB8A7A6813441B781946F868DA
:106FC00000F0C4F9BB8A0133BB82BA8A3B899A427A
:106FD000F0D3FFF719FEFB7A842B02D0F86800F09B
:106FE00087FAFB689B68002B02D00123FB7501E048
:106FF0000023FB75FB6801229A71FB6800225A711D
:10700000FB7D00E0022318461837BD4680BD80B5E1
:1070100088B000AFF8607A601A460B46FB721346E0
:107020003B817B68BB61FB689B79DBB2012B3DD167
:10703000FB685B79012B01D1022338E0FB68012258
:107040005A71F86800F030FAFFF7EEFDFB7A194646
:10705000F86800F07BF90021F86800F077F9002368
:10706000FB8209E0B969F86800F0C6F9BB69013331
:10707000BB61FB8A0133FB82FA8A3B899A42F1D3D6
:10708000FFF7C2FDF86800F033FAFB689B68002B3D
:1070900002D00123FB7701E00023FB77FB6801228C
:1070A0009A71FB6800225A71FB7F00E002231846A8
:1070B0002037BD4680BD80B586B000AFF8607A60ED
:1070C0001A460B46FB7213463B81FB689B79DBB289
:1070D000012B3ED1FB685B79012B01D1022339E002
:1070E000FB6801225A71F86800F0DEF9FFF79CFD99
:1070F0000E21F86800F02AF9FB7A1946F86800F0CA
:1071000025F90023BB820AE0BB8A7A6813441B7806
:107110001946F86800F01AF9BB8A0133BB82BA8AB3
:107120003B899A42F0D3FFF76FFDF86800F0E0F971
:10713000FB689B68002B02D00123FB7501E0002354
:10714000FB75FB6801229A71FB6800225A71FB7D76
:1071500000E0022318461837BD4680BD80B588B0D0
:1071600000AFF8607A601A460B46FB7213463B810B
:107170007B68BB61FB689B79DBB2012B41D1FB686B
:107180005B79012B01D102233CE0FB6801225A719B
:10719000F86800F089F9FFF747FD1E21F86800F054
:1071A000D5F8FB7A1946F86800F0D0F80021F868A5
:1071B00000F0CCF80023FB8209E0B969F86800F020
:1071C0001BF9BB690133BB61FB8A0133FB82FA8A7D
:1071D0003B899A42F1D3FFF717FDF86800F088F970
:1071E000FB689B68002B02D00123FB7701E00023A2
:1071F000FB77FB6801229A71FB6800225A71FB7FC2
:1072000000E0022318462037BD4680BD80B584B01B
:1072100000AF78600023BB8107F10C02022312212A
:107220007868FFF7F4FE3B7BFB81B7F90E301B0259
:107230001AB27B7B1BB213431BB2FB81FB8903F0A9
:107240000103002B02D0786817F02AF9FB895B084C
:1072500003F00103002B02D0786817F02FF9FB89A7
:107260009B0803F00103002B02D0786817F07EF929
:10727000FB89DB0803F00103002B02D0786817F0CC
:1072800083F9FB891B0903F00103002B02D0786806
:1072900017F088F9FB895B0903F00103002B02D08A
:1072A000786817F055F9FB899B0903F00103002B5F
:1072B00002D0786817F010F9FB89DB0903F00103AD
:1072C000002B0ED0FB891B0A03F00103002B04D016
:1072D0000121786817F00EF903E00021786817F0B3
:1072E00009F9FB895B0A03F00103002B02D07868DF
:1072F00017F01EF907F10C02022302217868FFF74C
:1073000027FE00BF1037BD4680BD000080B483B0AB
:1073100000AF78600C4B1B680B4A23F040031360EE
:10732000094A7B6843F441731360074B4FF4B8522A
:107330005A60054B1B68044A43F04003136000BFCA
:107340000C37BD4680BC70470000015880B487B040
:1073500000AF78600B46FB700023FB75234B1A6867
:107360001346DB009B1A9B00DB0C642202FB03F339
:10737000FB60FB68002B05D10123FB757B680122B4
:107380009A6008E0FB68013BFB60194B9B6803F0C7
:107390000203022BEDD1174B3B613B69FA781A705F
:1073A000124B1A681346DB009B1A9B00DB0C64220D
:1073B00002FB03F3FB60FB68002B05D10123FB7587
:1073C0007B6801229A6008E0FB68013BFB60084B88
:1073D0009B6803F00103012BEDD1054BDB68FB7DBE
:1073E00018461C37BD4680BC704700BF0000002017
:1073F000000001580C00015880B487B000AF7860DD
:1074000039600023FB75254B1A681346DB009B1A75
:107410009B00DB0C642202FB03F3FB60FB68002B88
:1074200005D10123FB757B6801229A6008E0FB68A7
:10743000013BFB601A4B9B6803F00203022BEDD16A
:10744000184B3B613B69FF221A70144B1A681346B4
:10745000DB009B1A9B00DB0C642202FB03F3FB6046
:10746000FB68002B05D10123FB757B6801229A6024
:1074700008E0FB68013BFB60094B9B6803F00103DC
:10748000012BEDD1064BDB68DAB23B681A70FB7D4D
:1074900018461C37BD4680BC704700BF0000002066
:1074A000000001580C00015880B584B000AF78602E
:1074B0007B681B79012B11D10C4B1A6813465B00BA
:1074C0001344DB001B0CFB60FFF7AEFBFB68013BCA
:1074D000FB60FB68002BF9D1FFF796FB786800F0A2
:1074E00007F8034618461037BD4680BD000000204F
:1074F00080B586B000AF78600023FB75124B1A6828
:1075000013465B001344DB001B0D642202FB03F3F4
:10751000FB60FFF7B7FB3861FB68002B05D1012347
:10752000FB757B6802229A6009E0FB68013BFB6007
:10753000FFF796FB02463B691340012BE9D0FB7D28
:1075400018461837BD4680BD0000002080B483B0C7
:1075500000AF78604FF0B043D3F888207B681A40C2
:107560007B681B04134318460C37BD4680BC70472C
:1075700080B483B000AF78604FF0B043D3F8882078
:107580007B68134018460C37BD4680BC704780B5F9
:1075900082B000AF78607B68002B01D1012342E00C
:1075A0007B68D3F88430002B06D17B68002283F8F7
:1075B00080207868FAF7C0FC7B682422C3F8842016
:1075C0007B681B681A687B681B6822F001021A60DE
:1075D000786800F04BFC0346012B01D1012322E027
:1075E0007B689B6A002B02D0786800F0B3FE7B6852
:1075F0001B685A687B681B6822F490425A607B685B
:107600001B689A687B681B6822F02A029A607B6874
:107610001B681A687B681B6842F001021A60786870
:1076200000F039FF034618460837BD4680BD00000C
:1076300080B58AB000AFF860B9601346FB80FB6884
:10764000D3F88830202B42D1BB68002B02D0FB88B6
:10765000002B01D101233BE0FB6893F88030012B24
:1076600001D1022334E0FB68012283F88020FB680B
:107670000022DA66FB681B68174A93421FD0FB683A
:107680001B685B6803F40003002B18D0FB681B68C1
:107690007B617B6953E8003F3B613B6943F080635A
:1076A0007B62FB681B681A467B6A3B62FA61F96978
:1076B0003A6A41E80023BB61BB69002BE6D1FB8835
:1076C0001A46B968F86800F0F9FF034600E00223A3
:1076D00018462837BD4680BD0080004080B58AB07E
:1076E00000AFF860B9601346FB80FB68D3F88430C4
:1076F000202B7AD1BB68002B02D0FB88002B01D154
:10770000012373E0FB6893F88030012B01D1022341
:107710006CE0FB68012283F88020FB68BA681A6578
:10772000FB68FA88A3F85420FB68FA88A3F856206F
:10773000FB680022C3F88C20FB682122C3F8842058
:10774000FB689B6F002B2CD0FB689B6F294ADA6289
:10775000FB689B6F284A1A63FB689B6F274A5A6332
:10776000FB689B6F00229A63FB68986FFB681B6D38
:107770001946FB681B6828331A46FB88FCF766F934
:107780000346002B0DD0FB681022C3F88C20FB6849
:10779000002283F88020FB682022C3F88420012384
:1077A00024E0FB681B6840221A62FB68002283F811
:1077B0008020FB681B6808337B617B6953E8003FCE
:1077C0003B613B6943F080037B62FB681B680833C5
:1077D0007A6A3A62FB61F9693A6A41E80023BB615F
:1077E000BB69002BE5D1002300E0022318462837AF
:1077F000BD4680BD0B8A0008A58A0008C18A000822
:1078000080B5BAB000AF78607B681B68DB69C7F8E9
:10781000E4307B681B681B68C7F8E0307B681B6836
:107820009B68C7F8DC30D7F8E42040F60F0313401C
:10783000C7F8D830D7F8D830002B1BD1D7F8E430B0
:1078400003F02003002B15D0D7F8E03003F020031D
:10785000002B05D1D7F8DC3003F08053002B09D082
:107860007B681B6F002B00F0D6827B681B6F7868EB
:107870009847D0E2D7F8D830002B00F01F81D7F816
:10788000DC208B4B1340002B06D1D7F8E020894B2E
:107890001340002B00F01281D7F8E43003F001030D
:1078A000002B11D0D7F8E03003F48073002B0BD0FD
:1078B0007B681B6801221A627B68D3F88C3043F026
:1078C00001027B68C3F88C20D7F8E43003F0020390
:1078D000002B11D0D7F8DC3003F00103002B0BD0C4
:1078E0007B681B6802221A627B68D3F88C3043F0F5
:1078F00004027B68C3F88C20D7F8E43003F004035B
:10790000002B11D0D7F8DC3003F00103002B0BD093
:107910007B681B6804221A627B68D3F88C3043F0C2
:1079200002027B68C3F88C20D7F8E43003F0080328
:10793000002B17D0D7F8E03003F02003002B05D13F
:10794000D7F8DC205A4B1340002B0BD07B681B6808
:1079500008221A627B68D3F88C3043F008027B68F7
:10796000C3F88C20D7F8E43003F40063002B12D066
:10797000D7F8E03003F08063002B0CD07B681B68E5
:107980004FF400621A627B68D3F88C3043F0200217
:107990007B68C3F88C207B68D3F88C30002B00F018
:1079A0003C82D7F8E43003F02003002B13D0D7F843
:1079B000E03003F02003002B05D1D7F8DC3003F0D2
:1079C0008053002B07D07B681B6F002B03D07B6894
:1079D0001B6F786898477B68D3F88C30C7F8D43031
:1079E0007B681B689B6803F04003402B05D0D7F8E9
:1079F000D43003F02803002B4FD0786800F0A0FFAC
:107A00007B681B689B6803F04003402B41D17B6877
:107A10001B680833C7F89C30D7F89C3053E8003F08
:107A2000C7F89830D7F8983023F04003C7F8D03023
:107A30007B681B680833D7F8D020C7F8A820C7F8A0
:107A4000A430D7F8A410D7F8A82041E80023C7F83D
:107A5000A030D7F8A030002BD9D17B68DB6F002B8A
:107A600013D07B68DB6F144A9A637B68DB6F184620
:107A7000FCF7C8F80346002B17D07B68DB6F9B6BC5
:107A80007A68D26F104698470FE0786800F0D9F90D
:107A90000BE0786800F0D5F907E0786800F0D1F9DC
:107AA0007B680022C3F88C20B7E100BFB5E100BFBE
:107AB0000100001020010004418B00087B68DB6E90
:107AC000012B40F04A81D7F8E43003F01003002B7B
:107AD00000F04381D7F8E03003F01003002B00F0F2
:107AE0003C817B681B6810221A627B681B689B685C
:107AF00003F04003402B40F0B5807B68DB6F1B68D0
:107B00005B68A7F8BE30B7F8BE30002B00F0878165
:107B10007B68B3F85C30B7F8BE209A4280F07F8172
:107B20007B68B7F8BE20A3F85E207B68DB6F1B681C
:107B30001B6803F02003002B40F086807B681B68E5
:107B4000C7F88830D7F8883053E8003FC7F884304A
:107B5000D7F8843023F48073C7F8B8307B681B688B
:107B60001A46D7F8B830C7F89430C7F89020D7F83D
:107B70009010D7F8942041E80023C7F88C30D7F84C
:107B80008C30002BDAD17B681B6808337B677B6FF6
:107B900053E8003F3B673B6F23F00103C7F8B43065
:107BA0007B681B680833D7F8B420C7F88020FB67D0
:107BB000F96FD7F8802041E80023BB67BB6F002B2B
:107BC000E1D17B681B6808333B663B6E53E8003F9E
:107BD000FB65FB6D23F04003C7F8B0307B681B6882
:107BE0000833D7F8B020FA66BB66B96EFA6E41E882
:107BF00000237B667B6E002BE3D17B682022C3F8D9
:107C000088207B680022DA667B681B68FB64FB6C5B
:107C100053E8003FBB64BB6C23F01003C7F8AC30E3
:107C20007B681B681A46D7F8AC30BB657A65796DFE
:107C3000BA6D41E800233B653B6D002BE4D17B68C6
:107C4000DB6F1846FBF780FF7B68B3F85C207B682E
:107C5000B3F85E309BB2D31A9BB21946786800F035
:107C6000F9F8DCE07B68B3F85C207B68B3F85E3041
:107C70009BB2D31AA7F8CE307B68B3F85E309BB2C4
:107C8000002B00F0CE80B7F8CE30002B00F0C9807A
:107C90007B681B68BB63BB6B53E8003F7B637B6BFC
:107CA00023F49073C7F8C8307B681B681A46D7F86E
:107CB000C8307B643A64396C7A6C41E80023FB631A
:107CC000FB6B002BE4D17B681B6808337B627B6A0B
:107CD00053E8003F3B623B6A23F0805323F00103EB
:107CE000C7F8C4307B681B680833D7F8C4203A63F0
:107CF000FB62F96A3A6B41E80023BB62BB6A002B66
:107D0000E1D17B682022C3F888207B680022DA66F4
:107D10007B6800221A677B681B683B613B6953E8FC
:107D2000003FFB60FB6823F01003C7F8C0307B689E
:107D30001B681A46D7F8C030FB61BA61B969FA69A5
:107D400041E800237B617B69002BE4D1B7F8CE309A
:107D50001946786800F07EF863E0D7F8E43003F461
:107D60008013002B0ED0D7F8DC3003F48003002BF7
:107D700008D07B681B684FF480121A62786801F0A3
:107D80007DFB51E0D7F8E43003F08003002B14D0E2
:107D9000D7F8E03003F08003002B05D1D7F8DC30B2
:107DA00003F40003002B08D07B685B6F002B3AD0F4
:107DB0007B685B6F7868984735E0D7F8E43003F06C
:107DC0004003002B09D0D7F8E03003F04003002B2C
:107DD00003D0786800F0CAFE26E0D7F8E43003F458
:107DE0000003002B09D0D7F8E03003F08043002BCC
:107DF00003D0786801F054FB16E0D7F8E43003F0C4
:107E00008073002B10D0D7F8E030002B0CDA7868A4
:107E100001F03DFB08E000BF06E000BF04E000BF4A
:107E200002E000BF00E000BFE837BD4680BD00BFF4
:107E300080B483B000AF786000BF0C37BD4680BC13
:107E4000704780B483B000AF786000BF0C37BD4688
:107E500080BC704780B483B000AF78600B467B80F5
:107E600000BF0C37BD4680BC704700002DE9B04F05
:107E70008CB000AF7861002387F82A307B699A685C
:107E80007B691B691A437B695B691A437B69DB6900
:107E90001343FB627B691B681A68944B13407A6931
:107EA0001268F96A0B4313607B691B685B6823F4F3
:107EB00040517B69DA687B691B680A435A607B69B9
:107EC0009B69FB627B691B68894A934204D07B698A
:107ED0001B6AFA6A1343FB627B691B689B6823F089
:107EE0006E4323F430637A691268F96A0B43936036
:107EF0007B691B68DB6A23F00F017B695A6A7B6927
:107F00001B680A43DA627B691B687A4A934227D16D
:107F10000320FFF71BFB0346A3F54033032B1BD8BD
:107F200001A252F823F000BF397F0008497F000802
:107F3000417F0008517F0008012387F82B3080E043
:107F4000022387F82B307CE0042387F82B3078E07D
:107F5000082387F82B3074E0102387F82B3070E06B
:107F60007B691B68644A934238D10C20FFF7EEFA14
:107F70000346A3F540230C2B2CD801A252F823F082
:107F8000B57F0008D57F0008D57F0008D57F0008A1
:107F9000C57F0008D57F0008D57F0008D57F000881
:107FA000BD7F0008D57F0008D57F0008D57F000879
:107FB000CD7F0008002387F82B3042E0022387F8AA
:107FC0002B303EE0042387F82B303AE0082387F873
:107FD0002B3036E0102387F82B3032E07B691B68AA
:107FE000434A93422AD14FF44060FFF7C1FA034657
:107FF000B3F5406F1AD0B3F5406F1BD8B3F5006FDF
:108000000CD0B3F5006F15D8002B03D0B3F5806FFB
:1080100008D00FE0002387F82B3012E0022387F806
:108020002B300EE0042387F82B300AE0082387F872
:108030002B3006E0102387F82B3002E0102387F85E
:108040002B307B691B682A4A934240F0A48097F842
:108050002B30082B23D801A252F823F0818000088E
:108060009F800008898000089F8000088F8000089A
:108070009F8000089F8000089F800008978000086C
:10808000FDF746FF786210E01C4B7B620DE0FDF7C8
:108090008BFE786209E04FF400437B6205E0002329
:1080A0007B62012387F82A3000BF7B6A002B00F037
:1080B00037817B695B6A124A32F813301A467B6A51
:1080C000B3FBF2F3BB617B695A6813465B00134450
:1080D000BA699A4205D37B695B681B03BA699A4205
:1080E00010D9012387F82A301AE100BFF369FFCFC6
:1080F0000080004000380140004400400024F400AB
:10810000AC2B02087B6A0022BB60FA607B695B6A69
:108110008E4A32F813309BB200223B607A60D7E976
:108120000023D7E90201F8F7ADFB02460B461046E3
:1081300019464FF000024FF000030B0243EA1063B0
:10814000020279694968490800200C46054612EB8D
:10815000040843EB05097B695B6800229A46934655
:1081600052465B4640464946F8F78CFB02460B46B2
:1081700013463B623B6AB3F5407F08D33B6AB3F5D5
:10818000801F04D27B691B683A6ADA60C8E0012369
:1081900087F82A30C4E07B69DB69B3F5004F68D10A
:1081A00097F82B30082B28D801A252F823F000BFF3
:1081B000D5810008DD810008E5810008FB81000809
:1081C000EB810008FB810008FB810008FB810008AF
:1081D000F3810008FDF79CFE786214E0FDF7AAFE2B
:1081E000786210E05A4B7B620DE0FDF7DDFD7862AE
:1081F00009E04FF400437B6205E000237B6201232A
:1082000087F82A3000BF7B6A002B00F089807B69E9
:108210005B6A4E4A32F813301A467B6AB3FBF2F3BC
:108220005A007B695B685B081A447B695B68B2FB38
:10823000F3F39BB23B623B6A0F2B16D93B6AB3F553
:10824000803F12D23B6A9BB223F00F03FB833B6A51
:108250005B089BB203F007039AB2FB8B1343FB83CB
:108260007B691B68FA8BDA605AE0012387F82A30B1
:1082700056E097F82B30082B27D801A252F823F0AC
:10828000A5820008AD820008B5820008CB820008F4
:10829000BB820008CB820008CB820008CB8200089A
:1082A000C3820008FDF734FE786214E0FDF742FE59
:1082B000786210E0264B7B620DE0FDF775FD786279
:1082C00009E04FF400437B6205E000237B62012359
:1082D00087F82A3000BF7B6A002B21D07B695B6A5C
:1082E0001A4A32F813301A467B6AB3FBF2F27B6902
:1082F0005B685B081A447B695B68B2FBF3F39BB273
:108300003B623B6A0F2B08D93B6AB3F5803F04D22E
:108310007B691B683A6ADA6002E0012387F82A3039
:108320007B690122A3F86A207B690122A3F86820F7
:108330007B6900221A677B6900225A6797F82A3006
:1083400018463037BD46BDE8B08F00BFAC2B0208E1
:108350000024F40080B483B000AF78607B689B6A2F
:1083600003F00103002B0AD07B681B685B6823F4D1
:1083700000317B68DA6A7B681B680A435A607B6855
:108380009B6A03F00203002B0AD07B681B685B68C2
:1083900023F480317B681A6B7B681B680A435A6040
:1083A0007B689B6A03F00403002B0AD07B681B6880
:1083B0005B6823F480217B685A6B7B681B680A43E7
:1083C0005A607B689B6A03F00803002B0AD07B6825
:1083D0001B685B6823F400417B689A6B7B681B68B1
:1083E0000A435A607B689B6A03F01003002B0AD093
:1083F0007B681B689B6823F480517B68DA6B7B6821
:108400001B680A439A607B689B6A03F02003002B79
:108410000AD07B681B689B6823F400517B681A6C48
:108420007B681B680A439A607B689B6A03F0400381
:10843000002B1AD07B681B685B6823F480117B6873
:108440005A6C7B681B680A435A607B685B6CB3F5A7
:10845000801F0AD17B681B685B6823F4C0017B68BE
:108460009A6C7B681B680A435A607B689B6A03F0BE
:108470008003002B0AD07B681B685B6823F4002113
:108480007B68DA6C7B681B680A435A6000BF0C3754
:10849000BD4680BC704780B586B002AF78607B680F
:1084A0000022C3F88C20F9F73BFAF8607B681B6860
:1084B0001B6803F00803082B0ED16FF07E43009376
:1084C000FB6800224FF40011786800F02FF8034693
:1084D000002B01D0032325E07B681B681B6803F099
:1084E0000403042B0ED16FF07E430093FB6800223F
:1084F0004FF48001786800F019F80346002B01D092
:1085000003230FE07B682022C3F884207B682022AD
:10851000C3F888207B680022DA667B68002283F833
:108520008020002318461037BD4680BD80B59CB022
:1085300000AFF860B9603B601346FB71A9E0BB6F08
:10854000B3F1FF3F00F0A580F9F7EAF902463B6876
:10855000D31ABA6F9A4202D3BB6F002B40D1FB688B
:108560001B683B653B6D53E8003FFB64FB6C23F4E9
:10857000D0737B66FB681B681A467B6EFB65BA6529
:10858000B96DFA6D41E800237B657B6D002BE6D168
:10859000FB681B680833FB63FB6B53E8003FBB635E
:1085A000BB6B23F001033B66FB681B6808333A6E24
:1085B000BA647B64796CBA6C41E800233B643B6C21
:1085C000002BE5D1FB682022C3F88420FB68202221
:1085D000C3F88820FB68002283F88020032369E029
:1085E000FB681B681B6803F00403002B51D0FB6879
:1085F0001B68DB6903F40063B3F5006F49D1FB68C6
:108600001B684FF400621A62FB681B68BB62BB6A9E
:1086100053E8003F7B627B6A23F4D073FB66FB6800
:108620001B681A46FB6E7B633A63396B7A6B41E8D1
:108630000023FB62FB6A002BE6D1FB681B68083352
:108640007B617B6953E8003F3B613B6923F0010399
:10865000BB66FB681B680833BA6E3A62FB61F96956
:108660003A6A41E80023BB61BB69002BE5D1FB6896
:108670002022C3F88420FB682022C3F88820FB68EE
:108680002022C3F88C20FB68002283F8802003237B
:1086900010E0FB681B68DA69BB681340BA689A424D
:1086A0000CBF01230023DBB21A46FB799A423FF448
:1086B00046AF002318467037BD4680BD80B49DB0DC
:1086C00000AFF860B9601346FB80FB68BA689A6532
:1086D000FB68FA88A3F85C20FB68FA88A3F85E20A0
:1086E000FB6800221A67FB689B68B3F5805F0ED1B8
:1086F000FB681B69002B05D1FB6840F2FF12A3F851
:1087000060202DE0FB68FF22A3F8602028E0FB68D2
:108710009B68002B0DD1FB681B69002B04D1FB6803
:10872000FF22A3F860201BE0FB687F22A3F86020F3
:1087300016E0FB689B68B3F1805F0DD1FB681B6995
:10874000002B04D1FB687F22A3F8602008E0FB68BF
:108750003F22A3F8602003E0FB680022A3F860201A
:10876000FB680022C3F88C20FB682222C3F8882013
:10877000FB681B6808333B653B6D53E8003FFB64B7
:10878000FB6C43F00103FB66FB681B680833FA6E61
:10879000FA65BB65B96DFA6D41E800237B657B6DB9
:1087A000002BE5D1FB685B6EB3F1005F4DD1FB6838
:1087B000B3F86830FA889A4247D3FB689B68B3F5F0
:1087C000805F07D1FB681B69002B03D1FB68384A27
:1087D0001A6702E0FB68374A1A67FB68002283F8D1
:1087E0008020FB681B68FB63FB6B53E8003FBB63A7
:1087F000BB6B43F48073BB66FB681B681A46BB6E99
:10880000BB647A64796CBA6C41E800233B643B6CCE
:10881000002BE6D1FB681B680833BB62BB6A53E8D8
:10882000003F7B627B6A43F080537B66FB681B687A
:1088300008337A6E7A633B63396B7A6B41E80023C5
:10884000FB62FB6A002BE5D12CE0FB689B68B3F56B
:10885000805F07D1FB681B69002B03D1FB68164AB8
:108860001A6702E0FB68154A1A67FB68002283F862
:108870008020FB681B687B617B6953E8003F3B619C
:108880003B6943F490733B66FB681B681A463B6E7A
:108890003B62FA61F9693A6A41E80023BB61BB694E
:1088A000002BE6D1002318467437BD4680BC7047C4
:1088B0007D910008858E0008238D0008C38B000879
:1088C00080B48FB000AF78607B681B683B623B6A06
:1088D00053E8003FFB61FB6923F0C0037B637B68C7
:1088E0001B681A467B6BFB62BA62B96AFA6A41E896
:1088F00000237B627B6A002BE6D17B681B68083310
:10890000FB60FB6853E8003FBB60BB6823F40003D7
:108910003B637B681B6808333A6BBA617B6179699A
:10892000BA6941E800233B613B69002BE5D17B68D4
:108930002022C3F8842000BF3C37BD4680BC70476E
:1089400080B495B000AF78607B681B687B637B6BFD
:1089500053E8003F3B633B6B23F49073FB647B68FD
:108960001B681A46FB6C3B64FA63F96B3A6C41E88E
:108970000023BB63BB6B002BE6D17B681B6808330D
:108980003B623B6A53E8003FFB61FB6923F0805385
:1089900023F00103BB647B681B680833BA6CFA627E
:1089A000BB62B96AFA6A41E800237B627B6A002BEA
:1089B000E3D17B68DB6E012B18D17B681B68FB6001
:1089C000FB6853E8003FBB60BB6823F010037B6487
:1089D0007B681B681A467B6CBB617A617969BA69EE
:1089E00041E800233B613B69002BE6D17B682022F4
:1089F000C3F888207B680022DA667B6800221A6749
:108A000000BF5437BD4680BC704780B590B000AF02
:108A100078607B689B6AFB637B681B681B6803F05C
:108A20002003002B37D1FB6B0022A3F85620FB6BF1
:108A30001B6808337B627B6A53E8003F3B623B6AFA
:108A400023F08003BB63FB6B1B680833BA6B3A638C
:108A5000FB62F96A3A6B41E80023BB62BB6A002BF8
:108A6000E5D1FB6B1B683B613B6953E8003FFB6052
:108A7000FB6843F040037B63FB6B1B681A467B6B10
:108A8000FB61BA61B969FA6941E800237B617B69DE
:108A9000002BE6D102E0F86BF9F71EFC00BF40376F
:108AA000BD4680BD80B584B000AF78607B689B6AAE
:108AB000FB60F868FFF7BCF900BF1037BD4680BD0A
:108AC00080B586B000AF78607B689B6A7B617B690C
:108AD000D3F884303B617B69D3F88830FB607B69D5
:108AE0001B689B6803F08003802B09D13B69212B15
:108AF00006D17B690022A3F856207869FFF7E0FED3
:108B00007B691B689B6803F04003402B09D1FB681D
:108B1000222B06D17B690022A3F85E207869FFF73B
:108B20000FFF7B69D3F88C3043F010027B69C3F8E8
:108B30008C207869FFF785F900BF1837BD4680BDE6
:108B400080B584B000AF78607B689B6AFB60FB688F
:108B50000022A3F85E20FB680022A3F85620F868E4
:108B6000FFF76FF900BF1037BD4680BD80B588B0F4
:108B700000AF78607B681B68FB60FB6853E8003FD0
:108B8000BB60BB6823F04003FB617B681B681A462F
:108B9000FB69BB617A617969BA6941E800233B618D
:108BA0003B69002BE6D17B682022C3F884207B68D8
:108BB00000225A677868F9F78FFB00BF2037BD465F
:108BC00080BD80B596B000AF78607B68B3F8603048
:108BD000A7F856307B68D3F88830222B40F0958078
:108BE0007B681B685B6AA7F85430B7F85430D9B279
:108BF000B7F85630DAB27B689B6D0A40D2B21A7071
:108C00007B689B6D5A1C7B689A657B68B3F85E3005
:108C10009BB2013B9AB27B68A3F85E207B68B3F8F5
:108C20005E309BB2002B78D17B681B68BB63BB6B4B
:108C300053E8003F7B637B6B23F490733B657B6859
:108C40001B681A463B6D7B643A64396C7A6C41E868
:108C50000023FB63FB6B002BE6D17B681B680833AA
:108C60007B627B6A53E8003F3B623B6A23F001036F
:108C7000FB647B681B680833FA6C3A63FB62F96A31
:108C80003A6B41E80023BB62BB6A002BE5D17B68ED
:108C90002022C3F888207B6800221A677B68DB6E7D
:108CA000012B2ED17B680022DA667B681B683B6152
:108CB0003B6953E8003FFB60FB6823F01003BB6493
:108CC0007B681B681A46BB6CFB61BA61B969FA69BB
:108CD00041E800237B617B69002BE6D17B681B6840
:108CE000DB6903F01003102B03D17B681B68102293
:108CF0001A627B68B3F85C3019467868FFF7AAF807
:108D00000BE07868F9F7F6FA07E07B681B689A6968
:108D10007B681B6842F008029A6100BF5837BD4665
:108D200080BD80B596B000AF78607B68B3F86030E6
:108D3000A7F856307B68D3F88830222B40F0958016
:108D40007B681B685B6AA7F854307B689B6D3B654A
:108D5000B7F85420B7F8563013409AB23B6D1A80DA
:108D60007B689B6D9A1C7B689A657B68B3F85E3064
:108D70009BB2013B9AB27B68A3F85E207B68B3F894
:108D80005E309BB2002B78D17B681B687B637B6B6A
:108D900053E8003F3B633B6B23F49073FB647B68B9
:108DA0001B681A46FB6C3B64FA63F96B3A6C41E84A
:108DB0000023BB63BB6B002BE6D17B681B680833C9
:108DC0003B623B6A53E8003FFB61FB6923F0010310
:108DD000BB647B681B680833BA6CFA62BB62B96A11
:108DE000FA6A41E800237B627B6A002BE5D17B684D
:108DF0002022C3F888207B6800221A677B68DB6E1C
:108E0000012B2ED17B680022DA667B681B68FB6031
:108E1000FB6853E8003FBB60BB6823F010037B6432
:108E20007B681B681A467B6CBB617A617969BA6999
:108E300041E800233B613B69002BE6D17B681B685E
:108E4000DB6903F01003102B03D17B681B68102231
:108E50001A627B68B3F85C3019467868FEF7FAFF4F
:108E60000BE07868F9F746FA07E07B681B689A69B7
:108E70007B681B6842F008029A6100BF5837BD4604
:108E800080BD000080B5A6B000AF78607B68B3F805
:108E90006030A7F892307B681B68DB69C7F89430B4
:108EA0007B681B681B68C7F88C307B681B689B68F5
:108EB000C7F888307B68D3F88830222B40F04F8188
:108EC0007B68B3F86830A7F88630F6E07B681B68EB
:108ED0005B6AA7F88430B7F88430D9B2B7F892301B
:108EE000DAB27B689B6D0A40D2B21A707B689B6DC8
:108EF0005A1C7B689A657B68B3F85E309BB2013B75
:108F00009AB27B68A3F85E207B681B68DB69C7F8B0
:108F10009430D7F8943003F00703002B53D0D7F8E0
:108F2000943003F00103002B11D0D7F88C3003F4F8
:108F30008073002B0BD07B681B6801221A627B6850
:108F4000D3F88C3043F001027B68C3F88C20D7F84B
:108F5000943003F00203002B11D0D7F8883003F0CF
:108F60000103002B0BD07B681B6802221A627B680E
:108F7000D3F88C3043F004027B68C3F88C20D7F818
:108F8000943003F00403002B11D0D7F8883003F09D
:108F90000103002B0BD07B681B6804221A627B68DC
:108FA000D3F88C3043F002027B68C3F88C207B68D6
:108FB000D3F88C30002B06D07868FEF742FF7B6830
:108FC0000022C3F88C207B68B3F85E309BB2002B84
:108FD00073D17B681B68FB65FB6D53E8003FBB6585
:108FE000BB6D23F48073C7F880307B681B681A461A
:108FF000D7F88030BB667A66796EBA6E41E8002396
:109000003B663B6E002BE4D17B681B680833BB6476
:10901000BB6C53E8003F7B647B6C23F0805323F0F0
:109020000103FB677B681B680833FA6F7A653B6551
:10903000396D7A6D41E80023FB64FB6C002BE3D1B2
:109040007B682022C3F888207B6800221A677B682F
:10905000DB6E012B2ED17B680022DA667B681B68F1
:109060007B637B6B53E8003F3B633B6B23F0100358
:10907000BB677B681B681A46BB6F3B64FA63F96B7E
:109080003A6C41E80023BB63BB6B002BE6D17B68E5
:109090001B68DB6903F01003102B03D17B681B688E
:1090A00010221A627B68B3F85C3019467868FEF7C4
:1090B000D1FE02E07868F9F71DF9B7F88630002B89
:1090C00006D0D7F8943003F02003002B7FF4FEAED7
:1090D0007B68B3F85E30A7F87630B7F87630002BAF
:1090E00045D07B68B3F86830B7F876209A423ED214
:1090F0007B681B6808333B623B6A53E8003FFB61B7
:10910000FB6923F080533B677B681B6808333A6F29
:10911000FA62BB62B96AFA6A41E800237B627B6A41
:10912000002BE5D17B68144A1A677B681B68FB60DB
:10913000FB6853E8003FBB60BB6843F02003FB665D
:109140007B681B681A46FB6EBB617A617969BA69F4
:1091500041E800233B613B69002BE6D107E07B68D7
:109160001B689A697B681B6842F008029A6100BF1D
:109170009837BD4680BD00BFC38B000880B5A8B03E
:1091800000AF78607B68B3F86030A7F89A307B68EE
:109190001B68DB69C7F89C307B681B681B68C7F8D5
:1091A00094307B681B689B68C7F890307B68D3F865
:1091B0008830222B40F053817B68B3F86830A7F8E1
:1091C0008E30FAE07B681B685B6AA7F88C307B689E
:1091D0009B6DC7F88830B7F88C20B7F89A301340E9
:1091E0009AB2D7F888301A807B689B6D9A1C7B688E
:1091F0009A657B68B3F85E309BB2013B9AB27B689C
:10920000A3F85E207B681B68DB69C7F89C30D7F841
:109210009C3003F00703002B53D0D7F89C3003F0A9
:109220000103002B11D0D7F8943003F48073002B86
:109230000BD07B681B6801221A627B68D3F88C30E4
:1092400043F001027B68C3F88C20D7F89C3003F010
:109250000203002B11D0D7F8903003F00103002B4C
:109260000BD07B681B6802221A627B68D3F88C30B3
:1092700043F004027B68C3F88C20D7F89C3003F0DD
:109280000403002B11D0D7F8903003F00103002B1A
:109290000BD07B681B6804221A627B68D3F88C3081
:1092A00043F002027B68C3F88C207B68D3F88C30D3
:1092B000002B06D07868FEF7C4FD7B680022C3F857
:1092C0008C207B68B3F85E309BB2002B75D17B6835
:1092D0001B683B663B6E53E8003FFB65FB6D23F468
:1092E0008073C7F884307B681B681A46D7F88430CF
:1092F000FB66BA66B96EFA6E41E800237B667B6E48
:10930000002BE4D17B681B680833FB64FB6C53E8DB
:10931000003FBB64BB6C23F0805323F00103C7F80C
:1093200080307B681B680833D7F88020BA657B657E
:10933000796DBA6D41E800233B653B6D002BE1D1AF
:109340007B682022C3F888207B6800221A677B682C
:10935000DB6E012B2ED17B680022DA667B681B68EE
:10936000BB63BB6B53E8003F7B637B6B23F0100355
:10937000FB677B681B681A46FB6F7B643A64396C39
:109380007A6C41E80023FB63FB6B002BE6D17B6822
:109390001B68DB6903F01003102B03D17B681B688B
:1093A00010221A627B68B3F85C3019467868FEF7C1
:1093B00051FD02E07868F8F79DFFB7F88E30002B7A
:1093C00006D0D7F89C3003F02003002B7FF4FAAED0
:1093D0007B68B3F85E30A7F87A30B7F87A30002BA4
:1093E00045D07B68B3F86830B7F87A209A423ED20D
:1093F0007B681B6808337B627B6A53E8003F3B62F3
:109400003B6A23F080537B677B681B6808337A6F65
:109410003A63FB62F96A3A6B41E80023BB62BB6ABC
:10942000002BE5D17B68144A1A677B681B683B6197
:109430003B6953E8003FFB60FB6843F020033B6758
:109440007B681B681A463B6FFB61BA61B969FA69B0
:1094500041E800237B617B69002BE6D107E07B6854
:109460001B689A697B681B6842F008029A6100BF1A
:10947000A037BD4680BD00BF238D000880B483B0F7
:1094800000AF786000BF0C37BD4680BC704780B429
:1094900083B000AF786000BF0C37BD4680BC70471A
:1094A00080B483B000AF786000BF0C37BD4680BC8D
:1094B000704780B588B002AFF8603B1D83E80600B6
:1094C0000023FB75FB6893F88030012B01D1022348
:1094D00046E0FB68012283F88020FB682422C3F861
:1094E0008420FB681B681A68FB681B6822F0010275
:1094F0001A60FB681B689B6823F440117A68FB685C
:109500001B680A439A607B68002B05D13B1D93E8DA
:109510000600F86800F011F9FB681B681A68FB6820
:109520001B6842F001021A60F8F7FAF938616FF02F
:109530007E4300933B6900224FF48001F868FEF7F8
:10954000F5FF0346002B02D00323FB7503E0FB6805
:109550002022C3F88420FB68002283F88020FB7D52
:1095600018461837BD4680BD80B489B000AF78601A
:109570007B6893F88030012B01D1022321E07B68C6
:10958000012283F880207B681B68FB60FB6853E83E
:10959000003FBB60BB6843F00203FB617B681B6854
:1095A0001A46FB69BB617A617969BA6941E80023AF
:1095B0003B613B69002BE6D17B68002283F8802069
:1095C000002318462437BD4680BC704780B584B060
:1095D00000AF78607B6893F88030012B01D10223C3
:1095E0002BE07B68012283F880207B682422C3F86B
:1095F00084207B681B681B68FB607B681B681A689B
:109600007B681B6822F001021A60FB6843F000537C
:10961000FB607B684FF000525A667B681B68FA68F3
:109620001A60786800F0ACF87B682022C3F88420C8
:109630007B68002283F88020002318461037BD463F
:1096400080BD80B584B000AF786039607B6893F8E6
:109650008030012B01D102232DE07B68012283F8A9
:1096600080207B682422C3F884207B681B681B68E9
:10967000FB607B681B681A687B681B6822F001022C
:109680001A607B681B689B6823F060417B681B68DD
:109690003A680A439A60786800F072F87B681B6841
:1096A000FA681A607B682022C3F884207B68002255
:1096B00083F88020002318461037BD4680BD80B552
:1096C00084B000AF786039607B6893F88030012BFC
:1096D00001D102232DE07B68012283F880207B6882
:1096E0002422C3F884207B681B681B68FB607B68AE
:1096F0001B681A687B681B6822F001021A607B688D
:109700001B689B6823F060617B681B683A680A43AA
:109710009A60786800F034F87B681B68FA681A6011
:109720007B682022C3F884207B68002283F8802095
:10973000002318461037BD4680BD80B485B000AF09
:10974000F8603B1D83E80600FB681B685B6823F03C
:1097500010023B891946FB681B680A435A60FB6884
:109760001B685B6823F07F41BB7A1A06FB681B68A5
:109770000A435A6000BF1437BD4680BC70470000E2
:1097800080B485B000AF78607B685B6E002B08D139
:109790007B680122A3F86A207B680122A3F8682075
:1097A00031E00823FB730823BB737B681B689B684D
:1097B0005B0EDBB203F007037B737B681B689B685F
:1097C0005B0FDBB203F007033B73BB7B3A7B1049B3
:1097D0008A5C02FB03F33A7B0E498A5C93FBF2F34B
:1097E0009AB27B68A3F86A20FB7B7A7B08498A5C83
:1097F00002FB03F37A7B07498A5C93FBF2F39AB28C
:109800007B68A3F8682000BF1437BD4680BC704752
:10981000C42B0208CC2B020880B500AFF7F726FF57
:1098200000F00AF800BF80BD80B500AF4FF0FF30F8
:1098300015F06CFB00BF80BD80B584B004AF2C4830
:1098400001F058FE0020F8F7B7FD00230293012332
:10985000019301230093274B00220021022015F0E1
:1098600029F8002302930323019302230093224B40
:1098700000220021022015F01DF80023029301238D
:109880000193012300931D4B00220021022015F0BB
:1098900011F81B4B00220021022015F00BF8194A89
:1098A0000021022015F016FC174A0021012015F0B6
:1098B00011FC02F0C5F8154805F056FD144805F0F6
:1098C0009FFD144B00220021002014F0F3FF0346FB
:1098D000002BF6D1104B00220021002014F0EAFFEB
:1098E0000346002BF6D100BF00BFBD4680BD00BFC0
:1098F0008F990008DC0C0208FC0C02081C0D020801
:109900003C0D020859F6000851B50008100000206F
:1099100044000020780D0208980D020880B483B03E
:1099200000AF0346FB8000BF0C37BD4680BC7047CC
:1099300080B582B000AF786039607B68002B02D1BF
:109940003B68002B03D03968786800F073F800BFDB
:109950000837BD4680BD80B582B000AF78607B68B7
:10996000002B02D0786800F013F900BF0837BD461D
:1099700080BD80B582B000AF78607B68002B02D0DC
:10998000786800F035F800BF0837BD4680BD80B567
:1099900000AF0021012015F0BFFB00BF80BD80B5E6
:1099A00000AF0021022015F0B7FB00BF80BD000012
:1099B00080B400AFBFF34F8F00BF064BDB6803F4EA
:1099C000E0620449044B1343CB60BFF34F8F00BFE9
:1099D00000BFFDE700ED00E00400FA0580B483B0AD
:1099E00000AF7860012318460C37BD4680BC704735
:1099F00080B582B000AF78607B68002B0BD07B68AD
:109A000093F90130002B06D1084B002200210020E1
:109A100014F050FF06E0064B00220021002014F055
:109A200049FF00BF00BF0837BD4680BDC00D02081A
:109A3000D00D0208B0B590B006AF786039604E4BDB
:109A400007F10C041D460FCD0FC495E8030084E810
:109A50000300002387F827307B68002B3ED07B680B
:109A60005B78002B3AD07B685B78F12B03D9F2232B
:109A700087F8273003E07B685B7887F827307B68BE
:109A80001B781A4697F82730019300923B4B00222F
:109A90000021002014F00EFF002387F8263011E08B
:109AA0007B685A6897F8263013441B780093344B30
:109AB00000220021002014F0FDFE97F8263001332B
:109AC00087F8263097F8262097F827309A42E7D370
:109AD0002C4B00220021002014F0ECFE3B68002BF0
:109AE00046D03B685B7B002B25D03B6893F90C305C
:109AF0009B0028333B4453F81C3C3A6892F90220FF
:109B000011463A6892F9032010463A6892F9042007
:109B100014463A68927B15463A68D27B05920495C2
:109B20000394029001910093174B00220021002022
:109B300014F0C0FE1CE03B6893F90C309B00283306
:109B40003B4453F81C3C3A6892F9022011463A68AB
:109B500092F9032010463A6892F904200392029089
:109B600001910093094B00220021002014F0A2FE75
:109B700000BF2837BD46B0BD9C0E0208E40D0208A8
:109B8000F40D0208FC0D0208000E0208380E02084F
:109B900080B582B000AF78607B68002B0DD07B6809
:109BA0009B78012B09D17B68DB78002B05D0054B16
:109BB00000220021002014F07DFE00BF0837BD46C2
:109BC00080BD00BFB40E020880B582B000AF7860DF
:109BD000FFF7EEFE80B582B000AF786014F008FFAA
:109BE0000346184601F048FC002318460837BD46D6
:109BF00080BD000080B584B000AF78607B68FB60FA
:109C000007F108031A461349F86816F0D7FC034613
:109C1000012B07D0104B00220021002014F04AFE37
:109C2000022313E0BB68032B02DCBB68002B07DABE
:109C30000A4B00220021002014F03CFE022305E024
:109C4000BB68DBB2184614F0C3FE00231846103779
:109C5000BD4680BDCC0E0208D00E0208F80E0208E8
:109C6000B0B594B006AF786007F10C03184615F054
:109C7000CFFBFB68123BFB60FB6803F5E153FB6025
:109C8000FB6807F114021146184615F07FFCFB69CA
:109C9000BA697969386A7C6A0134BD6A05F26C7503
:109CA000059504940390029101920093054B0022C4
:109CB0000021002014F0FEFD002318463837BD4671
:109CC000B0BD00BF3C0F020880B584B000AF786023
:109CD00007F10803184606F0E8F90346002B01D007
:109CE000022305E007F10803184601F07BFB00237F
:109CF00018461037BD4680BD80B58AB006AF786083
:109D000007F10803591C07F1080207F1080307339C
:109D1000059307F108030633049307F1080305339D
:109D2000039307F108030433029307F10803033395
:109D3000019307F10803023300930B460B4978683F
:109D400016F03CFC0346082B01D002230AE007F181
:109D50000803184606F0CBF90346002B01D0012377
:109D600000E0002318461037BD4680BD680F02088A
:109D700080B586B000AF786007F10803184606F09A
:109D800068FC0346002B01D0012305E007F108031E
:109D9000184601F0BFFA002318461837BD4680BDAB
:109DA00080B586B000AF786007F10803194678687F
:109DB00001F036FA0346102B01D002230AE007F126
:109DC0000803184606F067FC0346002B01D0012368
:109DD00000E0002318461837BD4680BD80B586B028
:109DE00000AF786007F10803184606F074FC0346DC
:109DF000002B01D0012305E007F10803184601F00C
:109E000089FA002318461837BD4680BD80B586B054
:109E100000AF786007F108031946786801F000FA8E
:109E20000346102B01D002230AE007F1080318466D
:109E300006F073FC0346002B01D0012300E0002351
:109E400018461837BD4680BD80B586B000AF786033
:109E500007F10803184606F080FC0346002B01D0EA
:109E6000012305E007F10803184601F053FA002327
:109E700018461837BD4680BD80B586B000AF786003
:109E800007F108031946786801F0CAF90346102B58
:109E900001D002230AE007F10803184606F07FFC10
:109EA0000346002B01D0012300E000231846183799
:109EB000BD4680BD80B586B000AF786007F108036D
:109EC000184606F08CFC0346002B01D0012305E068
:109ED00007F10803184601F01DFA00231846183749
:109EE000BD4680BD80B586B000AF786007F108033D
:109EF0001946786801F094F90346102B01D002232B
:109F00000AE007F10803184606F08BFC0346002B15
:109F100001D0012300E0002318461837BD4680BD5C
:109F200080B584B000AF786007F10C03184606F0E6
:109F30003DF90346002B01D0022304E0FB681846DC
:109F400001F0C6F9002318461037BD4680BD80B524
:109F500084B000AF786007F10C031946786801F00F
:109F600043F90346042B01D0022309E0FB6818469D
:109F700006F03BF90346002B01D0012300E000234B
:109F800018461037BD4680BD80B584B000AF7860FC
:109F900007F10803184606F05BF80346002B01D0D2
:109FA000022305E007F10803184601F01BFA00231D
:109FB00018461037BD4680BD80B58AB006AF7860C0
:109FC00007F10803591C07F1080207F108030733DA
:109FD000059307F108030633049307F108030533DB
:109FE000039307F108030433029307F108030333D3
:109FF000019307F10803023300930B460B4978687D
:10A0000016F0DCFA0346082B01D002230AE007F120
:10A010000803184606F03EF80346002B01D0012342
:10A0200000E0002318461037BD4680BD680F0208C7
:10A0300080B584B000AF786007F10C03184606F0D5
:10A0400076F80346002B01D0022304E0FB68184693
:10A0500001F000FA002318461037BD4680BD00000D
:10A0600080B584B000AF786007F10C031A460B4945
:10A07000786816F0A3FA0346012B01D0022309E009
:10A08000FB687F2B01D9022304E0FB68184606F029
:10A090006DF8002318461037BD4680BDCC0E02086F
:10A0A00080B582B000AF78607B681B78302B02D01F
:10A0B000312B04D007E0012005F0D8FA05E002209A
:10A0C00005F0D4FA01E0022300E000231846083727
:10A0D000BD4680BD80B582B000AF786005F012FC4F
:10A0E0000346002B01D0022300E000231846083766
:10A0F000BD4680BD80B58AB000AF78607B687B626A
:10A100007868F6F73DF803467B840023FB6107F18E
:10A11000100300210A461A800A469A700023FB6049
:10A12000FF23BB760123FB7607F114031A4672491D
:10A13000786A16F043FA0346012B0DD06F4B0022CC
:10A140000021002014F0B6FB0223D0E07B6A01332B
:10A150007B627B8C013B7B847B6A1B782F2B06D92F
:10A160007B6A1B78392B02D87B8C012BEED87B8C39
:10A17000002B03D07B6A1B783A2B07D0604B002260
:10A180000021002014F096FB0223B0E07B6A01332B
:10A190007B627B8C013B7B847B6A1B78302B02D0FB
:10A1A000312B04D007E0002387F821300BE0012396
:10A1B00087F8213007E0534B00220021002014F0E3
:10A1C00079FB022393E07B8C002B05D07B6A013363
:10A1D0007B627B8C013B7B847B8C002B03D07B6A76
:10A1E0001B783A2B07D0484B00220021002014F0A6
:10A1F00061FB02237BE07B6A01337B627B8C013B4A
:10A200007B8421E0FB695B007A6A13441B783B7412
:10A21000FB695B0001337A6A13441B787B743B4B08
:10A220005A68FB691A4407F110033949184616F0B9
:10A23000C5F90346012B01D0022358E0FB69013325
:10A24000FB617B8C023B7B84FB69F12B02D87B8C0E
:10A25000012BD7D87B8C002B01D0022347E0FB6970
:10A26000DAB22A4B5A707B69DAB2284B1A7007F1BE
:10A270000C0297F821100023244805F06DFA0346DC
:10A28000BB7697F91A300633062B2CD801A252F868
:10A2900023F000BFDBA20008E1A20008C1A2000871
:10A2A000D5A20008C1A20008E7A20008B1A20008D8
:10A2B000FB68002B01D0082300E00023FB7615E0AB
:10A2C00005F02EFA0346012B01D0052300E00323FD
:10A2D000FB760BE00523FB7608E00823FB7605E020
:10A2E0000923FB7602E00123FB7600BFFB7E1846C4
:10A2F0002837BD4680BD00BF900F0208940F0208AA
:10A30000BC0F0208EC0F02081410020854000020D1
:10A310004410020880B586B004AF78600023029331
:10A320000123019301230093114B002200210020FF
:10A3300014F0C0FA00230293032301930223009335
:10A340000C4B00220021002014F0B4FA00230293E9
:10A350000123019301230093074B002200210020D9
:10A3600014F0A8FA002318460837BD4680BD00BF88
:10A370004C1002086C1002088C10020880B584B0E2
:10A3800000AF786007F10F03184605F069FF034638
:10A39000002B01D0022304E0FB7B184601F05AF8A1
:10A3A000002318461037BD4680BD80B582B000AF8F
:10A3B00078607B681B78303B012B0DD87B681B785D
:10A3C000303B002B14BF01230023DBB2184605F0FD
:10A3D0005DFF00BF002300E0022318460837BD469A
:10A3E00080BD80B584B000AF786007F10F031846D8
:10A3F00005F064FB0346002B01D0022305E097F92A
:10A400000F30184601F026F8002318461037BD46D5
:10A4100080BD000080B584B000AF786007F10F0305
:10A420001A461149786816F0C9F80346012B01D085
:10A43000022314E097F90F30002B03DB97F90F305C
:10A440000F2B01DD02230AE097F90F30184605F0C3
:10A450003BFF0346002B01D0012300E000231846F8
:10A460001037BD4680BD00BFAC100208B0B590B03B
:10A4700002AF7860174B07F110041D460FCD0FC4D3
:10A480000FCD0FC495E8030084E8030007F10F0324
:10A49000184605F03BFB0346002B01D0022315E0D4
:10A4A000FB7B092B01D9022310E0FB7B1A46FB7BC7
:10A4B0009B0038333B4453F8283C01930092064BF1
:10A4C00000220021002014F0F5F900231846383747
:10A4D000BD46B0BD0C110208B410020880B584B0AE
:10A4E00000AF786007F10F031A460E49786816F03E
:10A4F00065F80346012B01D002230EE0FB7B092BFC
:10A5000001D9022309E0FB7B184605F08FFE0346C4
:10A51000002B01D0022300E0002318461037BD466F
:10A5200080BD00BFAC10020880B586B002AF786075
:10A5300001F0BEFAF860FB68002B01D1012353E063
:10A5400007F10B03184605F099FA0346002B01D0DA
:10A55000022349E0FB689B68012B3BD1244B1B780D
:10A56000002B37D0FB7A002B34D107F10A031846B1
:10A5700006F064F80346002B01D0022334E0BB7AD6
:10A58000002B05D0BB7A012B02D0BB7A042B06D15D
:10A59000184B00220021002014F08CF919E0BB7A3E
:10A5A000052B08D0BB7A072B05D0BB7A082B02D02D
:10A5B000BB7A092B06D1104B00220021002014F099
:10A5C00079F906E00D4B00220021002014F072F909
:10A5D00009E008E0FB7A41330093094B0022002197
:10A5E000002014F067F9002318461037BD4680BDDF
:10A5F000780C0020341102083C11020844110208B2
:10A600004C11020880B584B000AF78600023FB7362
:10A6100001F04EFAB860BB68002B01D101233CE089
:10A620007B681B78432B22D0432B26DC412B02D0A6
:10A63000422B0DD021E0BB689B68012B02D1194B46
:10A6400000221A70002005F089F90346FB7316E01A
:10A65000BB689B68012B08D1124B01221A700120A4
:10A6600005F07CF90346FB7309E0072315E002209F
:10A6700005F074F90346FB7301E002230DE097F93E
:10A680000F3013F1030F01D1052306E097F90F30C6
:10A69000002B01D0012300E0002318461037BD46EF
:10A6A00080BD00BF780C002080B584B000AF78601A
:10A6B00007F10F03184605F02DFE0346002B01D0CD
:10A6C000022304E0FB7B184600F0C4FE002318467A
:10A6D0001037BD4680BD80B582B000AF78607B6822
:10A6E0001B78303B012B0DD87B681B78303B002B4F
:10A6F00014BF01230023DBB2184605F021FE00BF82
:10A70000002300E0022318460837BD4680BD80B50F
:10A7100084B000AF786007F10C03184605F0A4FE82
:10A720000346002B01D0022304E0FB68184600F02A
:10A73000A3FE002318461037BD4680BD80B584B007
:10A7400000AF786007F10C031A460B49786815F0E2
:10A7500035FF0346012B01D0022309E0FB681846B0
:10A7600005F025FF0346002B01D0022300E0002363
:10A7700018461037BD4680BD5411020880B584B01C
:10A7800000AF786007F10C03184605F08CFE034615
:10A79000002B01D0022304E0FB68184600F06CFE99
:10A7A000002318461037BD4680BD000080B584B038
:10A7B00000AF786007F10C031A460B49786815F072
:10A7C000FDFE0346012B01D0022309E0FB68184679
:10A7D00005F005FF0346002B01D0022300E0002313
:10A7E00018461037BD4680BD5411020880B584B0AC
:10A7F00000AF786007F10C03184605F0F7FD03463B
:10A80000002B01D0022304E0FB68184600F034FE60
:10A81000002318461037BD4680BD000080B584B0C7
:10A8200000AF786007F10C031A460B49786815F001
:10A83000C5FE0346012B01D0022309E0FB68184640
:10A8400005F085FE0346002B01D0022300E0002323
:10A8500018461037BD4680BD5411020880B584B03B
:10A8600000AF786007F10C03184605F0DEFD0346E3
:10A87000002B01D0022304E0FB68184600F0FCFD29
:10A88000002318461037BD4680BD000080B584B057
:10A8900000AF786007F10C031A460B49786815F091
:10A8A0008DFE0346012B01D0022309E0FB68184608
:10A8B00005F065FE0346002B01D0022300E00023D3
:10A8C00018461037BD4680BD5411020880B584B0CB
:10A8D00000AF786007F10803184605F045FD3B7BA3
:10A8E000184600F0B7FD002318461037BD4680BD5E
:10A8F00080B584B000AF786007F10803184605F012
:10A9000033FD07F1080304331A460E49786815F041
:10A9100055FE0346012B01D002230FE03B7B0F2B9A
:10A9200001D902230AE007F10803184605F0F3FDF8
:10A930000346002B01D0022300E000231846103705
:10A94000BD4680BDAC10020880B584B000AF786011
:10A9500007F10803184605F007FDBB68184600F02C
:10A9600079FD002318461037BD4680BD80B584B000
:10A9700000AF786007F10803184605F0F5FC07F111
:10A9800008031A460B49786815F018FE0346012B98
:10A9900001D002230AE007F10803184605F0BBFDC9
:10A9A0000346002B01D0022300E000231846103795
:10A9B000BD4680BD5411020880B584B000AF7860F8
:10A9C00007F10F03184605F0F1FC0346002B01D0F8
:10A9D000022305E097F90F30184600F03BFD0023F5
:10A9E00018461037BD4680BD80B584B000AF786092
:10A9F00007F10F031A460C49786815F0DFFD03468E
:10AA0000012B01D002230AE097F90F30184605F018
:10AA100069FD0346002B01D0022300E00023184605
:10AA20001037BD4680BD00BFAC10020880B584B0B1
:10AA300000AF786007F10F03184605F0E8FD034604
:10AA4000002B01D0022304E0FB7B184600F002FD3E
:10AA5000002318461037BD4680BD000080B584B085
:10AA600000AF786007F10F031A460E49786815F0B9
:10AA7000A5FD0346012B01D002230EE0FB7B072B33
:10AA800001D9022309E0FB7B184605F0CBFD034604
:10AA9000002B01D0022300E0002318461037BD46EA
:10AAA00080BD00BFAC10020880B582B000AF7860F6
:10AAB00001F008F80346002B01D1002300E0032336
:10AAC00018460837BD4680BD80B582B000AF7860BB
:10AAD00001F026F80346002B01D1002300E00323F8
:10AAE00018460837BD4680BDF0B5A7B00CAF7861F9
:10AAF000864B07F11C041D460FCD0FC495E80700D7
:10AB000084E8070007F13803184601F0B3F8FB6B3F
:10AB100000937F4B00220021002013F0CBFE3B6C02
:10AB200000937C4B00220021002013F0C3FEBB6B7E
:10AB3000002B4AD17B6C0093774B00220021002030
:10AB400013F0B8FEBB6C0093744B00220021002070
:10AB500013F0B0FE724B00220021002013F0AAFE79
:10AB60003B6D00936F4B00220021002013F0A2FEEA
:10AB70007B6D00936C4B00220021002013F09AFEA5
:10AB80006A4B00220021002013F094FEBB6D00935D
:10AB9000674B00220021002013F08CFEFB6D009318
:10ABA000644B00220021002013F084FE624B00223F
:10ABB0000021002013F07EFE7B6E00935F4B00228D
:10ABC0000021002013F076FE61E0BB6B012B56D113
:10ABD0007A6C7B6C9B00583307F110010B4453F8DF
:10ABE0004C3C01930092564B00220021002013F0B0
:10ABF00061FEBB6C0093534B00220021002013F038
:10AC000059FEFB6CFA6C0432019200934E4B002209
:10AC10000021002013F04EFE3B6D0093414B0022BB
:10AC20000021002013F046FE7B6D00933E4B002276
:10AC30000021002013F03EFE444B002200210020A2
:10AC400013F038FEBB6D0093394B00220021002029
:10AC500013F030FE3E4B00220021002013F02AFEAC
:10AC60003B6E00933B4B00220021002013F022FE9C
:10AC7000394B00220021002013F01CFE07E0BB6CC2
:10AC80000093364B00220021002013F013FEFB6BD3
:10AC90003A6C796CB86CFC6C04343D6D7E6DD7F801
:10ACA00038C0C7F810C0D7F858E0C7F80CE0D7F89C
:10ACB0005CC0C7F808C0D7F860E0C7F804E0D7F870
:10ACC00064C0CDF82CC0D7F804E0CDF828E0D7F860
:10ACD00008C0CDF824C0D7F80CE0CDF820E0D7F8B4
:10ACE00010C0CDF81CC006960595049403900291FF
:10ACF000019200931A4B00220021002013F0DAFD8C
:10AD0000002318466C37BD46F0BD00BFC8130208CB
:10AD1000581102086C1102088011020898110208EB
:10AD2000B4110208D4110208EC110208081202083A
:10AD30001C12020838120208541202087412020887
:10AD400098120208B4120208C4120208DC120208A7
:10AD5000F4120208201302083C1302085C130208D4
:10AD60007813020880B5A8B00CAF786007F14003F3
:10AD700030220021184615F09DFE07F1380107F139
:10AD80003C0207F110030A9307F11403099307F13A
:10AD90001803089307F11C03079307F12003069398
:10ADA00007F12403059307F12803049307F12C030B
:10ADB000039307F10C03029307F13003019307F1AA
:10ADC000340300930B467549786815F0F7FB03468A
:10ADD0000D2B01D00223DDE007F14003184600F0FF
:10ADE00049FF3B6A002B02D100233B640DE03B6A24
:10ADF000012B02D101233B6407E03B6A022B02D105
:10AE000002233B6401E00223C4E0FB6BB3F57A7FCD
:10AE100005D2FB6B624A02FB03F37B6401E0FB6B30
:10AE20007B64BB6B13F1090F08DBBB6B162B05DCD6
:10AE3000BB6BBB643B6C002B02D00CE00223A9E08F
:10AE40007B6BB3F5965F06D37B6B564A934202D871
:10AE50007B6BFB640DE03B6C012B05D17B6B062B00
:10AE600002D87B6BFB6404E03B6C022B01D0022315
:10AE700090E03B6C002B0AD13B6BB3F5167F06D3F9
:10AE80003B6B494A934202D83B6B3B6517E03B6CF6
:10AE9000012B08D13B6B042B05D93B6B0C2B02D843
:10AEA0003B6B3B650BE03B6C022B06D13B6BB3F578
:10AEB0007A7F02D83B6B3B6501E002236AE03B6C82
:10AEC000002B11D03B6C022B0ED03B6C012B09D117
:10AED000FB6A042B06D9FB6A082B03D8FB6A043BE8
:10AEE0007B6501E0022355E0BB6A012B05D8BB6AF4
:10AEF000BB657B6A012B04D801E002234AE07B6A30
:10AF0000FB65FB69002B08D0FB69FF2B05D8FB69AB
:10AF10003B663B6C012B15D001E002233AE03B6C11
:10AF2000022B0FD03B6C002B0AD1BB69B3F5167F07
:10AF300006D3BB691D4A934202D8BB697B6601E018
:10AF4000022327E03B6C002B0DD03B6C022B0AD078
:10AF50003B6C012B05D17B69022B02D87B69BB6658
:10AF600001E0022316E03B6C012B0DD03B6C022B61
:10AF70000AD03B6C002B05D13B69042B02D83B69FE
:10AF8000FB6601E0022305E007F14003184600F0EC
:10AF900061FE002318467037BD4680BDE4130208E9
:10AFA00040420F0038200700E0930400400D0300EA
:10AFB00080B584B000AF78607B68FB6007F1080360
:10AFC0001A460E49F86815F0F9FA0346012B07D026
:10AFD0000B4B00220021002013F06CFC022309E03F
:10AFE000BB68184600F066FE0346002B01D1002323
:10AFF00000E0032318461037BD4680BDCC0E020882
:10B000000C14020880B584B000AF78607B68FB60E8
:10B0100007F108031A460E49F86815F0CFFA0346FF
:10B02000012B07D00B4B00220021002013F042FC23
:10B03000022309E0BB68184600F07CFF0346002BA2
:10B0400001D1002300E0032318461037BD4680BD20
:10B05000CC0E02083414020880B584B002AF7860C8
:10B060007B681B78302B02D0312B03D01EE00120EF
:10B0700004F0FCFA022004F0F9FA00BF0023009368
:10B080000D4B00224FF0FF310C4814F045FC4FF4FB
:10B09000FA510A4814F054FD084814F073FC084AA9
:10B0A0000021042014F016F8002300E002231846C3
:10B0B0000837BD4680BD00BF9DB40008700D00205C
:10B0C000B5B4000880B59AB004AF78607B68FB64C3
:10B0D00007F1440107F1480207F13C03019307F12E
:10B0E000400300930B462B49F86C15F067FA0346B2
:10B0F000042B01D0022348E0BB6CB3F57A7F04D265
:10B10000BB6C254A02FB03F3BB647B6CB3F57A7F0F
:10B1100004D27B6C204A02FB03F37B64BB6C7B652F
:10B1200000233B652CE007F10C03184600F0A2FD5C
:10B130007B6D3B6107F10C03184600F08BFDFB6B48
:10B1400002933B6D01937B6D0093144B0122002110
:10B15000002013F0AFFB012000F0ACFD0346002BF4
:10B1600001D0032311E03B6C7A6D13447B657B6C4B
:10B170007A6D9A4201D9BB6C7B653B6D01333B65AF
:10B180003A6DFB6B9A42CED3002318465837BD4622
:10B1900080BD00BF6014020840420F006C1402081A
:10B1A00080B582B000AF786000F074FD054B0022DE
:10B1B0000021002013F07EFB002318460837BD460F
:10B1C00080BD00BF8814020880B582B000AF7860EF
:10B1D000F5F716FE0346184600F03CF90023184622
:10B1E0000837BD4680BD000080B584B002AF7860EE
:10B1F00039603B68D91C3B68981C3B6801333A684E
:10B200000192009303460A460449786815F0D6F97E
:10B21000034618460837BD4680BD00BFA814020883
:10B22000F0B599B00EAF786239623B6A03F1010C58
:10B230003B6A991C3B6AD81C3B6A1C1D3B6A5D1D1E
:10B240003B6A9E1D3B6A0733FB613B6A03F10802C0
:10B25000BA613B6A03F1090EC7F814E03B6A0A338E
:10B260003B613B6A03F10B02FA603B6A03F10C0E8F
:10B27000C7F808E03B6A0D337B603B6A03F10E02BE
:10B280003B6A0F330D930C927B680B93D7F808E061
:10B29000CDF828E0FA6809923B690893D7F814E0E2
:10B2A000CDF81CE0BA690692FB69059304960395F4
:10B2B00002940190009163463A6A0449786A15F055
:10B2C0007DF9034618462C37BD46F0BDBC14020874
:10B2D00080B586B004AF78603B1D03331B781A46F7
:10B2E0003B1D02331B7819463B1D01331B78184662
:10B2F0003B1D1B780393029001910092044B0022A6
:10B300000021002013F0D6FA00BF0837BD4680BDEB
:10B310000C150208F0B59BB010AF78627B6A1B7801
:10B3200018467B6A01331B781C467B6A02331B7804
:10B330001D467B6A03331B781E467B6A04331B78E9
:10B340003B627B6A05331B78FB617B6A06331B78A3
:10B35000BB617B6A07331B787B617B6A08331B7890
:10B360003B617B6A09331B78FB607B6A0A331B787D
:10B37000BB607B6A0B331B787B607B6A0C331B786A
:10B380003B607B6A0D331B7819467B6A0E331B7852
:10B390001A467B6A0F331B780F930E920D913A6811
:10B3A0000C927A680B92BA680A92FA6809923A6922
:10B3B00008927A690792BA690692FA6905923B6A1D
:10B3C00004930396029501940090054B00220021FE
:10B3D000002013F06FFA00BF2C37BD46F0BD00BF50
:10B3E00024150208F0B58BB008AF78607B681B7835
:10B3F0001A467B6801331B7819467B6802331B7839
:10B4000018467B6803331B781C467B6804331B7823
:10B410001D467B6805331B781E467B6806331B7808
:10B420003B607B6807331B7807933B680693059660
:10B4300004950394029001910092054B0022002193
:10B44000002013F037FA00BF0C37BD46F0BD00BF37
:10B450007815020880B584B002AF78607B680093ED
:10B46000044B00220021002013F024FA00BF08370B
:10B47000BD4680BDA415020880B584B002AF7860D7
:10B480007B680093044B00220021002013F012FA85
:10B4900000BF0837BD4680BDAC15020880B582B03C
:10B4A00000AF78600021042013F036FE00BF08379B
:10B4B000BD4680BD80B500AF0C4B5B6843221A705F
:10B4C0000A4B01225A70094B63221A7004F028F9C2
:10B4D0000346012B02D0064814F054FA0023002240
:10B4E0000021024804F038F900BF80BD540000205C
:10B4F000700D002080B582B000AF78600D4813F069
:10B50000C9F97B68002B02D00B4A7B6813600B4B98
:10B5100000221A600A4B00221A600A4B00221A60AD
:10B52000094B00221A60094B00221A6000BF08373D
:10B53000BD4680BDF5B7000808100020F80F0020B8
:10B54000FC0F002000100020F40F00200410002049
:10B5500080B590B000AF6B4B1B68012B40F0C880EA
:10B56000042000F04FFAEFF310837B627B6AFB63E9
:10B5700072B600BF644B1B68644A1360644B0022C0
:10B580001A60604B00221A60FB6BBB62BB6A83F3DC
:10B59000108800BF5F4B00221A60A9E05B4B1B685C
:10B5A0005D4AD35C012B24D1584B1B680133574AA9
:10B5B0001360564B1B68502B02D1544B00221A606B
:10B5C000EFF31083FB61FB69FB6272B600BF504B67
:10B5D0001B68013B4E4A1360FB6A3B623B6A83F384
:10B5E000108800BF062000F00DFA4A4B00221A60B6
:10B5F0007EE0464B1B68484AD35C0D2B05D0434B7D
:10B600001B68454AD35C0A2B3DD1404B1B68013374
:10B610003E4A13603D4B1B68502B02D13B4B00222E
:10B620001A60EFF310837B617B697B6372B600BFA6
:10B63000374B1B68013B364A13607B6BBB61BB69B0
:10B6400083F3108800BF334B1B68002B4FD0314B66
:10B650001B68324A0021D154EFF31083FB60FB6872
:10B660003B6372B600BF2D4800F05AF83B6B3B615C
:10B670003B6983F3108800BF284800F0FBF8254B96
:10B6800000221A6033E0234B1B6840F21B229342D6
:10B6900006D1204B00221A60042000F0B3F927E005
:10B6A0001A4B1A68531C19490B601A4B1B68591C1A
:10B6B000184801601849895C184AD154134B1B681B
:10B6C000502B02D1114B00221A60EFF310837B60E4
:10B6D0007B68BB6372B600BF0D4B1B68013B0C4A15
:10B6E0001360BB6BBB60BB6883F3108800E000BFD6
:10B6F000074B1B68002B7FF451AF00BF00BF4037E2
:10B70000BD4680BD04100020F80F0020FC0F002073
:10B7100000100020F40F0020880D0020D80D00201C
:10B7200080B489B000AF78600023FB610023BB6167
:10B7300000237B610BE07A687B6913441B78082B3C
:10B7400002D1BB690133BB617B6901337B617A68DC
:10B750007B6913441B78002BEDD10023FB613FE094
:10B7600000233B610023FB6002E03B6901333B6146
:10B770003B697A6813441B78082BF6D13B69002B90
:10B7800028DD3B69013BFB600BE0FB6802337A6814
:10B790001A44FB6879680B4412781A70FB6801330D
:10B7A000FB607B699A1EFB689A42EED8FB685A1CC4
:10B7B000FA601A467B68134400221A70FB685A1C10
:10B7C000FA601A467B68134400221A707B69023BB8
:10B7D0007B6102E04FF0FF3307E0FB690133FB615F
:10B7E000FA69BB699A42BBD3002318462437BD4689
:10B7F00080BC704780B582B000AF78600B467B801C
:10B8000013467B70164B1B680133154A1360144BAB
:10B810001B68512B08D1134B01221A60104B1B6877
:10B82000013B0F4A13600FE00F4B1B685A1C0E4977
:10B830000A607A6811780D4AD1540B4B1B68502B63
:10B8400002D1094B00221A60094B1B68002B02D061
:10B85000074B1B68984700BF0837BD4680BD00BF37
:10B860000010002004100020F80F0020880D002098
:10B870000810002080B586B000AF78600023FB750B
:10B880007B681B78412B04D17B6801331B78542BD8
:10B8900002D00123FB75A8E07B6802331B78002BE4
:10B8A00000F0A3807B6802331B783F2B29D1534BD8
:10B8B00000220021002012F0FDFF0346002BF6D1EC
:10B8C00000233B6113E04E493A6913465B00134481
:10B8D000DB000B4414331B6800220021002012F00F
:10B8E000E9FF0346002BEED13B6901333B613B6925
:10B8F000242BE8D900BF12F0BBFF0346012BFAD17D
:10B9000073E00123FB757B6802337B6000233B619E
:10B9100068E03B493A6913465B001344DB000B4483
:10B92000196837483A6913465B001344DB00034447
:10B9300004331B681A46786815F0C4F80346002BD8
:10B940004DD13A6913465B001344DB002C4A134483
:10B95000FB60FB685B681A467B6813447B607B680E
:10B960001B783F2B2AD03F2B37DC002B02D03D2BFE
:10B9700007D032E0FB681B69786898470346FB757F
:10B980002CE07B6801331B783F2B0ED17B680233A0
:10B990001B78002B09D1FB689B687A68013210463E
:10B9A00098470346FB7500BF18E0FB68DB687A68C0
:10B9B0000132104698470346FB750FE0FB685B6950
:10B9C00000220021002012F075FF0346002B01D059
:10B9D00000BFF3E70023FB7500E000BF05E03B6913
:10B9E00001333B613B69242B93D9FB7D184600F062
:10B9F00009F800BF1837BD4680BD00BF3C240208CF
:10BA0000002C020880B582B000AF0346FB71FB79C1
:10BA10000A2B01D90A23FB71FB79084A52F823301B
:10BA200000220021002012F045FF0346002BF3D135
:10BA300000BF00BF0837BD4680BD00BFD42B020841
:10BA400080B500AF184B00221A60174B00225A60D5
:10BA5000154B00229A60144B0022DA60124B5B688F
:10BA600043F02003104A53600F4B5B6843F480732C
:10BA70000D4A53600C4B5B68002B0DD10B4B002221
:10BA80000021002012F016FF00BF12F0F1FE034665
:10BA9000012BFAD100BFFDE7034B0022DA60024B15
:10BAA00003221A6000BF80BD0C100020C4240208CD
:10BAB00080B400AF024B1846BD4680BC704700BF43
:10BAC0000C10002080B500AF114B1B7803F0010370
:10BAD000002B18D10E4B1B7843F00103DAB20C4B4C
:10BAE0001A700C4B01220021002012F0E3FE0A4BD9
:10BAF000DB6B0A4A5068094A926851B24FF6FF72EE
:10BB00009847002301E04FF0FF33184680BD00BF87
:10BB10001C10002014250208443302085C00002099
:10BB200090B597B002AF0023FB640023A7F84A301A
:10BB3000424B1B7803F00203002B78D13F4B1B785C
:10BB400043F00203DAB23D4B1A703D4B0122002153
:10BB5000002012F0AFFE3B4BDB683B4A52681046B8
:10BB600098473A4B7B600023BB60374BDB6A002B66
:10BB700004D0354BDB6A0833DBB200E000233B74B2
:10BB8000314BDB687B61304B1B69BB610323FB617D
:10BB9000032387F821303B1D7B6240F2FF13BB85F6
:10BBA000012387F82F30F22387F8303041F2210348
:10BBB0007B86012387F83630224B5C6F07F10C013E
:10BBC000002301220020A0476FF07F43FB641E4B3F
:10BBD0009B69002B04D11B4B5B6BF86C984703E00F
:10BBE000184B5B6EF86C9847164BDB6D9847034615
:10BBF0001846F5F79CFE134B1B6C00209847034634
:10BC0000A7F84A30B7F94A300093114B01220021BE
:10BC1000002012F04FFE0B4BDB6A9847074B1B7856
:10BC200023F00203DAB2054B1A70002301E04FF053
:10BC3000FF3318465437BD4690BD00BF1C1000208E
:10BC400024250208443302085C000020C194C1008E
:10BC50003425020880B582B000AF78603022796860
:10BC6000034813F019F9002318460837BD4680BD74
:10BC70005C00002080B582B000AF786030220449BB
:10BC8000786813F009F9002318460837BD4680BDCF
:10BC90005C00002080B500AF044B00221A70044BFA
:10BCA000DB6A98470023184680BD00BF1C100020A7
:10BCB0004433020890B597B002AF78608A4B1B7886
:10BCC00003F00403002B40F00981874B1B7843F0FD
:10BCD0000403DAB2844B1A70844B01220021002045
:10BCE00012F0E8FD824B834A1A60814B824A9A60C7
:10BCF0007F4B824A5A607E4B814ADA607C4B814A94
:10BD00001A61814B1B687A489847804B1B6ADBB2EB
:10BD100019467F4800F0D2FA0123FB64D0E07B682B
:10BD20000193FB6C00937B4B01220021002012F059
:10BD3000C1FD754BDB68754A526810469847734BD6
:10BD40001B68002B3AD1744BFB6000233B616F4BA7
:10BD5000DB6A002B04D06D4BDB6A0733DBB200E0FB
:10BD600000233B75694BDB68BB61684B5B6A3B62D8
:10BD7000664B1B69FB6103237B62032387F8283032
:10BD800007F10C03FB6240F2FF133B86012387F8A7
:10BD90003230F22387F8333041F22103BB8600238F
:10BDA00087F83830584B9C6F584B9B685AB207F154
:10BDB000140140F6B8330020A04745E0534B1B6800
:10BDC000012B2BD1514BDB68DBB287F83D304F4B59
:10BDD0001B69DBB287F83C304C4B5B69DBB287F800
:10BDE0003E304A4B9B6ADBB287F83F300823A7F806
:10BDF0004030002387F84230012387F84330002386
:10BE000087F84430404B9C6F404B9B685AB207F117
:10BE1000140140F6B8330120A04715E03B4B1B68E6
:10BE2000022B0ED1394B1B69BB64374B9C6F374BD0
:10BE30009B685AB207F1140140F6B8330220A047BC
:10BE400002E04FF0FF334BE02F4B9B6A2F4A126A00
:10BE5000D2B211462E489847012013F0A7F92A4B79
:10BE6000DB6A98472D4B1B68012B05D12C4B012217
:10BE70000021002012F01EFD2A4B1B68012B05D16A
:10BE8000294B01220021002012F014FD274B1B68D2
:10BE9000012B05D1264B01220021002012F00AFDC2
:10BEA0004FF4FA70F5F743FD1C4B00221A601D4B4E
:10BEB00000221A601D4B00221A60FB6C0133FB64E8
:10BEC000FA6C7B689A427FF72AAF074B1B7823F006
:10BED0000403DAB2044B1A70002301E04FF0FF3381
:10BEE00018465437BD4690BD1C100020502502084E
:10BEF0003810002015C200082DC2000875C20008C5
:10BF00008DC20008A5C20008443302085C0000206E
:10BF10005410002060250208C194C10020100020A8
:10BF200070250208241000207C2502083010002013
:10BF30008C25020890B59DB004AF78600023BB65E6
:10BF400000237B6500233B6507F110033C220021A1
:10BF5000184614F0AFFD9A4B1B7803F00803002B32
:10BF600040F028817B68002B40F32481944B1B78A0
:10BF700043F00803DAB2924B1A70924B924A1A605D
:10BF8000904B924A9A608F4B914A5A608D4B914ADE
:10BF9000DA608C4B904A1A61904B1B68894898472D
:10BFA0000123FB65F8E08D4BDB688D4A5268104633
:10BFB00098478B4B1B68002B3CD18A4BBB600023FE
:10BFC000FB60874BDB6A002B04D0854BDB6A0833B0
:10BFD000DBB200E000233B75814BDB68BB61804B2B
:10BFE0001B69FB6103233B62032387F8253007F1BC
:10BFF0000803BB62042387F8243040F2FF133B861A
:10C00000012387F83330F22387F8343041F22103DB
:10C01000FB86002387F83A30FF23FB62002387F872
:10C0200032306E4B5C6F07F11001002301220020BB
:10C03000A0472FE06A4B1B68012B28D1684BDB68B7
:10C04000DBB287F84130664B1B69DBB287F84030C2
:10C05000634B5B69DBB287F84230614B9B6ADBB2B2
:10C0600087F843300823A7F84430002387F8463088
:10C07000012387F84830002387F84930574B5C6F1D
:10C0800007F110011E2301220120A04702E04FF01A
:10C09000FF3391E0514B5B6B41F2883098470120B0
:10C0A00013F084F84D4BDB6A98474F4B1B68012B0C
:10C0B0002AD14E4B1B88A7F84E304D4B1B7887F882
:10C0C0004D304C4B01220021002012F0F3FB444B79
:10C0D0001B68002B0CD1B7F94E3097F94D20019217
:10C0E0000093454B01220021002012F0E3FB0BE0FE
:10C0F000B7F94E3097F94D20019200933F4B012242
:10C100000021002012F0D6FB3D4B1B68012B05D10E
:10C110003C4B01220021002012F0CCFB3A4B1B6863
:10C12000012B05D1394B01220021002012F0C2FB66
:10C13000334B1B68012B03D0334B1B68012B02D1FF
:10C140007B6D01337B65284B1B68012B02D1BB6DD6
:10C150000133BB65244B00221A60294B00221A6070
:10C16000294B00221A607B6D642203FB02F2796D79
:10C17000BB6D0B44B2FBF3F33B653B6D02937B68F5
:10C180000193FB6D0093224B01220021002012F04D
:10C1900091FBFB6D0133FB65FA6D7B689A427FF77B
:10C1A00002AF074B1B7823F00803DAB2044B1A7076
:10C1B000002301E04FF0FF3318466437BD4690BDC1
:10C1C0001C1000203810002015C200082DC20008E5
:10C1D00075C200088DC20008A5C2000844330208D9
:10C1E0005C000020C194C100281000203410002001
:10C1F0003610002098250208A4250208C42502084C
:10C200002C100020E8250208301000208C250208A0
:10C21000F825020880B500AF034B01221A60012007
:10C2200012F0A6FF00BF80BD2010002080B584B0B2
:10C2300000AFF860084611461A4603467B810B465C
:10C240003B811346FB71084A3B891380074AFB79FF
:10C250001370074B01221A60012012F089FF00BF02
:10C260001037BD4680BD00BF3410002036100020BE
:10C270002810002080B500AF034B01221A60012076
:10C2800012F076FF00BF80BD2410002080B500AF03
:10C29000034B01221A60012012F06AFF00BF80BD2B
:10C2A0002C10002080B500AF034B01221A60012042
:10C2B00012F05EFF00BF80BD3010002080B586B058
:10C2C00000AF78600B46FB700223FB82FB789BB2C9
:10C2D0001A460021786812F0FEFD00233B6134E02D
:10C2E000FB8A1B0A9AB2FB8A1B099BB253409BB282
:10C2F00003F00103FB60B7F916305B001AB2FB686C
:10C300001BB213431BB29BB2C3F30803FB823B690E
:10C31000002B00DA0733DB10184602467B68134413
:10C320001B785AB2FB8A03F001013B6903F0070353
:10C3300001FA03F35BB213435AB201467B680B4424
:10C34000D2B21A703B6901333B61FB78DB003A697A
:10C350009A42C5DB002318461837BD4680BD80B51C
:10C3600000AFF6F773F80346184680BD80B582B07B
:10C3700000AF0346FB71FB791846F6F79BF80346BE
:10C3800018460837BD4680BD80B500AFF6F7E0F827
:10C390000346184680BD80B500AFF6F7E0F80346C7
:10C3A000184680BD80B500AFF6F7E0F803461846A2
:10C3B00080BD80B485B000AF0346FB800023FB60E6
:10C3C000B7F90630842B05D0B7F90620FB68134473
:10C3D0000333FB60FB6818461437BD4680BC7047CA
:10C3E00080B500AF00F0E0FA0023184680BDF0B53C
:10C3F00089B004AF786039607B685B69002B20D01E
:10C400007B689B69002B1CD07B685C687B681D681F
:10C410007B681E697B68B3F908301846FFF7C9FFCF
:10C4200001467B685B697A68926902920193009188
:10C430003B6832462946204600F0E8F80346FB6098
:10C440001CE07B685C687B681D687B681B699EB22A
:10C450007B68B3F908301846FFF7ABFF024607F1D7
:10C460000C03019300923B6832462946204600F0B7
:10C470002DF90346012B01D0002300E0FB6818468C
:10C480001437BD46F0BD80B584B000AF78607B68DE
:10C49000FB60FB68002B01D0FB6800E0012318461D
:10C4A00000F04CFA002318461037BD4680BD80B41A
:10C4B00083B000AF78607B6803F108027B685A6044
:10C4C0007B684FF0FF329A607B6803F108027B685B
:10C4D000DA607B6803F108027B681A617B680022DE
:10C4E0001A6000BF0C37BD4680BC704780B483B073
:10C4F00000AF78607B6800221A6100BF0C37BD4630
:10C5000080BC704780B485B000AF786039607B68CC
:10C510005B68FB603B68FA685A60FB689A683B6836
:10C520009A60FB689B683A685A60FB683A689A6050
:10C530003B687A681A617B681B685A1C7B681A60C2
:10C5400000BF1437BD4680BC704780B485B000AFD3
:10C55000786039603B681B68BB60BB68B3F1FF3F24
:10C5600003D17B681B69FB600CE07B680833FB60D0
:10C5700002E0FB685B68FB60FB685B681B68BA688D
:10C580009A42F6D2FB685A683B685A603B685B681F
:10C590003A689A603B68FA689A60FB683A685A6041
:10C5A0003B687A681A617B681B685A1C7B681A6052
:10C5B00000BF1437BD4680BC704780B485B000AF63
:10C5C00078607B681B69FB607B685B687A6892684F
:10C5D0009A607B689B687A6852685A60FB685B68FF
:10C5E0007A689A4203D17B689A68FB685A607B68D4
:10C5F00000221A61FB681B685A1EFB681A60FB6800
:10C600001B6818461437BD4680BC704780B58EB095
:10C6100004AFF860B9607A603B607B6B002B0BD194
:10C620004FF0500383F31188BFF36F8FBFF34F8F29
:10C630003B6200BF00BFFDE7BB6B002B0BD14FF08F
:10C64000500383F31188BFF36F8FBFF34F8FFB61EC
:10C6500000BF00BFFDE754233B613B69542B0BD067
:10C660004FF0500383F31188BFF36F8FBFF34F8FE9
:10C67000BB6100BF00BFFDE73B69BB6B002B1ED059
:10C680007B6B002B1BD0BB6B7B627B6A7A6B1A6364
:10C690007B6A022283F85120002303937B6A029372
:10C6A00007F1140301933B6B00933B687A68B96808
:10C6B000F86800F050F8786A00F0D6F801E000233E
:10C6C0007B617B6918462837BD4680BD80B58CB03C
:10C6D00004AFF860B9603B601346FB80FB889B00A9
:10C6E000184601F033F878617B69002B0ED0542096
:10C6F00001F02CF8F861FB69002B03D0FB697A6923
:10C700001A6305E0786901F0E9F801E00023FB61B4
:10C71000FB69002B17D0FB69002283F85120FA88AF
:10C7200000230393FB690293FB6A0193BB6A0093A6
:10C730003B68B968F86800F00EF8F86900F094F802
:10C740000123BB6102E04FF0FF33BB61BB691846B8
:10C750002037BD4680BD80B588B000AFF860B960B5
:10C760007A603B603B6B1A6B7B6803F18043013B53
:10C770009B001344BB61BB6923F00703BB61BB692A
:10C7800003F00703002B0BD04FF0500383F3118805
:10C79000BFF36F8FBFF34F8F7B6100BF00BFFDE71B
:10C7A000BB68002B1FD00023FB6112E0BA68FB6955
:10C7B000134419783A6BFB69134434330A461A70F0
:10C7C000BA68FB6913441B78002B06D0FB69013360
:10C7D000FB61FB690F2BE9D900E000BF3B6B002236
:10C7E00083F8432003E03B6B002283F83420BB6ACC
:10C7F000062B01D90623BB623B6BBA6ADA623B6B3C
:10C80000BA6A5A643B6B00229A643B6B0433184645
:10C81000FFF76CFE3B6B18331846FFF767FE3B6B68
:10C820003A6B1A61BB6AC3F107023B6B9A613B6BBF
:10C830003A6B5A623B6B0022DA643B6B002283F84E
:10C8400050203A68F968B86900F0E4FC02463B6B96
:10C850001A60FB6A002B02D0FB6A3A6B1A6000BFB9
:10C860002037BD4680BD000080B582B000AF786043
:10C8700000F0C4FD2A4B1B680133294A1360294B81
:10C880001B68002B09D1274A7B681360244B1B6867
:10C89000012B10D100F07CFB0DE0234B1B68002B1B
:10C8A00009D1204B1B68DA6A7B68DB6A9A4202D89E
:10C8B0001C4A7B6813601D4B1B6801331B4A1360C5
:10C8C0007B68DB6A01229A40194B1B681343184AA4
:10C8D00013607B68DA6A13469B0013449B00154A79
:10C8E0001A447B68043319461046FFF70BFE00F02C
:10C8F000B5FD0D4B1B68002B0ED00A4B1B68DA6A86
:10C900007B68DB6A9A4207D20B4B4FF080521A6069
:10C91000BFF34F8FBFF36F8F00BF0837BD4680BD99
:10C9200054120020541100206012002070120020C8
:10C930005C1200205811002004ED00E080B584B0A6
:10C9400000AF78600023FB607B68002B18D0144B8D
:10C950001B68002B0BD04FF0500383F31188BFF3FB
:10C960006F8FBFF34F8FBB6000BF00BFFDE700F0CC
:10C970007DF80021786800F0E7FB00F0BFF8F86070
:10C98000FB68002B07D1074B4FF080521A60BFF3B2
:10C990004F8FBFF36F8F00BF1037BD4680BD00BF04
:10C9A0007C12002004ED00E080B58AB004AF0023C3
:10C9B000BB6000237B603A46391D07F10803184627
:10C9C000F4F7C6FA39687B68BA68029201930023CB
:10C9D000009300230A461F491F48FFF717FE03462E
:10C9E0001E4A13601D4B1B68002B02D001237B6184
:10C9F00001E000237B617B69012B16D14FF05003CE
:10CA000083F31188BFF36F8FBFF34F8F3B6100BF7C
:10CA1000134B4FF0FF321A60124B01221A60124B77
:10CA200000221A6000F078FC0FE07B69B3F1FF3F51
:10CA30000BD14FF0500383F31188BFF36F8FBFF317
:10CA40004F8FFB6000BF00BFFDE700BF1837BD463A
:10CA500080BD00BF18260208B5CE0008781200205D
:10CA600074120020601200205812002080B400AF21
:10CA7000044B1B680133034A136000BFBD4680BCF2
:10CA8000704700BF7C12002080B485B000AF002347
:10CA9000BB6001237B60144B1B687A689A4201D209
:10CAA0000123BB60114B1B68DB6A002B02D0002303
:10CAB000FB6012E00E4B1B68012B02D90023FB60C8
:10CAC0000BE0BB68002B02D00023FB6005E0094BA4
:10CAD0001A68094B1B68D31AFB60FB6818461437A9
:10CAE000BD4680BC704700BF5C120020541100207E
:10CAF00058110020741200205812002080B584B014
:10CB000000AF0023FB600023BB60424B1B68002B7F
:10CB10000BD14FF0500383F31188BFF36F8FBFF336
:10CB20004F8F3B6000BF00BFFDE700F067FC394B53
:10CB30001B68013B374A1360364B1B68002B61D1E1
:10CB4000354B1B68002B5DD02EE0344BDB68DB6877
:10CB5000FB60FB6818331846FFF72FFDFB680433B2
:10CB60001846FFF72AFDFB68DB6A01229A402C4B2E
:10CB70001B6813432A4A1360FB68DA6A13469B005A
:10CB800013449B00274A1A44FB6804331946104695
:10CB9000FFF7B8FCFB68DA6A234B1B68DB6A9A4232
:10CBA00002D3224B01221A601C4B1B68002BCCD1F4
:10CBB000FB68002B01D000F089FA1D4B1B687B60DD
:10CBC0007B68002B10D000F05FF80346002B02D0EA
:10CBD000164B01221A607B68013B7B607B68002B4F
:10CBE000F1D1134B00221A60104B1B68002B09D0A7
:10CBF0000123BB600F4B4FF080521A60BFF34F8F81
:10CC0000BFF36F8F00F02AFCBB6818461037BD4693
:10CC100080BD00BF7C12002054120020141200209E
:10CC20005C120020581100205411002068120020CE
:10CC30006412002004ED00E080B485B000AF78609D
:10CC40000F4B1A687B681A440E4B1B689A420BD92B
:10CC50004FF0500383F31188BFF36F8FBFF34F8FF3
:10CC6000FB6000BF00BFFDE7054B1A687B681344FB
:10CC7000034A136000BF1437BD4680BC704700BF35
:10CC8000581200207412002080B586B000AF002337
:10CC90007B614F4B1B68002B40F089804D4B1B681C
:10CCA00001333B614B4A3B6913603B69002B21D147
:10CCB000494B1B681B68002B0BD04FF0500383F3CC
:10CCC0001188BFF36F8FBFF34F8F3B6000BF00BF72
:10CCD000FDE7414B1B68FB60404B1B683E4A1360FD
:10CCE0003E4AFB6813603E4B1B6801333C4A1360AD
:10CCF00000F0ECF93B4B1B683A699A4248D3364B3B
:10CD00001B681B68002B04D1364B4FF0FF321A60B2
:10CD10003EE0314B1B68DB68DB68BB60BB685B686F
:10CD20007B603A697B689A4203D22E4A7B68136023
:10CD30002EE0BB6804331846FFF73FFCBB689B6AD4
:10CD4000002B04D0BB6818331846FFF736FCBB68CD
:10CD5000DB6A01229A40244B1B681343224A13606A
:10CD6000BB68DA6A13469B0013449B001F4A1A44AF
:10CD7000BB68043319461046FFF7C4FBBB68DA6A88
:10CD80001B4B1B68DB6A9A42B9D301237B61B6E770
:10CD9000174B1B68DA6A154913469B0013449B0026
:10CDA0000B441B68012B07D901237B6104E0114B65
:10CDB0001B6801330F4A13600F4B1B68002B01D017
:10CDC00001237B617B6918461837BD4680BD00BFD3
:10CDD0007C120020581200200C120020101200209B
:10CDE0006C120020741200205C12002058110020E8
:10CDF00054110020641200206812002080B487B013
:10CE000000AF274B1B68002B03D0264B01221A6072
:10CE100040E0244B00221A60234B1B68FB60FB6838
:10CE2000B3FA83F3FB72FB7AC3F11F037B611F49E3
:10CE30007A6913469B0013449B000B441B68002B2C
:10CE40000BD14FF0500383F31188BFF36F8FBFF303
:10CE50004F8F7B6000BF00BFFDE77A6913469B00E0
:10CE600013449B00114A13443B613B695B685A6859
:10CE70003B695A603B695A683B6908339A4204D15E
:10CE80003B695B685A683B695A603B695B68DB6871
:10CE9000074A136000BF1C37BD4680BC704700BF07
:10CEA0007C120020681200205C1200205811002023
:10CEB0005411002080B584B000AF786000F0A8F86D
:10CEC000184B1B68012B07D9174B4FF080521A6083
:10CED000BFF34F8FBFF36F8FFFF7D6FDF860FB688E
:10CEE000012BEBD9FFF7C2FD104B1A68104B1B68E2
:10CEF0009A420BD24FF0500383F31188BFF36F8F28
:10CF0000BFF34F8FBB6000BF00BFFDE7FFF7BCFD65
:10CF1000F860FB68012B02D9F86800F00FFBFFF7FF
:10CF2000EDFDCBE75811002004ED00E07412002065
:10CF30005812002080B483B000AF01233B6001236E
:10CF4000FB710F4B1B68002B02D00023FB7110E01C
:10CF50000C4B1B68002B02D00023FB7109E00A4B2D
:10CF60001A680A4B19683B68CB1A9A4201D102230E
:10CF7000FB71FB7918460C37BD4680BC704700BF7B
:10CF800014120020681200204012002054120020C9
:10CF900080B582B000AF00237B600CE07A68134656
:10CFA0009B0013449B00124A13441846FFF77FFA74
:10CFB0007B6801337B607B68062BEFD90D48FFF758
:10CFC00076FA0D48FFF773FA0C48FFF770FA0C4831
:10CFD000FFF76DFA0B48FFF76AFA0B4B054A1A6028
:10CFE0000A4B054A1A6000BF0837BD4680BD00BF26
:10CFF00058110020E4110020F81100201412002024
:10D0000028120020401200200C12002010120020D4
:10D0100080B582B000AF19E000F0F0F9104BDB688A
:10D02000DB687B607B6804331846FFF7C6FA0D4B5C
:10D030001B68013B0B4A13600B4B1B68013B0A4A00
:10D04000136000F00BFA786800F010F8064B1B68CC
:10D05000002BE1D100BF00BF0837BD4680BD00BF37
:10D0600028120020541200203C12002080B584B009
:10D0700000AF78607B6893F85130002B08D17B6853
:10D080001B6B184600F02AFC786800F027FC19E0BA
:10D090007B6893F85130012B03D1786800F01EFCB7
:10D0A00010E07B6893F85130022B0BD04FF0500307
:10D0B00083F31188BFF36F8FBFF34F8FFB6000BF07
:10D0C00000BFFDE700BF1037BD4680BD80B483B010
:10D0D00000AF0C4B1B681B68002B04D10A4B4FF0B0
:10D0E000FF321A6008E0074B1B68DB68DB687B6077
:10D0F0007B685B68044A136000BF0C37BD4680BC88
:10D10000704700BF0C1200207412002080B483B05E
:10D1100000AF0B4B1B68002B02D101237B6008E0A2
:10D12000084B1B68002B02D102237B6001E0002327
:10D130007B607B6818460C37BD4680BC704700BFDB
:10D14000601200207C12002080B584B000AF7860AF
:10D150003960294B1B68FB60284B1B680433184659
:10D16000FFF72BFA0346002B0BD1244B1B68DB6A1D
:10D17000012202FA03F3DA43214B1B681340204AD1
:10D1800013607B68B3F1FF3F0AD13B68002B07D0E7
:10D190001A4B1B68043319461A48FFF7B3F926E007
:10D1A000FA687B681344BB60144B1B68BA685A600A
:10D1B000BA68FB689A4209D2134B1A680F4B1B6876
:10D1C000043319461046FFF7C0F910E00F4B1A68F8
:10D1D0000A4B1B68043319461046FFF7B6F90C4B8F
:10D1E0001B68BA689A4202D2094ABB68136000BF42
:10D1F0001037BD4680BD00BF5812002054110020DA
:10D200005C12002040120020101200200C1200209E
:10D210007412002080B485B000AFF860B9607A6005
:10D22000FB68043BFB60FB684FF080721A60FB6890
:10D23000043BFB60BB6823F00102FB681A60FB68DB
:10D24000043BFB60084AFB681A60FB68143BFB6008
:10D250007A68FB681A60FB68203BFB60FB68184635
:10D260001437BD4680BC70476DD2000880B485B0CD
:10D2700000AF00237B60124B1B68B3F1FF3F0BD064
:10D280004FF0500383F31188BFF36F8FBFF34F8FBD
:10D29000FB6000BF00BFFDE74FF0500383F3118830
:10D2A000BFF36F8FBFF34F8FBB6000BF00BF7B68C2
:10D2B000002BFCD000BF00BF1437BD4680BC7047B8
:10D2C0008C000020000000000000000000000000B2
:10D2D000074B19680868B0E8F00F80F30988BFF3BE
:10D2E0006F8F4FF0000080F311884EF00D0E7047E5
:10D2F0005411002000BF00BF06480068006880F39A
:10D30000088862B661B6BFF34F8FBFF36F8F00DF3F
:10D3100000BF00BF08ED00E080B584B000AF324B25
:10D32000FB60FB681B78DBB27B60FB68FF221A7036
:10D33000FB681B78DBB2FB70FB78DBB203F05003B9
:10D34000DAB22A4B1A702A4B07221A6009E0284BDE
:10D350001B68013B264A1360FB78DBB25B00DBB243
:10D36000FB70FB78DBB203F08003802BEFD0204B07
:10D370001B68C3F10703042B0BD04FF0500383F35A
:10D380001188BFF36F8FBFF34F8FBB6000BF00BF2B
:10D39000FDE7174B1B681B02154A1360144B1B68F3
:10D3A00003F4E063124A13607B68DAB2FB681A7018
:10D3B000104B1B680F4A43F4700313600D4B1B683E
:10D3C0000C4A43F07043136000F084F90A4B0022CA
:10D3D0001A60FFF791FFFFF711FDFFF747FF0023EA
:10D3E00018461037BD4680BD00E400E08C120020D6
:10D3F0009012002020ED00E08C00002080B483B06B
:10D4000000AF4FF0500383F31188BFF36F8FBFF36A
:10D410004F8F7B6000BF0F4B1B6801330D4A1360B9
:10D420000C4B1B68012B10D10B4B1B68DBB2002B84
:10D430000BD04FF0500383F31188BFF36F8FBFF30E
:10D440004F8F3B6000BF00BFFDE700BF0C37BD46FC
:10D4500080BC70478C00002004ED00E080B483B0F5
:10D4600000AF124B1B68002B0BD14FF0500383F31E
:10D470001188BFF36F8FBFF34F8F7B6000BF00BF7A
:10D48000FDE70A4B1B68013B084A1360074B1B680A
:10D49000002B05D100233B603B6883F3118800BF5C
:10D4A00000BF0C37BD4680BC704700BF8C00002019
:10D4B000EFF30980BFF36F8F0D4B1A6820E9F00F6F
:10D4C00010602DE908404FF0500080F31188FFF7FD
:10D4D00095FC4FF0000080F31188BDE80840196802
:10D4E0000868B0E8F00F80F30988BFF36F8F7047CA
:10D4F0005411002000BF00BF80B582B000AF4FF0D4
:10D50000500383F31188BFF36F8FBFF34F8F7B609E
:10D5100000BFFFF7B9FB0346002B03D0064B4FF0CB
:10D5200080521A6000233B603B6883F3118800BF80
:10D5300000BF0837BD4680BD04ED00E080B588B06F
:10D5400000AF78607A685D4B1B689A4202D95B4BEA
:10D550001B687B605A4B1B68594A23F00103136018
:10D56000584B1A687B68013B5749096801FB03F374
:10D570001344FB61554B1B68FA699A4204D9534B1B
:10D580001B68FA69D31AFB6172B6BFF34F8FBFF302
:10D590006F8FFFF7CFFC0346002B10D1494B4C4A4D
:10D5A0001B681360464B1B68454A43F00103136038
:10D5B000454B1B68464A013B136062B67AE0444A19
:10D5C000FB6913603F4B00221A603D4B1B683C4ACD
:10D5D00043F0010313607B68FB6007F10C031846FE
:10D5E000F3F788FCFB68002B04D0BFF34F8F30BFEC
:10D5F000BFF36F8F3B1D1846F3F79AFC62B6BFF37B
:10D600004F8FBFF36F8F72B6BFF34F8FBFF36F8F24
:10D610002B4B06221A602A4B1B6803F48033002B25
:10D620001DD0294B1A68274B1968FB69CB1A134484
:10D63000013B7B61254B1B687A699A4204D3224BDC
:10D640001B687A699A4203D91F4B1B68013B7B61B7
:10D650001F4A7B6913607B68013BBB6118E07B68F4
:10D66000194A126803FB02F2164B1B68D31A3B617E
:10D67000154B1B683A69B2FBF3F3BB61BB6901331D
:10D68000114A126803FB02F211493B69D31A0B607D
:10D690000C4B00221A600A4B1B68094A43F0010335
:10D6A0001360B869FFF7C8FA074B1B68084A013BCB
:10D6B000136062B600BF2037BD4680BD84120020D3
:10D6C00010E000E018E000E0801200208812002046
:10D6D00014E000E080B400AF144B1B68144AA2FBB6
:10D6E00003239B09134A1360124B1B686FF07F42A0
:10D6F000B2FBF3F3104A1360104B2D221A60104B4B
:10D7000000221A600F4B00221A60084B1B68084A5F
:10D71000A2FB03239B090C4A013B1360084B072221
:10D720001A6000BFBD4680BC704700BF00000020EB
:10D73000D34D621080120020841200208812002035
:10D7400010E000E018E000E014E000E080B58AB0EE
:10D7500000AF78600023FB61FFF788F95A4B1B6824
:10D76000002B01D100F016F9584B1A687B68134062
:10D77000002B40F090807B68002B1ED008227B6835
:10D7800013447B607B6803F00703002B15D07B6894
:10D7900023F0070308337B607B6803F00703002B4B
:10D7A0000BD04FF0500383F31188BFF36F8FBFF39B
:10D7B0004F8F7B6100BF00BFFDE77B68002B6AD005
:10D7C000434B1B687A689A4265D8424B3B62414B97
:10D7D0001B687B6204E07B6A3B627B6A1B687B623E
:10D7E0007B6A5B687A689A4203D97B6A1B68002B64
:10D7F000F1D1354B1B687A6A9A424CD03B6A1B6860
:10D8000008221344FB617B6A1A683B6A1A607B6AD0
:10D810005A687B68D21A08235B009A4220D97A6A38
:10D820007B681344BB61BB6903F00703002B0BD07B
:10D830004FF0500383F31188BFF36F8FBFF34F8F07
:10D840003B6100BF00BFFDE77B6A5A687B68D21A64
:10D85000BB695A607B6A7A685A60B86900F0FCF864
:10D860001B4B1A687B6A5B68D31A194A1360184B02
:10D870001A68194B1B689A4203D2154B1B68164A4B
:10D8800013607B6A5A68114B1B681A437B6A5A60A3
:10D890007B6A00221A60FFF731F9FB6903F0070386
:10D8A000002B0BD04FF0500383F31188BFF36F8F21
:10D8B000BFF34F8FFB6000BF00BFFDE7FB69184659
:10D8C0002837BD4680BD00BF5432002060320020A2
:10D8D000583200204C3200205C32002080B586B0E7
:10D8E00000AF78607B687B617B68002B4AD008239F
:10D8F0005B427A6913447B617B693B613B695A688F
:10D90000224B1B681340002B0BD14FF0500383F3C5
:10D910001188BFF36F8FBFF34F8FFB6000BF00BF55
:10D92000FDE73B691B68002B0BD04FF0500383F3DE
:10D930001188BFF36F8FBFF34F8FBB6000BF00BF75
:10D94000FDE73B695A68114B1B681340002B19D047
:10D950003B691B68002B15D13B695A680B4B1B6850
:10D96000DB431A403B695A60FFF780F83B695A680D
:10D97000074B1B681344064A1360386900F06CF8C3
:10D98000FFF7BCF800BF1837BD4680BD60320020ED
:10D990005832002080B485B000AF41F6B873BB6048
:10D9A000274BFB60FB6803F00703002B0CD0FB68E0
:10D9B0000733FB60FB6823F00703FB60BA68FB6872
:10D9C000D31A1F4A1344BB60FB687B601D4A7B6807
:10D9D00013601C4B00225A607B68BA681344FB60DA
:10D9E0000822FB689B1AFB60FB6823F00703FB60BF
:10D9F000FB68154A1360144B1B6800225A60124BD7
:10DA00001B6800221A607B683B603B68FA68D21A88
:10DA10003B685A600C4B1A683B681A603B685B684D
:10DA20000A4A13603B685B68094A1360094B4FF070
:10DA300000421A6000BF1437BD4680BC704700BF6B
:10DA4000941200204C320020543200205C3200201E
:10DA5000583200206032002080B485B000AF78607A
:10DA6000274BFB6002E0FB681B68FB60FB681B68E0
:10DA70007A689A42F7D8FB68BB60FB685B68BA6853
:10DA800013447A689A4208D1FB685A687B685B68DD
:10DA90001A44FB685A60FB687B607B68BB607B68EC
:10DAA0005B68BA681A44FB681B689A4218D1FB6825
:10DAB0001A68144B1B689A420DD07B685A68FB6841
:10DAC0001B685B681A447B685A60FB681B681A68AD
:10DAD0007B681A6008E00B4B1A687B681A6003E0E9
:10DAE000FB681A687B681A60FA687B689A4202D001
:10DAF000FB687A681A6000BF1437BD4680BC704767
:10DB00004C3200205432002080B582B000AF7860E3
:10DB10007B68F1331022002118460DF09BFD7B68D5
:10DB20000022C3F814217B68F022002118460DF072
:10DB300091FD00BF0837BD4680BD80B582B000AF03
:10DB4000786039607B681A461021386800F060FE02
:10DB500000BF0837BD4680BD80B58CB000AFF8600F
:10DB6000B9607A60FB68D3F81431002B00F0A18013
:10DB7000FB68D3F81431C3F110037A68934228BFCD
:10DB800013467B62FB6803F20112FB68D3F8143181
:10DB900013447A6A92B2B96818460DF020FDFB680A
:10DBA000D3F814217B6A1A44FB68C3F81421FB687C
:10DBB000D3F814310F2B40F28D807A687B6A9A4239
:10DBC00000F088800023FB6215E0FA68FB6A1344CA
:10DBD000F1331A78F968FB6A0B4403F201131B78DE
:10DBE0005340D9B2FA68FB6A1344F1330A461A70FB
:10DBF000FB6A0133FB62FB6A0F2BE6DDFB6803F176
:10DC0000F10107F11403102218460DF0E8FCFA6840
:10DC100007F1140107F11403184600F0D7FEFB6862
:10DC2000F13307F11401102218460DF0D8FCBA6840
:10DC30007B6A1344BB607A687B6AD31A7B6038E0E6
:10DC40000023BB6213E0FA68BB6A1344F1331A780D
:10DC5000BB6AB9680B441B785340D9B2FA68BB6AF7
:10DC60001344F1330A461A70BB6A0133BB62BB6AC4
:10DC70000F2BE8DDFB6803F1F10107F1140310221B
:10DC800018460DF0ACFCFA6807F1140107F1140313
:10DC9000184600F09BFEFB68F13307F114011022D7
:10DCA00018460DF09CFCBB681033BB607B68103BD2
:10DCB0007B607B68102BC3D8FB6803F201137A6882
:10DCC00092B2B96818460DF08AFCFB687A68C3F80E
:10DCD000142100E000BF3037BD4680BD80B592B052
:10DCE00000AF7860396007F11C031022002118464C
:10DCF0000DF0B0FC3A6807F11C0107F11C0318464F
:10DD000000F064FE3B7F5BB2002B31DA00237B64C2
:10DD10001CE007F11C027B6C13441B785BB25B00B8
:10DD20005AB27B6C013348333B4413F82C3CDB097B
:10DD3000DBB25BB213435BB2D9B207F11C027B6C5E
:10DD400013440A461A707B6C01337B647B6C0E2B88
:10DD5000DFDD97F82B305B00DBB287F82B3097F8CC
:10DD60002B3083F07803DB43DBB287F82B3028E0DD
:10DD700000233B641CE007F11C023B6C13441B783E
:10DD80005BB25B005AB23B6C013348333B4413F83F
:10DD90002C3CDB09DBB25BB213435BB2D9B207F1B7
:10DDA0001C023B6C13440A461A703B6C01333B6403
:10DDB0003B6C0E2BDFDD97F82B305B00DBB287F876
:10DDC0002B303B68D3F81431102B1DD10023FB639B
:10DDD00016E03A68FB6B134403F201131A7807F15B
:10DDE0001C01FB6B0B441B785340D9B23A68FB6BA8
:10DDF000134403F201130A461A70FB6B0133FB63F1
:10DE0000FB6B0F2BE5DD98E03B7F5BB2002B31DA3B
:10DE10000023BB631CE007F11C02BB6B13441B789F
:10DE20005BB25B005AB2BB6B013348333B4413F81F
:10DE30002C3CDB09DBB25BB213435BB2D9B207F116
:10DE40001C02BB6B13440A461A70BB6B0133BB63E5
:10DE5000BB6B0E2BDFDD97F82B305B00DBB287F856
:10DE60002B3097F82B3083F07803DB43DBB287F855
:10DE70002B3028E000237B631CE007F11C027B6B46
:10DE800013441B785BB25B005AB27B6B013348339F
:10DE90003B4413F82C3CDB09DBB25BB213435BB2AF
:10DEA000D9B207F11C027B6B13440A461A707B6BD4
:10DEB00001337B637B6B0E2BDFDD97F82B305B0030
:10DEC000DBB287F82B303B68D3F814313A6813443F
:10DED000802283F8012107E03B68D3F814313A68C7
:10DEE0001344002283F801213B68D3F814315A1CF3
:10DEF0003B68C3F814213B68D3F814310F2BEBD9DE
:10DF000000233B6316E03A683B6B134403F20113B2
:10DF10001A7807F11C013B6B0B441B785340D9B2B4
:10DF20003A683B6B134403F201130A461A703B6BC9
:10DF300001333B633B6B0F2BE5DD0023FB6215E0F8
:10DF40003A68FB6A1344F1331A783968FB6A0B4468
:10DF500003F201131B785340D9B23A68FB6A1344A9
:10DF6000F1330A461A70FB6A0133FB62FB6A0F2B1E
:10DF7000E6DD3B6803F1F10107F10C0310221846BE
:10DF80000DF02DFB3A6807F10C037968184600F094
:10DF90001DFD07F11C031022002118460DF05AFB4D
:10DFA00000BF4837BD4680BD80B483B000AF786005
:10DFB00039603B681A787B681A707B6801333A686D
:10DFC00052781A707B6802333A6892781A707B68CC
:10DFD00003333A68D2781A707B6804333A6812794E
:10DFE0001A707B6805333A6852791A707B68063379
:10DFF0003A6892791A707B6807333A68D2791A7056
:10E000007B6808333A68127A1A707B6809333A6879
:10E01000527A1A707B680A333A68927A1A707B686F
:10E020000B333A68D27A1A707B680C333A68127BE9
:10E030001A707B680D333A68527B1A707B680E3316
:10E040003A68927B1A707B680F333A68D27B1A70F9
:10E0500000BF0C37BD4680BC704780B485B000AFB0
:10E06000F860B9601346FB7107E0BA68531CBB60E7
:10E07000FB68591CF96012781A70FB795A1EFA7104
:10E08000002BF2D100BF00BF1437BD4680BC7047E3
:10E0900080B483B000AF786039607B681A783B68E1
:10E0A0001B785340DAB27B681A707B6801331978A9
:10E0B0003B6801331A787B6801334A40D2B21A7048
:10E0C0007B68023319783B6802331A787B68023325
:10E0D0004A40D2B21A707B68033319783B68033325
:10E0E0001A787B6803334A40D2B21A707B680433D3
:10E0F00019783B6804331A787B6804334A40D2B2FB
:10E100001A707B68053319783B6805331A787B6889
:10E1100005334A40D2B21A707B68063319783B68DF
:10E1200006331A787B6806334A40D2B21A707B688D
:10E13000073319783B6807331A787B6807334A40FE
:10E14000D2B21A707B68083319783B6808331A78A2
:10E150007B6808334A40D2B21A707B680933197859
:10E160003B6809331A787B6809334A40D2B21A7087
:10E170007B680A3319783B680A331A787B680A335C
:10E180004A40D2B21A707B680B3319783B680B3364
:10E190001A787B680B334A40D2B21A707B680C3312
:10E1A00019783B680C331A787B680C334A40D2B23A
:10E1B0001A707B680D3319783B680D331A787B68C9
:10E1C0000D334A40D2B21A707B680E3319783B681F
:10E1D0000E331A787B680E334A40D2B21A707B68CD
:10E1E0000F3319783B680F331A787B680F334A4036
:10E1F000D2B21A7000BF0C37BD4680BC704780B4E5
:10E2000085B000AFF860B9607A60BB681A787B6847
:10E210001B785340DAB2FB681A70BB680133197877
:10E220007B6801331A78FB6801334A40D2B21A7016
:10E23000BB68023319787B6802331A78FB680233B3
:10E240004A40D2B21A70BB68033319787B68033333
:10E250001A78FB6803334A40D2B21A70BB680433A1
:10E2600019787B6804331A78FB6804334A40D2B2C9
:10E270001A70BB68053319787B6805331A78FB6818
:10E2800005334A40D2B21A70BB68063319787B68EE
:10E2900006331A78FB6806334A40D2B21A70BB685C
:10E2A000073319787B6807331A78FB6807334A40CD
:10E2B000D2B21A70BB68083319787B6808331A78B1
:10E2C000FB6808334A40D2B21A70BB680933197828
:10E2D0007B6809331A78FB6809334A40D2B21A7056
:10E2E000BB680A3319787B680A331A78FB680A33EB
:10E2F0004A40D2B21A70BB680B3319787B680B3373
:10E300001A78FB680B334A40D2B21A70BB680C33E0
:10E3100019787B680C331A78FB680C334A40D2B208
:10E320001A70BB680D3319787B680D331A78FB6857
:10E330000D334A40D2B21A70BB680E3319787B682D
:10E340000E331A78FB680E334A40D2B21A70BB689B
:10E350000F3319787B680F331A78FB680F334A4004
:10E36000D2B21A7000BF1437BD4680BC704780B56A
:10E3700082B000AF7860396039687868FFF788FE4E
:10E3800000BF0837BD4680BD80B485B000AF78605F
:10E390007B681B781A46484B9A5C7B681A707B68CE
:10E3A00004331B7819467B680433434A525C1A7065
:10E3B0007B6808331B7819467B6808333E4A525CF9
:10E3C0001A707B680C331B7819467B680C333A4A09
:10E3D000525C1A707B685B78FB737B6805331B7833
:10E3E00019467B680133344A525C1A707B680933E2
:10E3F0001B7819467B6805332F4A525C1A707B687C
:10E400000D331B7819467B6809332B4A525C1A700E
:10E41000FA7B7B680D3328498A5C1A707B689B788D
:10E42000FB737B680A331B7819467B680233224AE8
:10E43000525C1A70FA7B7B680A331F498A5C1A7037
:10E440007B689B79FB737B680E331B7819467B686E
:10E450000633194A525C1A70FA7B7B680E331649F0
:10E460008A5C1A707B68DB7BFB737B680B331B78E1
:10E4700019467B680F33104A525C1A707B68073369
:10E480001B7819467B680B330B4A525C1A707B6809
:10E4900003331B7819467B680733074A525C1A70AE
:10E4A000FA7B7B68033304498A5C1A7000BF143717
:10E4B000BD4680BC704700BF782F020880B586B08B
:10E4C00000AF786007F1080379681846FFF76CFD24
:10E4D0003B7A1A469A4B9A5C7B7B1946994B5B5C5C
:10E4E0005340DAB2BB7C1946974B5B5C5340DAB2BF
:10E4F000FB7D1946944B5B5C5340DAB27B681A7023
:10E500003B7A1A46904B9A5C7B7B19468C4B5B5C42
:10E510005340DAB2BB7C19468A4B5B5C5340D9B29C
:10E52000FB7D1A46884B9A5C7B6801334A40D2B225
:10E530001A703B7A1A46844B9A5C7B7B1946824B55
:10E540005B5C5340DAB2BB7C19467D4B5B5C53404D
:10E55000D9B2FB7D1A467B4B9A5C7B6802334A40FA
:10E56000D2B21A703B7A1A46764B9A5C7B7B19467C
:10E57000754B5B5C5340DAB2BB7C1946724B5B5CFB
:10E580005340D9B2FB7D1A466D4B9A5C7B680333CE
:10E590004A40D2B21A703B7B1A46694B9A5C7B7C2C
:10E5A0001946684B5B5C5340DAB2BB7D1946664B3B
:10E5B0005B5C5340D9B2FB7A1A46634B9A5C7B682A
:10E5C00004334A40D2B21A703B7B1A465E4B9A5CC7
:10E5D0007B7C19465A4B5B5C5340DAB2BB7D1946D3
:10E5E000584B5B5C5340D9B2FB7A1A46564B9A5C47
:10E5F0007B6805334A40D2B21A703B7B1A46524BB5
:10E600009A5C7B7C1946504B5B5C5340DAB2BB7D15
:10E6100019464B4B5B5C5340D9B2FB7A1A46494BC7
:10E620009A5C7B6806334A40D2B21A703B7B1A462A
:10E63000444B9A5C7B7C1946434B5B5C5340DAB29B
:10E64000BB7D1946404B5B5C5340D9B2FB7A1A46FE
:10E650003B4B9A5C7B6807334A40D2B21A703B7CD2
:10E660001A46374B9A5C7B7D1946364B5B5C5340B0
:10E67000DAB2BB7A1946344B5B5C5340D9B2FB7BB0
:10E680001A46314B9A5C7B6808334A40D2B21A7002
:10E690003B7C1A462C4B9A5C7B7D1946284B5B5C75
:10E6A0005340DAB2BB7A1946264B5B5C5340D9B271
:10E6B000FB7B1A46244B9A5C7B6809334A40D2B2F2
:10E6C0001A703B7C1A46204B9A5C7B7D19461E4B88
:10E6D0005B5C5340DAB2BB7A1946194B5B5C534022
:10E6E000D9B2FB7B1A46174B9A5C7B680A334A40C7
:10E6F000D2B21A703B7C1A46124B9A5C7B7D19464B
:10E70000114B5B5C5340DAB2BB7A19460E4B5B5C33
:10E710005340D9B2FB7B1A46094B9A5C7B680B339A
:10E720004A40D2B21A703B7D1A46054B9A5C7B7AFE
:10E730001946044B5B5C5340DAB2BB7B194605E0DB
:10E740007830020878310208782F02082D4B5B5C84
:10E750005340D9B2FB7C1A462A4B9A5C7B680C3337
:10E760004A40D2B21A703B7D1A46264B9A5C7B7A9D
:10E770001946254B5B5C5340DAB2BB7B1946234BF1
:10E780005B5C5340D9B2FB7C1A461E4B9A5C7B689B
:10E790000D334A40D2B21A703B7D1A46194B9A5C2F
:10E7A0007B7A1946174B5B5C5340DAB2BB7B194648
:10E7B000154B5B5C5340D9B2FB7C1A46134B9A5CF9
:10E7C0007B680E334A40D2B21A703B7D1A460F4B1B
:10E7D0009A5C7B7A19460B4B5B5C5340DAB2BB7B8D
:10E7E0001946084B5B5C5340D9B2FB7C1A46064B7A
:10E7F0009A5C7B680F334A40D2B21A7000BF183758
:10E80000BD4680BD782F02087830020878310208B2
:10E8100080B586B000AFF8600B467A60FB72FB7A79
:10E82000103B102B8CBF01220022D2B2002A0BD148
:10E83000644A22FA03F303F00103002B14BF0123FF
:10E840000023DBB2002B05D17B68002283F8F02087
:10E85000FF23B3E000BF7B68FA7AF9681846FFF738
:10E86000FCFBFB7A1C33DBB29B007B747B7C1B09BB
:10E87000DBB2013BDAB27B6883F8F020FB7AFB75F0
:10E880000123BB7594E0FB7D043B7A68D35C7B7508
:10E89000FB7D033B7A68D35C3B75FB7D023B7A686A
:10E8A000D35CFB74FB7D013B7A68D35CBB74FB7D5E
:10E8B000FA7AB3FBF2F101FB02F29B1ADBB2002BF6
:10E8C00028D17B7D3B743B7D3F4AD25CBB7D53406E
:10E8D0007B75FB7C3C4AD35C3B75BB7C3A4AD35C82
:10E8E000FB743B7C384AD35CBB7497F916305B00F1
:10E8F0005AB2BB7DDB09DBB25BB2194649000B445F
:10E900001946C800194603460B445BB253405BB23C
:10E91000BB751CE0FB7A182B19D9FB7DFA7AB3FB87
:10E92000F2F101FB02F29B1ADBB2102B0FD17B7DBF
:10E93000254AD35C7B753B7D234AD35C3B75FB7CCE
:10E94000214AD35CFB74BB7C1F4AD35CBB74FA7D49
:10E95000FB7AD31A3B743B7C7A68D15CFB7D7A7D71
:10E960004A40D1B27A68D1543B7C01337A68D15C99
:10E97000FB7D01333A7D4A40D1B27A68D1543B7C69
:10E9800002337A68D15CFB7D0233FA7C4A40D1B213
:10E990007A68D1543B7C03337A68D15CFB7D0333C6
:10E9A000BA7C4A40D1B27A68D154FB7D0433FB75FE
:10E9B000FA7D7B7C9A42FFF466AF00231846183735
:10E9C000BD4680BD01010100782F020880B58AB0E4
:10E9D00000AFF860B9607A607B6893F8F030002B84
:10E9E00038D07A6807F11403F9681846FFF707FC76
:10E9F000012387F8273014E007F114031846FFF7C6
:10EA00005DFD7B6897F8272012011A4407F1140373
:10EA100011461846FFF7ABFC97F82730013387F80B
:10EA200027307B6893F8F03097F827209A42E3D399
:10EA300007F114031846FFF7A7FC7B6897F8272017
:10EA400012011A4407F114031946B868FFF7D7FBFF
:10EA5000002300E0FF2318462837BD4680BD000094
:10EA6000F0B59DB010AF034687F82730062387F82E
:10EA70002F3007F1280297F827301146184600F08A
:10EA800019FA034687F82F3097F82F30002B40F003
:10EA9000B08097F82730002B06D1584B0022002178
:10EAA00002200FF007FF56E097F82730012B06D120
:10EAB000534B0022002102200FF0FCFE4BE097F8A0
:10EAC0002730032B06D14F4B0022002102200FF0EC
:10EAD000F1FE40E097F82730022B06D14A4B002286
:10EAE000002102200FF0E6FE35E097F82730042BD6
:10EAF00006D1464B0022002102200FF0DBFE2AE067
:10EB000097F827307F2B06D1414B002200210220AD
:10EB10000FF0D0FE1FE097F82730802B06D13D4B39
:10EB20000022002102200FF0C5FE14E097F82730E4
:10EB3000812B06D1384B0022002102200FF0BAFEB3
:10EB400009E097F82730822B05D1344B00220021B1
:10EB500002200FF0AFFEBB6A5B781846BB6A9B7859
:10EB60001C46BB6ADB781D46BB6A1B791E46BB6A26
:10EB70005B793B62BB6A9B79FB61BB6ADB79BB61FA
:10EB8000BB6A1B7A7B61BB6A5B7A3B61BB6A9B7A1F
:10EB9000FB60BB6ADB7ABB60BB6A1B7B7B60BB6ACA
:10EBA0005B7B3B60BB6A9B7B1946BB6ADB7B1A467F
:10EBB000BB6A1B7C0F930E920D913A680C927A6897
:10EBC0000B92BA680A92FA6809923A6908927A69CD
:10EBD0000792BA690692FA6905923B6A0493039612
:10EBE0000295019400900E4B0022002102200FF0AC
:10EBF00061FE00BF3437BD46F0BD00BF20260208CD
:10EC000038260208502602086826020880260208D4
:10EC100098260208B0260208C8260208E026020844
:10EC2000F826020880B485B000AF03463960FB7156
:10EC30000023FB731AE0124B1968FA7B13461B0181
:10EC400013440B4410331B78FA799A420BD10C4BC6
:10EC50001968FA7B13461B0113441033CA183B682A
:10EC60001A60002306E0FB7B0133FB73FB7B092B5F
:10EC7000E1D9032318461437BD4680BC704700BF56
:10EC80006432002090B5D1B000AF07F5A074A4F5B0
:10EC90009A74206007F5A070A0F59C700160194679
:10ECA00007F5A073A3F59D731A8007F5A073A3F26F
:10ECB0003B130A461A7007F5A073A3F59C731B68F3
:10ECC000002B03D0D7F85031002B01D102235CE098
:10ECD00007F114031846FEF717FF07F1100207F5B6
:10ECE000A073A3F23B131B7811461846FFF79AFF57
:10ECF000034687F83F3197F83F31002B43D107F5A2
:10ED0000A073A3F598731B685A1C07F114031146EE
:10ED10001846FEF712FF07F5A073A3F59A731B6858
:10ED2000002B09D007F5A073A3F59A7307F114001F
:10ED300010221968FEF710FF07F5A073A3F59D7365
:10ED40001A8807F5A073A3F59C7307F114001968DE
:10ED5000FEF702FF07F1140207F5967311461846F5
:10ED6000FEF7BCFF97F82F311A0697F82E311B04D7
:10ED70001A4397F82D311B02134397F82C211A439D
:10ED8000D7F850311A6097F83F31184607F5A27747
:10ED9000BD4690BDB0B5B2B000AF7860396007F144
:10EDA0000803C0220021184611F084FE3B4A07F1F7
:10EDB000080392E8030083E80300394A07F11003CF
:10EDC00092E8030083E80300364B07F119041D465F
:10EDD0000FCD20606160A260E360012387F82930D5
:10EDE000304B07F12A041D460FCD20606160A26000
:10EDF000E360022387F83A302A4B07F13B041D46B3
:10EE00000FCD20606160A260E360032387F84B3080
:10EE1000244B07F14C040FCB84E80F00042387F840
:10EE20005C307F2387F86D30802387F87E30812324
:10EE300087F88F30822387F8A030832387F8B1309A
:10EE40007B68002B01D1022323E0174A7B68136003
:10EE5000154B1B6807F10801C02218460CF0BFFBD8
:10EE6000124B0022002102200FF024FD0020FFF7AA
:10EE7000F7FD0120FFF7F4FD0D4B002200210220D9
:10EE80000FF018FD0320FFF7EBFD0220FFF7E8FD70
:10EE900000231846C837BD46B0BD00BF7C27020816
:10EEA000842702088C270208643200204C270208BD
:10EEB0006427020880B485B000AF03463960FB7157
:10EEC0000023FB731AE0124B1968FA7B13461B01EF
:10EED00013440B4410331B78FA799A420BD10C4B34
:10EEE0001968FA7B13461B0113441033CA183B6898
:10EEF0001A60002306E0FB7B0133FB73FB7B092BCD
:10EF0000E1D9032318461437BD4680BC704700BFC3
:10EF10006432002080B588B000AF03463960FB71D1
:10EF20003B68002B01D102234BE00023FB7744E038
:10EF3000264B1968FA7F13461B0113440B44103308
:10EF40001B78FA799A4235D1FB79802B22D106239E
:10EF5000BB7707F10C0300221A605A609A60DA60EE
:10EF600007F10C037F221021386800F07EF8034679
:10EF7000BB77164B1968FA7F13461B0113441033F5
:10EF80000B44013307F10C01102218460CF027FB4B
:10EF9000BB7F16E00D4B1968FA7F13461B01134423
:10EFA00010330B4401331022396818460CF017FB5C
:10EFB000002306E0FB7F0133FB77FB7F092BB7D9EA
:10EFC000032318462037BD4680BD00BF64320020B1
:10EFD00080B586B002AFF860B96011461A460B469C
:10EFE000FB8013467B717B797E2B01D9032309E0DB
:10EFF0007979FA88BB6900930B46B968F868FFF71E
:10F0000041FE034618461037BD4680BD80B588B026
:10F0100002AFF8607A601A460B467B8113467B721A
:10F02000FB68002B01D102231BE00623FB750023A4
:10F030003B61797A7A8907F1100300930B46F968EE
:10F040000020FFF71FFE0346FB75FB7D002B01D060
:10F05000FB7D06E03B697A689A4201D00123FB758B
:10F06000FB7D18461837BD4680BD80B5C2B000AFE5
:10F07000F8600846114607F58472A2F582721360A3
:10F0800003467B810B467B72FB68002B06D007F59D
:10F090008473A3F582731B68002B01D1022346E021
:10F0A0007B8903F00F039BB2002B01D005233EE0C8
:10F0B00007F11403F022002118460CF0CBFA07F1F7
:10F0C00010027B7A11461846FFF7ACFD034687F81D
:10F0D000063197F80631002B27D13B69013307F140
:10F0E000140210211846FFF793FB002387F807311D
:10F0F00018E097F80731FA68D01897F8073107F544
:10F100008472A2F582721268134407F11402194640
:10F11000FFF75CFC97F80731103387F807317B89DC
:10F12000103B7B817B89002BE3D197F80631184691
:10F1300007F58477BD4680BD80B588B000AF7860A4
:10F140000B46FB701346BB707B68002B01D102237A
:10F150002DE00623FB77BB787F2B04D1FB78042BB3
:10F1600001D0032323E007F10C0300221A605A6048
:10F170009A60DA6007F10C03FA7810217868FFF7DB
:10F1800074FF0346FB77FB7F002B01D0FB7F0EE073
:10F1900007F10C02BB7811461846FFF7BBFE034689
:10F1A000FB77FB7F002B01D0FB7F00E0002318469C
:10F1B0002037BD4680BD80B586B000AFB9607B60AA
:10F1C0000346FB731346BB817B68002B05D07B6A2B
:10F1D000002B02D0BB6A002B01D1022364E097F818
:10F1E0002030212B01D905235EE00123FB7597F820
:10F1F00020309BB21A467968786A0CF0F0F97B6887
:10F20000581C97F820309BB2013B99B27B6A0133BE
:10F21000FA7DFFF72AFF0346002B01D0072343E0C6
:10F220007B6A0B331B78DB09DAB2BB6A1A700023E6
:10F230003B6197F82030043B7A6A13441B783B61AA
:10F2400097F82030033B7A6A13441B781B023A6913
:10F2500013433B6197F82030023B7A6A13441B78D2
:10F260001B043A6913433B6197F82030013B7A6AEB
:10F2700013441B781B063A6913433B61BB6A1B7836
:10F28000002B0ED197F820309BB2043B99B201239A
:10F290003A69786AFFF7BAFE0346002B03D00123D0
:10F2A00002E0042300E0002318461837BD4680BD65
:10F2B00080B582B000AF78607B68002B01D102235B
:10F2C00006E0054B5B69984702467B681A6000239D
:10F2D00018460837BD4680BD4433020880B582B069
:10F2E00000AF78607B68002B01D1022307E0064B5A
:10F2F0001B680822796818460CF071F9002318463B
:10F300000837BD4680BD00BF6432002080B400AF26
:10F31000024B1B681846BD4680BC70476432002013
:10F3200080B582B000AF78607B68002B01D10223EA
:10F3300008E0064B1B6808330822796818460CF071
:10F340004EF9002318460837BD4680BD64320020C0
:10F3500080B400AF034B1B6808331846BD4680BC21
:10F36000704700BF6432002080B582B000AF786083
:10F370001A4A7B6813601A4B1A4A1A60184B1A4AC9
:10F380005A60174B194A9A60154B194ADA60134BA9
:10F390001B681B68174A1360104B1B685B68154A93
:10F3A00053600E4B1B689B68124A9360114B124AC4
:10F3B000DA600A4B1B681B690E4A13610F49002073
:10F3C00000F028FD0346002B02D04FF0FF3300E091
:10F3D000002318460837BD4680BD00BF8C32002090
:10F3E0009032002069FB0008D1FB0008B1FC000846
:10F3F00075FD0008A032002095080108A800002033
:10F40000F0B599B008AF78600023FB8710227968C7
:10F4100082480FF041FDFCF74BFBB8637F4B1B7834
:10F420001A46012393401A46BB6B5B681340002BBE
:10F430000CD07A4B1B781A4679497A4804F05CFF65
:10F440000346002B0AD04FF0FF33E3E0764B012256
:10F45000002100200FF02EFA00BFFDE701F02BFA8B
:10F460000346FB87FB8F002B03D0704B01221A70E1
:10F4700002E06E4B00221A7002233B7507F1140361
:10F48000184605F083FABB690822194668480CF053
:10F49000A6F803233B7507F11403184605F076FA26
:10F4A000BB690822194663480CF099F8624B1B6847
:10F4B000DB68984703465E4A536106233B755C4B05
:10F4C0005B69BB6107F11403184605F0BDFB584B9F
:10F4D0001B781A46564B5B781946554B9B78184655
:10F4E000534BDB781C46524B1B791D46504B5B79C6
:10F4F0001E464F4B9B793B604D4BDB7907933B6836
:10F5000006930596049503940290019100924B4B4B
:10F510000022002102200FF0CDF9454B1B7A1A463C
:10F52000434B5B7A1946424B9B7A1846404BDB7A39
:10F530001C463F4B1B7B1D463D4B5B7B1E463C4B9D
:10F540009B7B3B603A4BDB7B07933B6806930596BE
:10F5500004950394029001910092394B00220021FE
:10F5600002200FF0A7F9374B1B781A46364B1B7851
:10F570001946364B1B781846354B1B78039302907F
:10F5800001910092334B0022002102200FF092F9EA
:10F590000F233B7501233B7607F11403184605F052
:10F5A00053FB05233B750023BB6107F11403184689
:10F5B00005F04AFB10233B7500233B7607F114034B
:10F5C000184605F041FB04233B75144B9B783B76B2
:10F5D00007F11403184605F037FB0F233B730F4B5D
:10F5E0001B7807F10C021146184608F030F9034663
:10F5F000BB60BB68002B14BF01230023DAB2074BAA
:10F600005A71142000F098FA044B5B79184606F002
:10F610008FF8002318464437BD46F0BD7C320020E9
:10F62000A0320020903200209C270208BE33002028
:10F6300090000020980000208C320020E82702086B
:10F6400024280208A7000020A6000020A500002012
:10F65000A40000206028020880B500AF02F0ECFD95
:10F6600000F0C2FC01F020F900BF80BD80B590B071
:10F6700000AF0346FB71FB79022B11D1234B022211
:10F680009A7005F0EDF801233B72214B93F903309A
:10F69000DBB23B7307F10803184605F013FE30E0B8
:10F6A0001A4B01229A701A4B93F90320174B1A70C8
:10F6B000164B00225A70174B1B7883F00103DBB204
:10F6C000002B08D027233B77134B3B6207F11C0329
:10F6D000184605F0B9FA05F0C3F801233B7701237A
:10F6E00087F8203007F11C03184605F0ADFA0B4BE4
:10F6F0001B68DB6905489847054B5B78184600F0A6
:10F700002DF900BF4037BD4680BD00BFB4000020CA
:10F710007C320020BE330020000300018C32002028
:10F7200080B58AB000AF01233B703B46184605F018
:10F730002DF9034687F8273097F82730002B06D19C
:10F740003B79002B01D1002302E0012300E00023DC
:10F7500018462837BD4680BD80B58CB000AFF86034
:10F760007A601A460B46FB721346BB72FF2387F87A
:10F770002F3002F0CBFA0346002B02D06FF00103CA
:10F78000B4E0FFF7CDFF0346012B07D0594B9B7820
:10F790001846FFF76BFF6FF00203A7E0564B1B689C
:10F7A000DB6898470346002B0DD0FB681A78524B54
:10F7B0001B681B789A4206D0FB681B78002B02D08E
:10F7C0006FF0030392E04D4B93F9033087F8263036
:10F7D000FB685B7807F114021146184605F04EF8F5
:10F7E0000346002B09D0464B00229A7000233B763B
:10F7F00000233B620023BB8416E0414AFB7A9370EE
:10F80000FB681B783B77FB685B78BB84FB685B68B5
:10F810003B62FB7A002B02D100233B7604E00123FC
:10F820003B76082387F82730354BFA680C3392E88B
:10F83000030083E80300314B93F90320304B1A7126
:10F84000BA7A07F118031146184605F07BFE034605
:10F8500087F82E307B68002B02D0BA6A7B681A606A
:10F8600097F82E30112B3BD801A252F823F000BF9D
:10F87000B9F80008C1F80008E1F80008E1F800084C
:10F88000E1F80008E1F80008E1F80008C9F800080C
:10F89000E1F80008E1F80008E1F80008D9F80008EC
:10F8A000E1F80008E1F80008C1F80008C1F8000814
:10F8B000C1F80008D1F80008002387F82F3013E0C2
:10F8C000FE2387F82F300FE0FD2387F82F300BE061
:10F8D000FB2387F82F3007E0FA2387F82F3003E067
:10F8E000FF2387F82F3000BF97F92F3018463037A5
:10F8F000BD4680BDB4000020683200207C3200206C
:10F90000B432002080B586B000AF04233B703B4684
:10F91000184605F0D7FC0346FB75FB7D002B01D193
:10F92000002301E04FF0FF3318461837BD4680BD75
:10F9300080B586B000AF0A233B703B46184605F001
:10F94000C1FC0346FB75FB7D002B01D1002301E0C8
:10F950004FF0FF3318461837BD4680BD80B58CB0D8
:10F9600000AF0346FB71002387F82F3002F0CEF979
:10F970000346002B02D06FF0010379E0FFF7D0FEC1
:10F980000346012B02D06FF0020371E000233B72AB
:10F9900007F10803184604F0F9FF0346002B02D0D4
:10F9A0004FF0FF3364E03B7B87F82E3097F82E2032
:10F9B000FB799A425AD0FB79022B2CD0022B50DCD7
:10F9C000002B02D0012B22D04BE097F82E30002BD9
:10F9D00049D0FB793B7307F10803184605F034F969
:10F9E0000346002B0FD1FB79184600F03BFF224B5A
:10F9F0001B689B6A002B36D01F4B1B689B6AFA79E9
:10FA0000104698472FE0FF2387F82F302BE0FF2385
:10FA100087F82F302AE097F82E30002B03D0FF23F1
:10FA200087F82F3021E0FB793B7307F10803184674
:10FA300005F00AF90346002B0FD1FB79184600F0B8
:10FA400011FF0D4B1B689B6A002B0ED00A4B1B68E5
:10FA50009B6AFA791046984707E0FF2387F82F3012
:10FA600003E000BF02E000BF00E000BF97F92F30C5
:10FA700018463037BD4680BD8C32002080B58CB032
:10FA800000AF78607B68002B02D14FF0FF3310E0AD
:10FA900000233B7307F10C03184604F077FF03467D
:10FAA000002B02D04FF0FF3303E03A7C7B681A70E2
:10FAB000002318463037BD4680BD000080B58CB0AD
:10FAC00000AF78607B68002B02D14FF0FF3316E067
:10FAD0001F233B7307F10C03184604F057FF03463E
:10FAE000002B02D04FF0FF3309E097F910207B681C
:10FAF0001A707B6893F90020034BDA7000231846D4
:10FB00003037BD4680BD00BF7C32002080B483B05A
:10FB100000AF78607B68002B02D14FF0FF3304E028
:10FB2000044B1A787B681A70002318460C37BD46C0
:10FB300080BC70477C32002080B58CB000AF78600C
:10FB400022233B737B683B6107F10C03184605F0E9
:10FB50007BF80346002B02D04FF0FF3300E0002378
:10FB600018463037BD4680BD80B582B000AF7860A2
:10FB7000154B01221A707B685A78134B5A707B68B8
:10FB80009B785AB2104B1A717B68DB680E4A9360FF
:10FB90007B6893F903200C4B1A757B681B69DAB2FA
:10FBA000094B5A757B681B791A46074BDA70074B6D
:10FBB0001B681B6A044898477968002000F09AF98E
:10FBC00000BF0837BD4680BDB43200208C32002013
:10FBD00080B588B000AF786039600023FB75324B88
:10FBE00001221A707B685A782F4B5A702E4B5B7823
:10FBF000002B54D17B681B795AB22B4B9A703B680F
:10FC0000B3F900305AB2284BDA703B6893F90220FE
:10FC1000254B1A713B68DB785AB2234B1A737B6809
:10FC20001B69214A93607B68DB783B767B681B7B92
:10FC30007B767B689B68FB611C4B1B685B6A07F1EA
:10FC40001802194910469847184B1B681B6B002B6C
:10FC500007D07B681B7E002B03D0144B1B681B6BEB
:10FC600098477968012000F045F907F11703184615
:10FC7000FFF704FF7B685B79012B11D1FB7D002B23
:10FC80000ED100233B7300237B7300233B6107F1FC
:10FC90000C00012300220021FFF75EFD00E000BF01
:10FCA0002037BD4680BD00BFB80000208C32002048
:10FCB00080B58CB000AF7860284B00221A707B684A
:10FCC0005A78264B5A70264B1B681B6A2348984764
:10FCD0007968022000F00EF97B681B780A2B35D07A
:10FCE0000A2B35DC012B02D0042B23D030E0062375
:10FCF0003B7307F10C03184604F048FE3B69194AB0
:10FD000053611948FFF7DAFE7B685B78002B08D156
:10FD1000154B00225A70154B5B781846FFF71EFEF4
:10FD200002E0114BFF225A700D4B1B68DB690E4835
:10FD300098470EE00E4B01225A737B681A7A0C4BDF
:10FD40009A737B685A7A0A4BDA7302E000BF00E0CC
:10FD500000BF00BF3037BD4680BD00BFB4320020B9
:10FD60008C32002090000020B40000207C32002063
:10FD7000B800002080B584B000AF78603960224BB5
:10FD800000221A707B685A781F4B5A703B68B3F98F
:10FD900000305AB21C4BDA703B6893F902201A4BC0
:10FDA0001A713B68DB785AB2174B1A73164B5B78A3
:10FDB0000E2B05D0154B1B685B6A13490020984732
:10FDC0007B681B78072B17D100233B7200237B72C3
:10FDD0000023FB600E4B1B68DB689847034683F0EB
:10FDE0000103DBB2002B09D007F108000123002238
:10FDF0000021FFF7B1FC01E000BF00E000BF00BF41
:10FE00001037BD4680BD00BFB80000208C320020F6
:10FE10006832002080B584B000AF03463960FB71C2
:10FE20000023FB60FB79002B03D100F04BFDF86051
:10FE300000E000BFFB68002B2BD0FB791849FA6863
:10FE400041F82320FB79164A52F82330154A5A62AA
:10FE5000FB79134A52F82330134A9A62FB79104A0D
:10FE600052F82330114ADA62114B1A68FB790C49B7
:10FE700051F8233012695A61FB79094A52F823304C
:10FE80005B680C4A51680B4A5278386898470023DF
:10FE900001E04FF0FF3318461037BD4680BD00BF6C
:10FEA000683200206DF6000859F7000831F90008A3
:10FEB0008C320020C800002080B582B000AF03461D
:10FEC000FB71FB79042B0ED8FB79094A52F82330D9
:10FED0009B68002B07D0FB79054A52F823309B68BA
:10FEE0009847034600E0002318460837BD4680BD0A
:10FEF0006832002080B584B000AF03463960FB71E2
:10FF00000023FB7365E097F90F30364A52F823302F
:10FF1000002B58D0FB79022B3DD0022B4CDC002B60
:10FF200002D0012B11D047E097F90F302D4A52F83B
:10FF300023309B69002B41D097F90F30294A52F8A2
:10FF400023309B693868984738E097F90F30254A85
:10FF500052F82330DB69002B32D097F90F30214A59
:10FF600052F823301A783B68DB789A420AD097F926
:10FF70000F30002B24D11B4B1B68DB6898470346CE
:10FF8000002B1DD097F90F30164A52F82330DB6949
:10FF90003868984714E097F90F30124A52F8233026
:10FFA0001B6A002B0ED097F90F300E4A52F82330FF
:10FFB0001B6A3868984705E000BF04E000BF02E014
:10FFC00000BF00E000BF97F90F30DBB20133DBB2B6
:10FFD000FB7397F90F30042B95DD00BF00BF10377E
:10FFE000BD4680BD6832002080B582B000AF0023DE
:10FFF000FB7122E097F90730144A52F82330002BA6
:020000040801F1
:1000000015D097F90730114A52F823301B69002B9D
:100010000DD0FB791846FFF74FFF0346002B06D0A3
:1000200097F90730094A52F823301B69984797F926
:100030000730DBB20133DBB2FB7197F90730042BD9
:10004000D8DD00BF00BF0837BD4680BD6832002044
:1000500080B58CB000AF78607B68002B02D14FF088
:10006000FF3313E002233B7307F10C03184604F03F
:100070008DFC0346002B02D04FF0FF3306E03B69B6
:100080000822194678680EF007FF0023184630371B
:10009000BD4680BD80B483B000AF78604FF0FF33C1
:1000A00018460C37BD4680BC704780B58CB000AF99
:1000B00078607B68002B02D14FF0FF3313E00323FD
:1000C0003B7307F10C03184604F060FC0346002B59
:1000D00002D04FF0FF3306E03B69082219467868EA
:1000E0000EF0DAFE002318463037BD4680BD80B5DD
:1000F0008CB000AF7860FFF713FB0346012B10D0E4
:1001000003233B737B683B6107F10C03184604F043
:100110009BFD0346002B02D04FF0FF3303E000238A
:1001200001E04FF0FF3318463037BD4680BD80B543
:100130008CB000AF78607B68002B02D14FF0FF33AA
:1001400010E005233B7307F10C03184604F01EFC76
:100150000346002B02D04FF0FF3303E03A697B687F
:100160001A60002318463037BD4680BD80B58CB07C
:1001700000AF7860FFF7D4FA0346012B10D00523B7
:100180003B737B683B6107F10C03184604F05CFD90
:100190000346002B02D04FF0FF3303E0002301E0C1
:1001A0004FF0FF3318463037BD4680BD80B58CB068
:1001B00000AF78607B68002B02D14FF0FF3310E076
:1001C00006233B7307F10C03184604F0DFFB0346DC
:1001D000002B02D04FF0FF3303E03A697B681A60CE
:1001E000002318463037BD4680BD80B58CB000AFC7
:1001F0007860FFF795FA0346012B10D006233B7376
:100200007B683B6107F10C03184604F01DFD0346B3
:10021000002B02D04FF0FF3303E0002301E04FF04A
:10022000FF3318463037BD4680BD000080B582B030
:1002300000AF0346FB71FFF773FA0346012B07D0AB
:10024000064AFB7913700548FFF7DAF8034601E028
:100250004FF0FF3318460837BD4680BD7C32002082
:1002600080B483B000AF78607B68002B02D14FF080
:10027000FF3304E0044B9A787B681A700023184619
:100280000C37BD4680BC70477C32002080B58CB0F6
:1002900000AF0346FB7104233B73FB793B7407F10A
:1002A0000C03184604F0D0FC0346002B02D04FF09C
:1002B000FF3303E0034AFB7993700023184630377D
:1002C000BD4680BD7C32002080B58CB000AF0346B7
:1002D000FB710F4B9B78002B02D04FF0FF3312E0E5
:1002E0001F233B73FB793B7407F10C03184604F0A2
:1002F000ABFC0346002B02D04FF0FF3303E0044A6F
:10030000FB79D370002318463037BD4680BD00BF4F
:100310007C32002080B483B000AF78607B68002B13
:1003200002D14FF0FF3304E0044B5A797B681A7016
:10033000002318460C37BD4680BC70477C32002035
:1003400080B582B000AF0346FB71064AFB7953715A
:10035000FB79184605F0ECF9002318460837BD462E
:1003600080BD00BF7C32002080B58CB000AF7860CB
:100370007B68002B02D14FF0FF3313E012233B7355
:1003800007F10C03184604F001FB0346002B02D0D2
:100390004FF0FF3306E03A697B681A603A7D7B686C
:1003A0001A71002318463037BD4680BD80B58CB029
:1003B00000AF78607B68002B02D14FF0FF3311E073
:1003C00020233B7307F10C03184604F0DFFA0346C1
:1003D000002B02D04FF0FF3304E097F910207B6828
:1003E0001A70002318463037BD4680BD80B58CB0EA
:1003F00000AF78607B68002B02D14FF0FF3310E034
:100400001A233B7307F10C03184604F0BFFA0346A6
:10041000002B02D04FF0FF3303E03A697B681A608B
:10042000002318463037BD4680BD80B58CB000AF84
:1004300078607B68002B02D14FF0FF3310E01B2364
:100440003B7307F10C03184604F0A0FA0346002B97
:1004500002D04FF0FF3303E03A697B681A60002353
:1004600018463037BD4680BD80B58CB000AF78608F
:100470007B68002B02D14FF0FF3310E01C233B734D
:1004800007F10C03184604F081FA0346002B02D052
:100490004FF0FF3303E03A697B681A600023184687
:1004A0003037BD4680BD80B58CB000AF78607B68CA
:1004B000002B02D14FF0FF3310E01D233B7307F1F7
:1004C0000C03184604F062FA0346002B02D04FF0EA
:1004D000FF3303E03A697B681A600023184630371F
:1004E000BD4680BD80B58CB000AF0346FB712023B4
:1004F0003B73FB793B7407F10C03184604F0A4FB33
:100500000346002B02D04FF0FF3300E000231846D3
:100510003037BD4680BD80B58CB000AF7860122307
:100520003B737B681B683B617B681B793B7507F1FC
:100530000C03184604F088FB0346002B02D04FF052
:10054000FF3300E0002318463037BD4680BD80B53C
:100550008CB000AF78601A233B737B683B6107F176
:100560000C03184604F070FB0346002B02D04FF03A
:10057000FF3300E0002318463037BD4680BD80B50C
:100580008CB000AF78601B233B737B683B6107F145
:100590000C03184604F058FB0346002B02D04FF022
:1005A000FF3300E0002318463037BD4680BD80B5DC
:1005B0008CB000AF78601C233B737B683B6107F114
:1005C0000C03184604F040FB0346002B02D04FF00A
:1005D000FF3300E0002318463037BD4680BD80B5AC
:1005E0008CB000AF78601D233B737B683B6107F1E3
:1005F0000C03184604F028FB0346002B02D04FF0F2
:10060000FF3300E0002318463037BD4680BD80B47C
:1006100083B000AF78604FF0FF3318460C37BD460B
:1006200080BC704780B483B000AF0346FB714FF0CD
:10063000FF3318460C37BD4680BC704780B483B08A
:1006400000AF78604FF0FF3318460C37BD4680BCD2
:10065000704780B584B000AF78607B68002B02D112
:100660004FF0FF3313E007F10C0319460120FEF7AA
:1006700021FC0346002B02D04FF0FF3307E0FB685C
:1006800001331022194678680EF006FC0023184644
:100690001037BD4680BD80B58CB000AF7860FFF7E5
:1006A0003FF80346012B10D008233B737B683B6166
:1006B00007F10C03184604F0C7FA0346002B02D0DA
:1006C0004FF0FF3303E0002301E04FF0FF33184603
:1006D0003037BD4680BD80B584B000AF78607B68A0
:1006E000002B02D14FF0FF3313E007F10C03194642
:1006F0000020FEF7DFFB0346002B02D04FF0FF3354
:1007000007E0FB6801331022194678680EF0C4FB3D
:10071000002318461037BD4680BD80B58CB000AFB1
:100720007860FEF7FDFF0346012B10D007233B73D3
:100730007B683B6107F10C03184604F085FA034619
:10074000002B02D04FF0FF3303E0002301E04FF015
:10075000FF3318463037BD4680BD80B584B000AF4A
:1007600078607B68002B02D14FF0FF3313E007F174
:100770000C0319460220FEF79DFB0346002B02D016
:100780004FF0FF3307E0FB68013310221946786809
:100790000EF082FB002318461037BD4680BD80B5A1
:1007A0008CB000AF7860FEF7BBFF0346012B10D082
:1007B00009233B737B683B6107F10C03184604F087
:1007C00043FA0346002B02D04FF0FF3303E000232F
:1007D00001E04FF0FF3318463037BD4680BD80B58D
:1007E00084B000AF78607B68002B02D14FF0FF33FC
:1007F00013E007F10C0319460320FEF75BFB0346E9
:10080000002B02D04FF0FF3307E0FB6801331022CA
:10081000194678680EF040FB002318461037BD4695
:1008200080BD80B58CB000AF7860FEF779FF0346DD
:10083000012B10D00A233B737B683B6107F10C034B
:10084000184604F001FA0346002B02D04FF0FF33A4
:1008500003E0002301E04FF0FF3318463037BD4678
:1008600080BD000080B584B002AF0346FB71FB7908
:10087000064AD35C0093064B0022002102200EF0B2
:1008800019F800BF0837BD4680BD00BFA428020884
:100890008828020880B483B000AF0346FB8000BF05
:1008A0000C37BD4680BC704780B400AF00231846AB
:1008B000BD4680BC704780B400AF00231846BD46DB
:1008C00080BC704780B400AF024B1846BD4680BC68
:1008D000704700BFD000002080B485B000AFF86042
:1008E000B9601346FB71FB68002B0FD0BB68002B6F
:1008F0000CD00C4AFB6813600B4ABB6893600A4A31
:10090000FB795371084B01221A7006E0054B002257
:100910001A60054B00221A7000BF00BF1437BD4695
:1009200080BC7047EC330020D833002080B400AF87
:10093000024B1B781846BD4680BC7047D833002058
:1009400080B400AF074B1B7883F00103DBB2002BB0
:1009500001D0002301E0034B5B781846BD4680BC04
:10096000704700BFD833002080B483B000AF7860F8
:100970000F4B1B7883F00103DBB2002B12D10C4B21
:100980005B78002B0FD07B681B78012B0BD17B6829
:100990001B79002B07D0064B9B8901339AB2044B7D
:1009A0009A8100E000BF0C37BD4680BC704700BF95
:1009B000D833002080B483B000AF7860124B1B782E
:1009C00083F00103DBB2002B16D10F4B5B7883F071
:1009D0000103DBB2002B11D17B681B78042B0ED1F5
:1009E000094B01229A737B681A7A074BDA737B688A
:1009F0005A7A054B1A7402E000BF00E000BF0C37C2
:100A0000BD4680BC704700BFD833002090B583B08E
:100A100000AF334B1B7883F00103DBB2002B02D015
:100A20004FF0FF3358E02E4B5B7883F00103DBB2CD
:100A3000002B01D000234FE0294B9B7B002B19D0CA
:100A4000274B00229A73264B03229A71244B9B68F2
:100A500005221A70224B9B680133214AD27B1A70FF
:100A60001F4B9B6802331E4A127C1A701C4B0122DA
:100A70009A701CE01A4B9B78012B05D0042B16D1E1
:100A8000174B01229A7012E0154B02229A71144BF7
:100A90009B891B0A9AB2124B9B68D2B21A70104BF8
:100AA0009A890F4B9B680133D2B21A7000BFE023C2
:100AB0003B700B4B9B797B70094B9B687B600948B3
:100AC0000EF060FF084B9C6A054BDB7819463846F0
:100AD00001230022A047034618460C37BD4690BDAF
:100AE000D8330020C0330020D000002080B5A2B051
:100AF00002AF7860A24B1B7883F00103DBB2002BBE
:100B000040F0C2817B685B7B83F00103DBB2002B8A
:100B100040F0BC819A4B5B78002B0CD07B689B7BB0
:100B200083F00103DBB2002B05D0954B9B89013389
:100B30009AB2934B9A817B68DB78E02B40F0A881D6
:100B40008F4B5B7883F00103DBB2002B60D07B68B6
:100B50001B7B042B40F0A1817B689B681B78012BD9
:100B600040F09B817B689B6801331B78012B40F030
:100B700094817B689B6802331B78012B40F08D8148
:100B80007B689B6803331B78012B40F086817C4B8C
:100B90000022DA707A4BE0221A71794B02229A71A4
:100BA000774B00229A81764B00229A73744B002275
:100BB000DA73734B00221A74714B01225A70704B16
:100BC00001229A7004233B7201233B7307F108034F
:100BD000184604F039F8002004F0AAFD694B1B68A0
:100BE0005B68002B03D0674B1B685B68984700234A
:100BF0000093654B00224FF0FF3164480EF08CFEED
:100C000041F2883161480EF09BFFFFF7FFFE44E19F
:100C10007B689B681A785A4B9A70594B9B780A2BC1
:100C200000F2388101A252F823F000BF590C0108EC
:100C3000A30C0108AB0C0108B90C0108C70C010892
:100C40001F0D0108310D0108950D0108410E010825
:100C5000530E01086D0E01084C480EF001FF484B81
:100C600000229A81464B00225A7004233B72454B66
:100C70001B681B783B7307F10803184603F0E4FF79
:100C8000404B1B685B78184604F052FD3D4B1B68D7
:100C90009B68002B00F000813A4B1B689B689847CB
:100CA000FAE0374B02229A71F7E0354B0122DA70F5
:100CB000334B01229A70F0E0314B0022DA70304B56
:100CC00001229A70E9E07B681A7B2D4B9A712C4BBC
:100CD0009B6804221A70012387F87F3012E07B683A
:100CE0009A6897F87F3013441A78254B996897F8DB
:100CF0007F300B440132D2B21A7097F87F30013343
:100D000087F87F301E4B5A791D4B9B79934228BF41
:100D10001346DBB297F87F209A42E0D3BDE004236C
:100D200087F8683007F16803184604F0CBFAB4E09E
:100D300016480EF095FE124B00229A81104B0022AD
:100D40005A7004233B720F4B1B681B783B7307F1EF
:100D50000803184603F078FF0A4B1B685B781846B7
:100D600004F0E6FC074B1B689B68002B03D0054B87
:100D70001B689B689847064B5B6A022098478CE08B
:100D8000D8330020EC330020B10E0108C03300201E
:100D9000D00000207B681B7B032B14D1052387F830
:100DA00054307B689B6801331B781BB21B021AB25C
:100DB0007B689B6802331B781BB213431BB29BB248
:100DC000A7F8583033E07B681B7B072B2FD1062315
:100DD00087F854307B689B6801331B781BB21B0279
:100DE0001AB27B689B6802331B781BB213431BB299
:100DF0009BB2A7F858307B689B6803331B781A04B2
:100E00007B689B6804331B781B0213437A689268E3
:100E10000532127813431A46642302FB03F3FB6581
:100E20007B689B6806331B785BB287F8603007F1FC
:100E30005403184604F046FA194B01229A702CE02C
:100E40000A2387F8403007F14003184604F03AFAC5
:100E500023E000233B727B689B6801331B783B7364
:100E600007F10803184603F0EFFE16E00D2387F89C
:100E70002C307B689B685B7887F8303007F12C0357
:100E8000184604F01FFA08E000BF06E000BF04E0C7
:100E900000BF02E000BF00E000BF8037BD4680BD5C
:100EA000D833002080B400AF00BFBD4680BC70477F
:100EB00080B582B000AF7860FFF7A8FD00BF0837AB
:100EC000BD4680BD90B583B000AF0EF0E3FE034693
:100ED000164A1360164C3B4618460EF099FA04F574
:100EE0004E733A4692E8030083E80300114A1378F0
:100EF00043F0100313700E4BD3F84833002B0AD085
:100F00000B4BD3F848331B69002B04D0084BD3F8A4
:100F100048331B699847084B0122002102200DF03D
:100F2000C9FC00BF0C37BD4690BD00BF0C3F002080
:100F3000F0330020083F0020A828020880B584B0C4
:100F400000AFF860084611461A4603467B810B46FF
:100F50003B811346FB710EF09DFE0346164A13605B
:100F6000154AFB685360144A7B891381124A3B89F6
:100F70005381114AFB791373104A137843F0080325
:100F800013700F4BD3F84833002B0AD00C4BD3F817
:100F900048331B69002B04D0094BD3F848331B6935
:100FA0009847084B0122002102200DF083FC00BF6E
:100FB0001037BD4680BD00BF103F0020083F002015
:100FC000F0330020B828020880B500AF0E4A13782D
:100FD00043F0040313700D4BD3F84833002B0AD0B1
:100FE0000A4BD3F848331B69002B04D0074BD3F8C6
:100FF00048331B699847064B0122002102200DF05F
:1010000059FC00BF80BD00BF083F0020F033002026
:10101000C828020880B500AF0B4A137843F00203DA
:1010200013700A4BD3F84833002B0AD0074BD3F880
:1010300048331B69002B04D0044BD3F848331B6999
:10104000984700BF80BD00BF083F0020F03300205C
:1010500080B500AF0E4A137843F0010313700D4BB7
:10106000D3F84833002B0AD00A4BD3F848331B6916
:10107000002B04D0074BD3F848331B699847064B25
:101080000122002102200DF015FC00BF80BD00BF31
:10109000083F0020F0330020D828020880B400AFB9
:1010A000084B93F8FC30022B04D0074B062283F840
:1010B000802403E0044B022283F8802400BFBD4655
:1010C00080BC7047F8380020F033002080B58EB027
:1010D00002AF444B93F8FC30022B02D0424BDB6A48
:1010E0009847424BD3F8B033194641480EF028FDDB
:1010F0003F480EF047FC3D4BD3F8B43319463D480A
:101100000EF01EFD3B480EF03DFC364B93F8FC30D4
:10111000022B04D0354B93F81434002B19D016232E
:1011200087F820302F4B93F8403007F1200211460A
:10113000184606F08CFB0346FB612C4BD3F8B42316
:10114000FB69134419462C480EF0FAFC2A480EF0AD
:1011500019FC2A4B1B68234AD362244B93F815349D
:101160003B72264B1B68FB6007F1280318460EF004
:1011700087F938461B4BD3F808210092D3F8043185
:1011800007F1280206CA0EF0DCF807F114033A460C
:1011900092E8030083E80300144BD3F818343B6152
:1011A00001237B720F4B93F81031002B01D10023E8
:1011B0007B720C4B93F8403007F108021146184639
:1011C00006F066FB094B93F8143483F00103DBB29D
:1011D000002B03D0054B002283F8392400BF3037A1
:1011E000BD4680BDF838002044330208F0330020AB
:1011F0007037002088370020E83700200C3F00209F
:1012000080B500AF104BD3F8403343F080030E4A53
:10121000C2F840330C4B93F81434002B02D000205A
:1012200001F0F8F8084A92F8813443F0020382F89A
:101230008134054A92F8813443F0200382F88134E6
:10124000FFF72CFF00BF80BDF0330020B0B5A6B083
:1012500004AF132387F88030B94B5B68FB67B84B4A
:101260001B89A7F87A30B64B5B89A7F87830B44B66
:101270001B7B87F87730002387F8763000237B606C
:10128000B04BD3F8CC30C7F88430002387F88330D4
:10129000012387F88230AC4B002283F83C24AA4A11
:1012A000B7F87830A2F87C34A74A97F8773082F8FC
:1012B0007E34A54B93F88024A34B83F87F24A24B64
:1012C000002283F81F24A04B002283F81E249E4B8B
:1012D000002283F821249C4B0022C3F824249A4B3B
:1012E000002283F82824984B002283F82924964B67
:1012F000002283F82A24944B0022C3F82C24924B1A
:10130000002283F81C24904B0022C3F830248E4B1B
:10131000002283F834248D4BDB6A98478C480EF00A
:101320009FFBB7F87A301946F86F04F036FB034696
:10133000002B0AD0844AB7F87830A2F87234824A77
:1013400097F8773082F87434BFE37E4B93F8FC3023
:10135000012B1ED104F034FB0346002B0AD00020E1
:1013600004F0E5FA002004F006FB774B042283F832
:101370007F240EE004F02BFB0346002B09D0002055
:1013800004F0DFFA002004F0FFFA6F4B052283F827
:101390007F2497F876305A1C87F876201A46FB6F20
:1013A00013441B7887F8743097F87430C3F34213F2
:1013B000DBB2013B062B00F2628301A252F823F05C
:1013C000DD1301087F1A01085D1501087F1A010865
:1013D000551501087F1A0108251A0108B7F87A3057
:1013E000102B06D8584B012283F81D24FFF708FF65
:1013F0006BE3FB6FBB60B7F87A30DBB23B73514BEA
:1014000093F81031002B06D04F4B012283F81D2496
:10141000FFF7F6FE59E3FDF79BFF014607F10803CE
:101420001A46FF2005F09CFC034687F8803097F8A9
:101430008030002B72D17B7C1A46424BC3F8C82007
:10144000404BD3F8C820BB7C1B0213433D4AC2F873
:10145000C8303C4BD3F8C820FB7C1B041343394AEB
:10146000C2F8C8307B69374AC2F8CC303B7EC3F340
:101470000213DBB21A46334B83F861203B7EC3F381
:101480000303DBB21A462F4B83F868203B7EC3F37D
:101490000303DBB21A462B4B83F870207B7E1A467F
:1014A000284B1A65274B1B6D002B02D1254B0122BF
:1014B0001A65244B1B6D4FF47A7202FB03F3214A29
:1014C0001365204B1B6D03F57A731E4A53651D4B44
:1014D000002283F80E2107F108031233FB66B7F8E8
:1014E0007A30DBB2113BDBB287F87030154B93F8E2
:1014F000403007F16C021146184606F017FA114BFE
:10150000022283F81021012004F026FF0346002B5D
:101510000ED00121002004F093FE09E0012004F028
:101520001BFF0346002B03D00121072004F088FE97
:10153000054A92F8813443F0080382F88134A5E229
:10154000103F0020F8380020F03300204433020818
:1015500088370020AE4B012283F81C24AD4B93F852
:10156000753087F86630AA4B93F820345BB287F861
:1015700065300D2387F86430A64B93F88030002B3C
:1015800002D00E2387F86430A24B93F8403007F165
:1015900064021146184606F05AF903463B66B7F84E
:1015A0007A300D3B9BB21BB223EAE3731AB23B6E57
:1015B0001BB29A4203DCB7F87A300B2B06D8944B57
:1015C000012283F81D24FFF71BFE7EE2FB6F3B63C5
:1015D000B7F87A30DBB287F834308F4B7B65FF2366
:1015E00087F8583007F13003184605F0B2FE03467D
:1015F000002B06D0864B012283F81D24FFF700FE46
:1016000063E2BB6B824AC2F83034BA1C07F1300384
:101610001146184602F0ECFC0346002B06D07C4B2A
:10162000012283F81D24FFF7EBFD4EE2002387F82B
:10163000833000237B60002387F8813049E097F8EE
:101640008130744A2C2101FB03F31344D4331A680C
:10165000BB6B9A4238D197F881306E4A2C2101FB3E
:1016600003F31344D2331B78002B2DD0012387F8CA
:10167000833097F88130674A2C2101FB03F3134430
:10168000D3331B7887F8823097F88130614A2C2158
:1016900001FB03F31344F0331B681B687B6097F86E
:1016A00081305C4A2C2101FB03F31344D4331B68C3
:1016B000C7F88430574B93F8FC30022B0ED1544BB3
:1016C000032283F87F2409E097F88130013387F8FB
:1016D000813097F88130002BB1D000E000BF97F83F
:1016E0008330012B17D1BB78032B0DD197F83C30F9
:1016F00003F02003DBB2002B06D197F83C3003F057
:101700004003DBB2002B06D0414B012283F81D249D
:10171000FFF776FDD9E1152387F864303D4B93F848
:10172000403007F164021146184606F090F803466F
:101730003B66B9783B6E9BB2364D07F1300497F8A3
:1017400082003A1D0292FA1C01920093D5F80C31E6
:10175000224600F095FE034687F8803097F88030E7
:10176000002B31D097F88030072B19D1284B082255
:1017700083F81D24274B93F80E31002B1DD197F8C9
:10178000743023F01F03DBB2A02B16D1214B5A6B10
:10179000FB6D9A4211D11F4B012283F83A200CE0D5
:1017A00097F88030082B04D1194B0A2283F81D24A6
:1017B00003E0174B012283F81D247B68144AC2F80A
:1017C0002C34FFF71DFD80E1FA78796897F88200E4
:1017D00007F1300300930B46D7F8841005F00AFC9C
:1017E000034687F8803097F88030002B16D097F8A2
:1017F0008030022B04D1064B0B2283F81D2403E01A
:10180000034B0C2283F81D24FFF7FAFC5DE100BFB7
:10181000F0330020F838002028360020AC4B00229E
:1018200083F81D24AA4A97F8833082F81E3497F86B
:101830003C30C3F30013DBB21A46A54B83F82124D6
:10184000A34B0022C3F82424A14B002283F82824B0
:101850007B689F4AC2F82C3497F83C30C3F340139E
:10186000DBB2002B14BF01230023DAB2984B83F8BC
:101870002A24974B002283F8392497F83C30C3F38D
:101880004013DBB2002B14BF01230023DAB2904BCC
:1018900083F83C248E4B93F87F34002B04D08C4B80
:1018A00093F87F34012B02D18A4B00229A6297F879
:1018B0008330012B04D1864B022283F81C241FE0C5
:1018C00097F8743023F01F03DBB2A02B10D1814BAB
:1018D000012283F83A207F4B93F80E31002B02D17E
:1018E000FB6D7C4A53637A4B012283F81C2407E08A
:1018F000784B002283F83A20754B002283F81C2491
:10190000734B93F87F34724A92F8382497F83C105E
:10191000184601F01DFFBB78032B74D801A252F8C2
:1019200023F000BF3519010885190108BB1901080A
:10193000E119010897F83C30C3F30303DBB21C46FE
:10194000634B93F87F3497F9771007F1300202F177
:10195000100000930B462246002100F003FF97F889
:1019600050205B4B83F81F247B6D594AC2F8243406
:1019700097F85820564B83F82824554B012283F8BA
:10198000292447E097F83C30C3F30303DBB21C463D
:101990004F4B93F87F3497F9771007F1300202F13B
:1019A000100000930B462246002100F0DBFE97F862
:1019B0005020474B83F81F242CE0786D97F858206F
:1019C000434B93F87F3497F9771000930B4600212F
:1019D00000F0C8FE97F850203D4B83F81F2419E013
:1019E00097F850203A4B83F81F247B6D384AC2F891
:1019F000243497F85820364B83F82824344B01229E
:101A000083F8292406E0324B012283F81D24FFF7D6
:101A1000F7FB00BF2E4A92F8813443F0020382F8AC
:101A2000813433E097F87630FA6FD11897F8763032
:101A30009BB2B7F87A20D31A9BB21A46264809F00F
:101A4000CEFD234B032283F81C24214B002283F874
:101A50001D241F4B204AC3F82424B7F87A30DAB289
:101A600097F87630D31ADAB2194B83F82824184A3B
:101A700092F8813443F0020382F8813406E0144B7B
:101A8000012283F81D24FFF7BBFB00BF104B93F826
:101A90001434002B08D00E4B93F83C34002B0BD0A1
:101AA000002000F0B7FC07E00A4B93F8FC30022B53
:101AB00002D1002000F0AEFC054A92F8813443F0D8
:101AC000200382F88134FFF7E9FA8837BD46B0BDBC
:101AD000F0330020F83800202836002080B500AF11
:101AE000114B93F8FC30022B02D0104BDB6A984765
:101AF000FFF7D4FA0E4B022283F83924022004F0B7
:101B0000F7FB0B4B93F81434002B03D0084B012246
:101B100083F81324064A92F8813443F0200382F8B4
:101B2000813400BF80BD00BFF83800204433020874
:101B3000F033002080B584B000AF03460A46FB7145
:101B40001346BB710023FB73404B93F8FC30022B10
:101B500002D03F4BDB6A984703F02BFF0346002B74
:101B600007D0022003F0D9FE002003F0FBFE012382
:101B7000FB73364B93F8FC30012B19D103F020FF97
:101B80000346002B07D0002003F0D1FE002003F015
:101B9000F2FE0123FB7303F01AFF0346002B07D06C
:101BA000002003F0CEFE002003F0EEFE0123FB73C5
:101BB000FB7B83F00103DBB2002B40D0254B93F875
:101BC0008034002B22D1234B93F81434002B03D004
:101BD000204AFB7982F83934FB79184604F088FBF7
:101BE0001A4BDB6A18460EF067F80246194BD3F819
:101BF000B4339A4223D318480DF032FF154A92F8B5
:101C0000813443F0200382F8813418E0114B93F8BB
:101C10001434002B03D00F4ABB7982F83934BB79D6
:101C2000184604F065FB094B93F8FC30022B06D0F4
:101C3000084A92F8813443F0200382F88134FFF798
:101C40002DFA00BF1037BD4680BD00BFF838002018
:101C500044330208F03300208837002080B500AFFD
:101C600006210520FFF766FF00BF80BD80B500AFED
:101C700004210320FFF75EFF00BF80BD80B584B064
:101C800000AFEFF310837B607B68FB6072B600BF30
:101C90001D4B1B683B601C4B00221A60FB68BB603D
:101CA000BB6883F3108800BF3B68002B27D03B78CC
:101CB00003F01003DBB2002B01D0FFF707FA3B78EB
:101CC00003F00803DBB2002B01D0FFF7BFFA3B782B
:101CD00003F00403DBB2002B01D0FFF7FFFE3B78DB
:101CE00003F00203DBB2002B01D0FFF7B7FF3B7814
:101CF00003F00103DBB2002B01D0FFF7B7FF00BFF9
:101D00001037BD4680BD00BF083F002080B400AF43
:101D1000084BD3F84033002B06D1064B93F882349E
:101D2000012B01D1002300E001231846BD4680BCF1
:101D3000704700BFF033002080B483B000AF03468B
:101D4000FB71044AFB7982F8823400BF0C37BD4630
:101D500080BC7047F033002080B582B000AF2C4BC0
:101D600093F881343B712A4BD3F84033002B4AD18E
:101D7000274B93F8813403F00103DBB2002B06D02C
:101D8000234A92F8813423F0010382F88134204BF6
:101D900093F8813403F00403DBB2002B06D01C4A15
:101DA00092F8813423F0040382F881340120FFF794
:101DB000C3FF3B7903F00103DBB2002B05D0144BCA
:101DC000D3F844331B68134898473B7903F0040366
:101DD000DBB2002B0ED0104804F0D8FA04F022FB3E
:101DE0000346002B06D00A4A92F8813443F00403DC
:101DF00082F8813403F009FE054A92F8813423F019
:101E0000200382F8813400BF0837BD4680BD00BF83
:101E1000F0330020283800203C38002080B582B004
:101E200000AF0A4BD3F84033002B0AD10023FB71DB
:101E3000FB1D184604F090F8FB79002B01D000F050
:101E400081FC00BF0837BD4680BD00BFF0330020D5
:101E500080B588B000AF254B93F8813403F00803B8
:101E6000DBB2002B0DD0214A92F8813423F0080315
:101E700082F881341D4BD3F84433DB681C491D487C
:101E800098471A4B93F8813403F01003DBB2002B10
:101E900012D007233B7100237B71144BD3F84433DA
:101EA000DB683A1D124910469847104A92F881346F
:101EB00023F0100382F881340C4B93F8813403F043
:101EC0000203DBB2002B0DD0084A92F8813423F0D4
:101ED000020382F88134054BD3F844335B6804492C
:101EE0000548984700BF2037BD4680BDF03300202D
:101EF0006C380020503800200C38002080B582B0AB
:101F000000AF324B93F8813403F00103DBB2002BB6
:101F100058D00023FB710023BB712C4B93F838344D
:101F2000002B04D0294B93F83834032B04D102F052
:101F3000ADF80346FB7120E0244B93F83834012BB5
:101F40001BD1224B93F81334002B14D002F0CAF8A3
:101F50000346FB711E4B93F80E31002B0DD1FB791C
:101F600083F00103DBB2002B02D002F037F904E06A
:101F700002F072F901E00123BB71FB79002B0DD057
:101F800014480DF06DFD114BD3F8403323F02003BE
:101F90000E4AC2F8403302F0C7F813E0BB7983F071
:101FA0000103DBB2002B0DD0084A92F8813423F0F4
:101FB000200382F88134054B002283F8132400208B
:101FC00000F07EF900BF0837BD4680BDF033002029
:101FD000F83800205837002080B500AF1B4B93F82D
:101FE000813403F00403DBB2002B2CD0012004F079
:101FF000B3F90346002B12D0012004F04FF9034639
:10200000002B03D1114B002283F810240F4BD3F87F
:10201000403323F002030D4AC2F8403313E0052099
:1020200004F09AF90346002B05D1062004F094F938
:102030000346002B07D0054BD3F8403323F00203AF
:10204000024AC2F8403300BF80BD00BFF033002019
:1020500080B500AF0C2004F07FF90346002B19D0A7
:102060000E4B93F8813403F00103DBB2002B11D146
:102070000A4B93F8813403F00403DBB2002B09D040
:10208000064BD3F8403323F00203044AC2F840332E
:10209000012300E00023184680BD00BFF03300207C
:1020A00080B400AF0D4BD3F8403303F08003002B16
:1020B0000FD00A4BD3F8403323F08003074AC2F80D
:1020C0004033064BD3F8403323F00203034AC2F8EF
:1020D000403300BFBD4680BC704700BFF0330020D6
:1020E00080B584B000AF78600023BB600023FB8123
:1020F000504BD3F84033002B40F098807B6824216C
:10210000184609F0C1FAB8607B685B6ABA689A42FF
:1021100006D07B68BA685A62FB8943F00103FB81F1
:102120007B6828331421184609F0AEFAB8607B6842
:10213000DB6BBA689A4206D07B68BA68DA63FB89BF
:1021400043F00203FB817B684033D421184609F039
:102150009BFAB8607B68D3F81431BA689A4207D00A
:102160007B68BA68C3F81421FB8943F00403FB8140
:102170007B6803F58C73BC21184609F085FAB860BA
:102180007B68D3F8D431BA689A4207D07B68BA68C2
:10219000C3F8D421FB8943F00803FB817B6803F576
:1021A000EC73A021184609F06FFAB8607B68D3F889
:1021B0007832BA689A4207D07B68BA68C3F8782246
:1021C000FB8943F01003FB817B6803F51F734FF419
:1021D0005E71184609F058FAB8607B68D3F8F43598
:1021E000BA689A4207D07B68BA68C3F8F425FB89BD
:1021F00043F02003FB817B6803F5BF63142118467D
:1022000009F042FAB8607B68D3F80C36BA689A4293
:1022100007D07B68BA68C3F80C26FB8943F04003FB
:10222000FB81FB89184601F0BBFF00E000BF1037BF
:10223000BD4680BDF033002080B582B000AF0023E2
:10224000FB71FFF71BFD03F044FC1B4B93F881343B
:1022500003F02003DBB2002B21D00020FFF76CFD40
:10226000FFF71EFF02F02CF80346002B06D0FFF705
:10227000EFFE03461A46FB791343FB71FB79002BF3
:1022800003D1FFF7A9FEFFF739FEFFF765FDFFF762
:10229000C5FD0A48FFF724FF0120FFF74DFDFFF7BA
:1022A000D7FD054B93F88034022B01D101F08CFB54
:1022B00000BF0837BD4680BDF0330020F83800204D
:1022C00080B582B000AF786017480DF0C9FB174B9E
:1022D000D3F8403323F02003144AC2F840330120DE
:1022E00001F00CF90346002B18D00B2B16D0104B25
:1022F00093F93930DAB20D4B83F83A240B4B93F84B
:1023000012240A4B83F83D24084B092283F8392410
:10231000092003F0EDFF01F007FF00E000BF00BF60
:102320000837BD4680BD00BF58370020F03300207D
:10233000F838002080B582B000AF7860144B93F875
:102340001524134B83F8B823124B93F861305AB21B
:102350000F4B83F8BB230F4B93F875200C4B83F87E
:10236000C8230C4B93F88020094B83F8C923084BF2
:10237000002283F8CA23064B002283F8CB230649A8
:10238000064801F0F3FA00BF0837BD4680BD00BF24
:10239000F0330020F8380020A837002070370020E4
:1023A00080B582B000AF7860164B93F88034002B74
:1023B00023D0144B93F81524124B83F8CC23124BE3
:1023C0005B6E104AC2F8D0330F4B93F875200D4B5B
:1023D00083F8DC230C4B93F880200A4B83F8DD2331
:1023E000084B002283F8DE23064B012283F8DF230B
:1023F0000649074801F0BAFA00E000BF0837BD46B9
:1024000080BD00BFF0330020F8380020BC3700202A
:102410008837002080B582B000AF786015480DF095
:102420001FFB154B93F81434002B03D0124B0122E1
:1024300083F81324114B93F8FC30022B06D10E4A7B
:1024400092F8813443F0200382F881340A4BD3F8A8
:102450004833002B0AD0084BD3F848331B69002BB4
:1024600004D0054BD3F848331B69984700BF0837A1
:10247000BD4680BDE8370020F0330020F83800204A
:1024800080B584B000AFBA607B600346FB730B4637
:10249000BB73BB68002B05D0FB69002B02D03B6AE5
:1024A000002B01D10A2329E0FB7B002B16D0012B46
:1024B00018D1BB79012B0DD1BB7B002B02D0BB7B8C
:1024C000032B03D1FB6902221A700DE0FB69012284
:1024D0001A7009E0FB6903221A7005E0FB69042207
:1024E0001A7001E0052309E0FB691878BB68DB89F5
:1024F0001A46398B3B6A04F021FB03461846103715
:10250000BD4680BDB0B584B000AF0346FB71032368
:10251000FB73614B93F8FC30022B00F0A580022B7B
:1025200000F3B480002B03D0012B00F08F80ADE0CE
:10253000FB79002B07D1584B574A6C33643292E831
:10254000030083E80300FB79012B0CD1FB791846CB
:1025500003F061FA0346FB73FB7B002B03D14E4A69
:10256000FB7982F8FC30FB79022B40F08A804A4AE2
:10257000FB7982F8FC30494A484B02F5787403F540
:1025800073750FCD0FC42B682360444B022283F870
:10259000F3230023BB7349E097F90E303E4A2C2108
:1025A00001FB03F31344D2331B78002B38D097F987
:1025B0000E30394A2C2101FB03F31344E8331B6826
:1025C000354AD36697F90E30334A2C2101FB03F3C9
:1025D0001344EC3393F90030DAB22F4B83F87020B8
:1025E0002E4B93F815242D4B83F8E0232A4BDB6EFA
:1025F0002A4AC2F8E433284B93F87520274B83F816
:10260000F023254B93F88020244B83F8F123234BB0
:10261000032283F8F323214B012283F8F22309E0FC
:1026200097F90E30DBB20133DBB2BB7397F90E3092
:10263000002BB1DD194B002283F81424184BDB6A00
:10264000984701F0C1F90023FB731AE0FB791846A3
:1026500003F0E1F90346FB73FB7B002B13D10E4A19
:10266000FB7982F8FC300EE0FB79002B0DD10A4A91
:10267000FB7982F8FC300A4BDB6A98470023FB7336
:1026800003E000BF02E000BF00E000BFFB7B184694
:102690001037BD46B0BD00BFF8380020F033002031
:1026A0004433020880B586B000AF0346FB71104B7F
:1026B00093F87430BB74FB797B740D233B740C4B23
:1026C00093F88030002B01D00E233B74084B93F815
:1026D000403007F110021146184605F0B8F80346DD
:1026E000FB60FB68DBB218461837BD4680BD00BFF3
:1026F000F838002080B584B000AF0346FB710B466C
:10270000BB7113467B710023FB810023BB8197F9CA
:1027100006301846FFF7C6FF0346FB81FB799AB2E5
:102720007B799BB21344BB81BA89FB899A4204D856
:10273000BB89FF2B01D8012300E000231846103786
:10274000BD4680BD80B400AF054A92F8813443F0A5
:10275000100382F8813400BFBD4680BC704700BFC3
:10276000F033002090B5A5B002AF7860084611465E
:102770001A460346FB700B46BB7013467B70002362
:1027800087F86B30002387F887300023A7F868307C
:1027900000F083BCFB787A6813441B78184603F07A
:1027A00003FC03461A46FB781A44BB789A4200F3AE
:1027B0007A84FB785A1CFA701A467B6813441B789B
:1027C000023B112B00F2718401A252F823F000BFEA
:1027D000192801085B28010877290108B529010893
:1027E000A32A0108012B0108BD2B0108172C0108A1
:1027F000FB2C0108AB300108AB300108A52D010806
:10280000AB300108AB300108BB2E0108EF2E0108E8
:102810007F2F0108F72F0108042003F09DFD0346D8
:10282000002B00F02B840421002003F009FDFB782D
:102830005A1CFA701A467B6813441A78AD4B83F819
:102840005424FB785A1CFA701A467B6813441A7891
:10285000A84B83F8552400F011BC002387F85730AB
:10286000002387F85630002387F85530002387F877
:10287000543097F8873083F00103DBB2002B00F06F
:10288000FF83012387F88730FB78013B7A68134484
:10289000FB65BA78FB78D31ADBB20133DBB287F879
:1028A0006030954B93F8FE3087F86230924B93F886
:1028B000743087F86130904B93F9393087F8633082
:1028C0008D4B93F9383087F864308B4B93F8603038
:1028D00087F86530884BD3F80C31BB65864B93F88D
:1028E000400007F1560407F1570207F1580107F1BC
:1028F0005403019307F155030093234605F0AAF80A
:10290000034687F86B3097F86B3003F00703072B0B
:102910000ED197F95720784B83F8392097F9562034
:10292000754B83F8382097F85520734B83F8602057
:10293000002387F886300BE007F16B03012219466C
:10294000032003F0E1F997F88630013387F88630E9
:1029500097F85430694AA2FB03239B08DBB297F82F
:1029600086209A42E8D397F85420FB781344DBB2D0
:10297000013BFB7084E3FB785A1CFA701A467B68B3
:1029800013441B7803F00F03DAB25B4B83F8FF208C
:10299000594B93F8FF301A46012393409AB2564B95
:1029A000A3F8022107F1680300221946042003F06E
:1029B000ABF972E3072387F86B30FB787A6813442E
:1029C0001B781B09DBB25BB203F007035BB287F82D
:1029D0004D30FB787A6813441B785BB203F00F0329
:1029E0005BB287F84C30FB780133FB70FB785A1CE4
:1029F000FA701A467B6813441B783B65FB785A1CB7
:102A0000FA701A467B6813441B781A023B6D134315
:102A10003B65FB785A1CFA701A467B6813441B7896
:102A20001A043B6D13433B653B6D642202FB03F3C9
:102A30003B65314B93F8403007F14C021146184684
:102A400005F02FF8034687F86B3097F86B3003F0EA
:102A50000703072B17D197F94C30DAB2264B83F8CE
:102A6000682097F94C30DAB2234B83F870203B6D25
:102A7000214A53663B6D204AD36697F94D30DAB24E
:102A80001D4B83F8612097F86B3087F8683007F1A9
:102A9000680301221946052003F036F9FFF752FEBC
:102AA000FBE2FF2387F88530124BD3F84833002B25
:102AB0000DD0104BD3F848331B68002B07D00D4BBB
:102AC000D3F848331B689847034687F8853097F852
:102AD000853087F868307B7803F03F03DBB287F8F6
:102AE000693007F1680302221946062003F00CF949
:102AF000D3E200BFF0330020F8380020CDCCCCCC9E
:102B0000032387F86B30FB785A1CFA701A467B68EF
:102B100013441B785BB287F8483007F138037B64B5
:102B2000FB785A1CFA701A467B6813441B78BB6307
:102B3000FB785A1CFA701A467B6813441B781A02F9
:102B4000BB6B1343BB63FB785A1CFA701A467B6855
:102B500013441B781A04BB6B1343BB63BB6B642227
:102B600002FB03F3BB630023FB63FB785A1CFA7080
:102B70001A467B6813441B785BB287F84030874B5A
:102B800093F8403007F144021146184604F0A4FFC0
:102B90000346DBB287F86B3097F86B305BB2002BE3
:102BA000C0F2708297F86B3087F8683007F16803DD
:102BB00001221946072003F0A7F863E2FB785A1CAC
:102BC000FA701A467B6813441B7803F00F0387F8EA
:102BD000843097F88430002B04D197F88430013387
:102BE00087F8843097F884304FF47A7202FB03F34D
:102BF0001A466A4B1A65694B1B6D03F57A73674A6F
:102C0000536507F1680300221946082003F07CF899
:102C1000FFF798FD41E2FB785A1CFA701A467B6870
:102C200013441B7887F87630002387F8343000236C
:102C300087F8353097F8763003F02003002B02D068
:102C4000012387F8353097F8763003F01003002B16
:102C500002D0012387F8343097F8763003F00F0361
:102C6000DBB287F836304D4B93F8403007F1340231
:102C70001146184604F04BFF0346B3F1FF3F00F046
:102C8000038297F83420454B83F8742097F8352059
:102C9000424B83F8752097F836301A46404B9B5CC0
:102CA0001846EDF797FD03463C4A9367022387F8E1
:102CB0002C303A4B93F8743087F82E30374B93F81A
:102CC000403007F12C021146184604F0C0FD0346BF
:102CD000BB62BB6A5AB2314B93F939309342B8BFE9
:102CE00013465AB22D4B83F8392007F168030022AE
:102CF0001946092003F008F8C6E1032387F86B3072
:102D0000FB785A1CFA701A467B6813441B7887F8C4
:102D10002030FB785A1CFA701A467B6813441B78E3
:102D20007B62FB785A1CFA701A467B6813441B7846
:102D30001A027B6A13437B62FB785A1CFA701A46AC
:102D40007B6813441B781A047B6A13437B627B6A9B
:102D5000642202FB03F37B62104B93F8403007F1CF
:102D600020021146184604F0EDFE0346DBB287F858
:102D70006B3097F86B305BB2002BC0F2878197F80D
:102D80006B3087F8683007F16803012219460A2082
:102D900002F0BAFFFFF7D6FC78E100BFF838002058
:102DA000783202080A2003F0D7FA0346002B00F01D
:102DB0006F810A21002003F043FA07F11803002273
:102DC0001A605A6007F1100300221A605A6007F176
:102DD000080300221A605A60FB785A1CFA701A46DF
:102DE0007B6813441B78BB61FB785A1CFA701A4647
:102DF0007B6813441B781A02BB691343BB61FB78E1
:102E00005A1CFA701A467B6813441B781A04BB6973
:102E10001343BB61FB785A1CFA701A467B68134453
:102E20001B781A06BB691343BB61FB785A1CFA7006
:102E30001A467B6813441B781BB2BB83B7F91C305E
:102E40001A464FF47A7302FB03F31B121BB2BB83C7
:102E500007F1100307F1180292E8030083E803006A
:102E60003A69944B13443B6107F1080318460CF090
:102E7000CFFA07F16C00904BD3F83C230092D3F8C3
:102E8000383307F1100206CA0CF05BFA07F11000A4
:102E90003B6F0093FB6E07F1080206CA0CF018FAAC
:102EA00007F1100393E803000CF084FA02F0F1FD3F
:102EB000814B012283F83424EAE00D2003F04CFA20
:102EC0000346002B00F0E6800D21002003F0B8F946
:102ED000794B93F88034042B00F0DC80764B93F828
:102EE0008034052B00F0D68002F0B4FDD2E003233D
:102EF00087F87C300023BB67FB785A1CFA701A46AF
:102F00007B6813441B78BB67FB785A1CFA701A461F
:102F10007B6813441B781B02BA6F1343BB67FB78B3
:102F20005A1CFA701A467B6813441B781B04BA6F4C
:102F30001343BB67BB6F642202FB03F3BB67FB78E1
:102F40005A1CFA701A467B6813441B7803F00F036F
:102F500087F8773097F87730B96F184602F080FD20
:102F6000034687F87C3097F87C3087F8683007F1A3
:102F7000680301221946112002F0C6FE8DE00E20E2
:102F800003F0EAF90346002B00F086800E210020B2
:102F900003F056F90023A7F87E30002387F87D3030
:102FA000FB785A1CFA701A467B6813441B78A7F802
:102FB0007E30FB785A1CFA701A467B6813441B78E3
:102FC0001B021AB2B7F97E3013431BB2A7F87E304A
:102FD000FB785A1CFA701A467B6813441B7887F8F2
:102FE0007D30364B1A6897F87D10B7F87E3018465A
:102FF00002F042FD50E00023C7F88030FB785A1CF5
:10300000FA701A467B6813441B78C7F88030FB7847
:103010005A1CFA701A467B6813441B781B02D7F8B7
:1030200080201343C7F88030FB785A1CFA701A4688
:103030007B6813441B781B04D7F880201343C7F820
:103040008030D7F88030642202FB03F3C7F8803069
:10305000D7F8800002F023FD0346002B03D00123A4
:1030600087F8683002E0002387F8683007F16803CA
:1030700001221946132002F047FE0EE000BF0CE0CB
:1030800000BF0AE000BF08E000BF06E000BF04E0A8
:1030900000BF02E000BF00E000BFFA78BB789A42B0
:1030A000FFF478AB02E000BF00E000BF8C37BD4604
:1030B00090BD00BF803DD512F0330020103F0020AE
:1030C00080B58EB002AFF8607A601A460B46FB728C
:1030D00013463B81032387F82F30654B93F8393033
:1030E00087F82E30624B93F8383087F82D30604BDC
:1030F0009B6ABB625E4B93F81031002B01D1072312
:10310000B1E05B4B93F8FF30002B02D1584B00220B
:103110001A63002387F82C3097F82C3023F00F0324
:1031200087F82C30524B93F8FE2097F82C3062F33E
:10313000C71387F82C304E4B93F8FC30012B06D187
:1031400097F82C3043F0100387F82C3005E097F8FF
:103150002C3023F0100387F82C30454B93F83A308D
:10316000002B05D097F82C3043F0200387F82C3043
:103170003F4BD3F80C317B6101233B7697F82C3021
:10318000C3F3C013DBB2002B14BF01230023DBB257
:103190007B76374B9B6AFB61364BB3F8F4333B8449
:1031A000344BB3F8F6337B84314B93F9393087F8DD
:1031B00024302F4B93F9383087F825302C4B93F877
:1031C000743087F826302A4B93F8403087F8273040
:1031D00007F1280307F11400274A284902F07AFB77
:1031E00003461A4697F82C3062F3861387F82C3082
:1031F000FA7A07F12C013B8900937B68F86800F0AC
:1032000021FC034687F82F3097F82F30002B03D08E
:1032100097F82F300A2B07D197F83830184600F06E
:103220006DF9034687F82F3097F82F30002B0AD01E
:103230000F4A97F82E3082F839300D4A97F82D3022
:1032400082F838300DE00A4B002283F83A20BB6A3E
:10325000074A936202F0D0FD0346002B01D01323EE
:1032600001E097F82F3018463037BD4680BD00BFCB
:10327000F8380020F03300203039002031390020A8
:1032800080B584B000AF0346FB710023BB730023FD
:103290003B730123FB73FB79FF2B29D10020FFF740
:1032A00031F91A4B002283F80421184B184AC3F84D
:1032B0000821164BFF2283F80C213B7B23F0E0030F
:1032C0003B733A7B114B83F80D21FCF741F8034621
:1032D000082219460F4808F082F9FCF717F8034650
:1032E000082219460C4808F07AF90023FB7302E023
:1032F0000223BB7300BFFB7B184600F0FFF80346B8
:10330000BB73BB7B18461037BD4680BDF033002031
:10331000F2330020FE3400200635002080B500AFD7
:1033200002F047FB0346002B01D00E2313E00B4BAA
:1033300093F8FC30012B0DD102F042FB0346002B29
:1033400001D00F2307E002F042FB0346002B01D01F
:103350000F2300E00023184680BD00BFF83800208E
:1033600090B583B002AF2D4B93F840402B4B93F8B0
:1033700040002A4B93F87510284B93F93920274BBE
:1033800093F861305BB204F058FC034659B2234B0A
:1033900093F84820214B5B6C21480090204604F0B4
:1033A000F7FA1E4B93F840001C4B93F8683059B263
:1033B0001A4B93F84820194B5B6C1A4C009404F09C
:1033C000E7FA164B1B6D184AD2F8C4231344164A69
:1033D000C2F8B033114B5B6D134AD2F8D8231344B3
:1033E000114AC2F8B4330D4B93F81031002B11D1B0
:1033F0000A4B9B6D0C4AD2F8C42313440A4AC2F804
:10340000B033064BDB6D084AD2F8D8231344064A82
:10341000C2F8B43300BF0437BD4690BDF838002071
:10342000A8370020BC370020F033002080B582B0E0
:1034300000AF00237B60134B93F81031002B1BD09F
:103440003B1D184602F01EFD0346002B01D013233E
:1034500013E00D4B93F837320A4A92F939107A6823
:10346000D2B21846FFF746F9034683F00103DBB2F8
:10347000002B01D0082300E0002318460837BD4682
:1034800080BD00BFF8380020F033002080B582B046
:1034900000AF184B93F80431002B02D0042B11D04D
:1034A00021E0154804F047F80346FB71FB79002B37
:1034B00001D011231AE00F4B93F80C311A460D4B33
:1034C0001A8012E00C4804F0B8F80346FB71FB794F
:1034D000002B01D0112309E0064B93F80C311A465A
:1034E000044B1A8001E0032300E00023184608374C
:1034F000BD4680BDF0330020F834002080B590B088
:1035000002AF0346FB73032387F83730FFF706FF4C
:10351000034687F8373097F83730002B02D097F8FA
:1035200037308FE000F0FAF8FFF7B0FF034687F876
:10353000373097F83730002B02D097F8373081E0DA
:10354000424B1B6B7B61414B93F939303B773F4BCF
:1035500093F80031BB7707F12C0318460BF090FF6E
:1035600038463A4BD3F808210092D3F8043107F1DA
:103570002C0206CA0BF0E5FE07F120033A4692E85A
:10358000030083E80300314BDB6ABB61002387F84B
:10359000283001237B772E4B1B887B852B4B93F8A0
:1035A0001031002B04D1012387F8283000237B77CA
:1035B000264B93F8400007F11401264B0093264B4D
:1035C000264A04F000FB034687F8373097F8373077
:1035D000002B22D097F837300B2B1BD1FB7B002B15
:1035E00018D01B4BD3F88434002B11D0184BD3F8D0
:1035F000403343F02003164AC2F84033144BD3F84B
:103600008434194616480CF09BFA15480CF0BAF9A8
:10361000002317E097F8373014E0FFF7A1FEFFF71B
:1036200005FF034687F8373097F83730002B02D074
:1036300097F8373006E0064B93F81534184600F03B
:103640001BFB034618463837BD4680BDF8380020BE
:10365000F03300202839002074380020053800207D
:103660005837002080B584B000AF03460A46FB718E
:103670001346BB711323FB730023BB60254B93F8E8
:103680000431002B02D0042B11D03BE0224803F080
:1036900023FB0346FB73FB7B002B01D0112334E09B
:1036A0001C4B93F80C311A461A4B1A802CE007F188
:1036B0000803184603F02AFA0346002B01D0122310
:1036C00023E0144B93F81034002B04D1114B93F8E2
:1036D0001234012B02D9BB68013BBB60B868BA79D0
:1036E000F9790D4B03F00EFC0346FB73FB7B002BBB
:1036F00001D0112309E0074B93F80C311A46054B12
:103700001A8001E0032300E0002318461037BD466D
:1037100080BD00BFF0330020F834002080B400AF3B
:10372000094B1B6B002B0AD1074BB3F80231013B4D
:10373000064AD2F8182402FB03F3034A136300BFBE
:10374000BD4680BC704700BFF8380020F033002031
:1037500080B582B000AF03463971FB711346BB716F
:10376000FB79002B02D0FB79012B0DD1BB79012B0A
:1037700008D13B7903F02003DBB2002B04D002F028
:103780005FFB01E002F05CFB00BF0837BD4680BD77
:10379000B0B58EB000AF684B002283F81021664BA5
:1037A00000229A62654B002283F81024634B0122A9
:1037B00083F81124614B012283F812245F4B00220D
:1037C00083F813245C4B002283F8FF205A4B01221C
:1037D000A3F80221584B93F9C420574B83F83820A3
:1037E000554B93F9C520544B83F83920524B93F82D
:1037F000A120514B83F861204F4B4F4A6433A432D0
:1038000092E8030083E803004B4B4B4A6C33AC3225
:1038100092E8030083E80300474B93F8B420464B3B
:1038200083F87420444B93F8B520434B83F87520FC
:10383000414BD3F8B830404A93673F4BD3F8BC3084
:103840003D4AD3673D4B002283F814243A4B0022B3
:1038500083F83A2001233B73394B7B60394BBB60C3
:10386000354B93F840303A1D1146184604F026F8BF
:10387000324B002283F81524304B93F815242F4B3C
:1038800083F8CC232C4B5B6E2C4AC2F8D0332A4BE6
:1038900093F87520294B83F8DC23274B93F880207D
:1038A000264B83F8DD23254B002283F8DE23234BB0
:1038B000012283F8DF23214A204B02F5787403F5B7
:1038C00073750FCD0FC42B6823601C4B012283F846
:1038D000F2231A4B022283F8F32300233B630023D5
:1038E0007B63164BD3F84833002B09D0134BD3F826
:1038F00048335B683B63114BD3F848331B697B63E8
:10390000114B3B61114B7B61114BBB61114BFB6157
:10391000114B3B62114B7B62114BBB62114BFB6243
:1039200007F1300107F110030F4A184601F0EAFFD2
:1039300000BF3837BD46B0BDF8380020F033002056
:10394000D03A0020743B0020503800200C38002072
:103950003C38002071380020C4390020383900205C
:103960003C390020C8390020F03E002080B582B0EC
:1039700000AF7860396078680CF072F80E4B1B6B02
:1039800098470E4B93F840300D4A3968184604F0BA
:1039900022F80346002B0AD0074B5B6B074AD26C18
:1039A000104698473B68DA7C064B83F8802400BFBA
:1039B0000837BD4680BD00BF44330208F8380020F8
:1039C00010380020F033002090B583B002AF184BC0
:1039D00093F84000164B93F8703059B2144B93F89B
:1039E0004820134B5B6C134C009403F0D1FF124B37
:1039F000022283F8F323104B012283F8F2230C4BAD
:103A000093F840300D4A0B49184603F0E4FF034693
:103A1000002B09D00A4B5B6B00209847064B93F8AC
:103A2000F323054B83F8802400BF0437BD4690BDC7
:103A3000F8380020D0370020F03300201038002064
:103A40004433020880B588B000AFF860B9603B60CD
:103A50001346FB71814B00221A80804B002283F8B1
:103A600014240023BB6100237B610023FB773B68A8
:103A7000002B01D100233B853B8D1A4639687848DD
:103A800007F0ADFD3B8DDAB2744B83F83722FB684B
:103A90001A78724B9A70FB681B78C3F34213DBB23F
:103AA000072B00F0B980072B00F3CE80022B06D045
:103AB000042B40F0C980694B012283F81424674B22
:103AC000042283F80421654B664AC3F80821634B3E
:103AD000FF2283F80C21FB681A78604B83F80D21D4
:103AE0005E4AFB7982F828315F4BD3F8CC305B4AD1
:103AF000C2F81031BB681A78584B83F81421574B21
:103B000093F83722554B83F83021544B544AC3F86D
:103B10002C2107F11803184602F0F8FF0346002B8A
:103B200001D0122396E0BB699AB24C4BA3F8162140
:103B30004A4B002283F83D24484B002283F83C2462
:103B4000BB69464AC2F8443407F11403184602F030
:103B500099F90346002B01D013237BE07B69002BEE
:103B600074D0414B93F939301846FEF79BFD03465C
:103B7000FB773A4B93F83732002B1DD07B690F2B24
:103B80001AD807F11403394A19460F2002F090F9A8
:103B90000346002B01D013235CE07B6903F00F0385
:103BA000D9B2BA68137861F303031370BB681A784B
:103BB0002A4B83F8142149E0284B93F83732002B25
:103BC00010D07B690F2B0DD9FB7F07F11401284A18
:103BD000184602F06DF90346002B01D0132339E09B
:103BE0000A2337E0FB7F07F11401214A184602F04F
:103BF0005FF90346002B01D013232BE0174B002263
:103C000083F82821154B1A4AC3F82C217B69DAB2B4
:103C1000124B83F8302119E03B68002B18D00F4B72
:103C200093F83732002B13D012480C4B93F83732ED
:103C30001A46396807F0D3FC084B93F83732013342
:103C40009AB2064B1A8003E0022303E000BF00E0B3
:103C500000BF002318462037BD4680BDF03300204A
:103C600028350020F2330020F838002008350020E5
:103C700078380020F333002080B58AB000AF0346C7
:103C8000FB71032387F827300023FB73FB793B7418
:103C9000474B93F939307B74454B93F93830BB74FB
:103CA000434B9B6F7B61424BDB6FBB61414B1B887E
:103CB000BB833F4B93F8400007F10F0207F110015F
:103CC0003D4B03F0A6FE3B4B012283F83924384BD1
:103CD00093F93930DAB2374B83F83A2497F90F2049
:103CE000344B83F83B24FB79324AC2F84834314BD9
:103CF000D3F818342F4AC2F840342E4BD3F8183476
:103D00002C4AC2F8503401F069FE0346002B0BD058
:103D1000284BD3F81834184601F0CBFE38623B6AC2
:103D2000002B01D010233EE0214B93F8FC30012BF7
:103D300001D101F0C8FE01F062FE1D4B93F939304C
:103D4000DBB21C4A92F8152411461846FFF78AFC8C
:103D5000034687F8273097F82730002B02D097F8D2
:103D6000273020E0134BD3F8403343F00203114ACD
:103D7000C2F840330F4B93F8143483F00103DBB2E5
:103D8000002B07D00B4B93F810340133DAB2094BF8
:103D900083F81024094B9B6A064A1288D2B2114656
:103DA00007489847002318462837BD4680BD00BF06
:103DB000F8380020F033002008380020443302088F
:103DC000F233002080B586B000AF0346FB80154B70
:103DD00093F815343B72144B93F939307B72124BC4
:103DE00093F93830BB72104B9B6FFB600E4BDB6F4F
:103DF0003B61FB88BB820C4B93F8403007F1080213
:103E00001146184603F002FF064BD3F8403343F047
:103E10000203044AC2F84033002318461837BD464F
:103E200080BD00BFF0330020F838002080B582B09C
:103E300000AF03463960FB8013467B71094BDB6B97
:103E400097F90510FA8838689847074BD3F840333C
:103E500043F00203044AC2F84033002318460837EF
:103E6000BD4680BD44330208F033002080B400AF6B
:103E7000024B1846BD4680BC704700BFF838002092
:103E800080B584B000AF78600023FB607B68002BB6
:103E900001D103239AE04F4BD3F84033012B01D0DB
:103EA000012393E07B682421184607F0EDFBF860BE
:103EB0007B685B6AFA689A4205D17B6828221946BA
:103EC000454807F08CFB7B6828331421184607F01F
:103ED000DBFBF8607B68DB6BFA689A4206D17B6893
:103EE0002833182219463D4807F079FB7B68403398
:103EF000D421184607F0C8FBF8607B68D3F814316A
:103F0000FA689A421FD17B684033D8221946344858
:103F100007F065FB2F4B93F815242E4B83F8E02315
:103F20002D4BDB6E2B4AC2F8E4332B4B93F87520F4
:103F3000284B83F8F023274B012283F8F223254BEB
:103F4000022283F8F3237B6803F58C73BC211846A7
:103F500007F09AFBF8607B68D3F8D431FA689A428C
:103F600007D17B6803F58C73C02219461D4807F002
:103F700036FB7B6803F5EC73A021184607F084FB41
:103F8000F8607B68D3F87832FA689A4207D17B6888
:103F900003F5EC73A4221946134807F020FB7B6855
:103FA00003F5BF631421184607F06EFBF8607B68C9
:103FB000D3F80C36FA689A4207D17B6803F5BF63E1
:103FC00018221946094807F00AFB00231846103743
:103FD000BD4680BDF0330020F83800202039002095
:103FE00038390020103A0020D03A0020F03E00205E
:103FF00080B483B000AF786039607B68002B02D05A
:104000003B68002B01D103233BE07B681B7B03F063
:104010000F03DBB2002B08D07B6893F82030002B15
:1040200003D03B6800221A702AE07B6893F828309E
:10403000002B03D13B6801221A7021E07B681B7BB7
:1040400003F00F03DBB2002B08D17B6893F820301C
:10405000002B03D13B6802221A7011E07B681B7BA6
:1040600003F00F03DBB2002B08D17B6893F82030FC
:10407000002B03D03B6803221A7001E0172300E0F5
:10408000002318460C37BD4680BC704780B400AF93
:10409000124B93F81024124B93F860309A4201D3DC
:1040A000012316E00D4B93F8813403F00203DBB2D9
:1040B000002B0DD00A4B93F8FC30002B01D10123CB
:1040C00007E0064B93F87F34002B01D1012300E079
:1040D00000231846BD4680BC704700BFF033002067
:1040E000F838002080B400AF0E4B93F812240D4B2B
:1040F00093F811349A4201D301230FE0094B93F84E
:10410000813403F00203DBB2002B06D0054B93F899
:104110003C34002B01D0012300E000231846BD46AB
:1041200080BC7047F033002080B400AF1A4B93F886
:10413000813403F00203DBB2002B09D0164B93F855
:104140007F34002B0ED0144B93F87F34012B09D011
:10415000124B93F8FE30002B04D0104B9B6A0133B6
:104160000E4A93620C4B002283F810240A4B002263
:1041700083F81424084B002283F81324064BD3F849
:10418000403323F00203044AC2F8403301231846A7
:10419000BD4680BC704700BFF0330020F8380020D7
:1041A00080B582B000AF0346FB800B4BD3F8483399
:1041B000002B0CD0084BD3F84833DB68002B06D01B
:1041C000054BD3F84833DB68FA881046984700BFA0
:1041D0000837BD4680BD00BFF033002080B584B0F5
:1041E00000AF1B4B93F81224194B93F811349A42E9
:1041F00029D2174B93F812340133DAB2144B83F8F7
:104200001224134B93F8123403F00103DBB2002B9A
:1042100019D022233B720F4B93F87430BB720D4BB5
:1042200093F939307B720B4B93F8403007F1080259
:104230001146184603F00BFB03467B607B685AB2BD
:10424000044B83F8392000BF1037BD4680BD00BF46
:10425000F0330020F838002080B584B000AF144B54
:1042600093F83C3483F00103DBB2002B15D002231A
:104270003B73104B7B60104BBB60104B93F840308E
:104280003A1D1146184603F019FB094B002283F82A
:104290001424074B002283F83C24054B93F8122486
:1042A000034B83F83D2400BF1037BD4680BD00BFDF
:1042B000F0330020D03A0020743B0020F838002072
:1042C00080B400AF0B4B93F8813403F00403DBB2EE
:1042D000002B07D1074B93F8813403F00103DBB2C5
:1042E000002B01D0012300E000231846BD4680BC0E
:1042F000704700BFF033002090B58FB002AF7861F7
:1043000039611346FB737B69002B02D03B69002B9C
:1043100001D1032375E27B691B68002B0BD07B69FD
:104320005B68002B07D07B699B68002B03D07B69FF
:10433000DB68002B01D1032363E2FB7B184603F00B
:1043400071FA034683F00103DBB2002B01D009238D
:1043500057E2786901F0F6FE4FF4C2620021C748C7
:1043600007F078F94FF4A1620021C54807F072F90F
:10437000C34B012283F81224C14B012283F811247C
:10438000BE4AFB7B82F84030BC4B002283F8FC2005
:10439000BA4B002283F88020B84BBA4AC3F80C21EC
:1043A0000F2387F82830B54B93F8403007F12802E7
:1043B0001146184603F04BFA03467B627B6A002BDA
:1043C00014BF01230023DAB2AC4B83F800210A2387
:1043D00087F82830A94B93F8403007F1280211469E
:1043E000184603F034FA03467B627B6A5AB2A34B49
:1043F00083F8C420062387F82830A04B93F8403078
:1044000007F128021146184603F021FA03467B62A1
:104410007B6A5AB2994B83F8C520102387F828305D
:10442000964B93F8403007F128021146184603F0E6
:104430000EFA03467B627B6A904AC2F88C301123E5
:1044400087F828308D4B93F8403007F12802114649
:10445000184603F0FCF903467B627B6A874AC2F880
:104460009030122387F82830844B93F8403007F1BE
:1044700028021146184603F0EAF903467B627B6A7C
:104480007E4AC2F89430132387F828307B4B93F888
:10449000403007F128021146184603F0D8F90346C8
:1044A0007B627B6A754AC2F89830142387F82830FB
:1044B000724B93F8403007F128021146184603F07A
:1044C000C6F903467B627B6A6C4AC2F89C301723AC
:1044D00087F82830694B93F8403007F128021146DD
:1044E000184603F0B4F903467B627B6ADAB2634B89
:1044F00083F8A120182387F82830604B93F84030C8
:1045000007F128021146184603F0A1F903467B6221
:104510007B6A5A4AC2F8A4307B6A584AC2F8AC3067
:10452000192387F82830554B93F8403007F12802BB
:104530001146184603F08BF903467B627B6ADAB2B8
:104540004E4B83F8A8207B6ADAB24C4B83F8B0203C
:104550001E2387F82830494B93F8403007F1280292
:104560001146184603F073F903467B627B6ADAB2A0
:10457000424B83F8B4201F2387F828303F4B93F831
:10458000403007F128021146184603F060F903464F
:104590007B627B6ADAB2394B83F8B520202387F837
:1045A0002830364B93F8403007F128021146184660
:1045B00003F04DF903467B627B6A304AC2F8B8309B
:1045C000212387F828302D4B93F8403007F128023B
:1045D0001146184603F03BF903467B627B6A274A83
:1045E000C2F8BC300B2387F82830244B93F84030B6
:1045F00007F128021146184603F029F903467B62A9
:104600007B6A9AB21E4BA3F8F4230C2387F8283058
:104610001A4B93F8403007F128021146184603F070
:1046200016F903467B627B6A9AB2154BA3F8F62310
:10463000124B012283F8A020104B0A22C3F88420D9
:104640000E4B062283F888200C4BD3F884300B4A9B
:1046500053640A4B93F88820084B83F84820074B93
:10466000D3F88C30054AD364044BD3F89030034A16
:104670001365024BD3F8943006E000BFF8380020F1
:10468000F033002000030001604A53655F4BD3F80C
:1046900098305E4A93655D4BD3F89C305B4AD36596
:1046A0005A4B93F8A020594B83F86020002387F8D9
:1046B0002030574BBB61574BFB61544B93F8403054
:1046C00007F118021146184603F0F8F8524A3B6900
:1046D000C2F84833FFF75CF84C4B012283F8FD2009
:1046E0004D4A7B69C2F844334B4B002283F8812446
:1046F000494B0122C3F84023444B0022DA62434B6A
:1047000000221A6300230093444B00224FF0FF3134
:1047100043480BF001F900230093424B00224FF075
:10472000FF3141480BF0F8F8002300933F4B002283
:104730004FF0FF313E480BF0EFF8002300933D4B64
:1047400000224FF0FF313C480BF0E6F82F4C3B467F
:1047500018460AF095FE04F582733A4692E8030083
:1047600083E803002C4B354AC3F84C232A4B344AC8
:10477000C3F85423284B334AC3F85C23264B324AF0
:10478000C3F85023244B314AC3F85823304B1B68DD
:10479000304898473B699B6819462F48FAF7FAFA60
:1047A0000346002B01D011232BE0184802F072F9C8
:1047B0000346002B01D0112323E001F095FA0346B4
:1047C000002B01D013231CE0244802F02DFA0346ED
:1047D000002B01D0112314E01D4B5B699847034661
:1047E000184606F0D7FE1A4B9B6D084A92F8FD203A
:1047F00010469847164BDB6A98470120FDF79CFA54
:10480000002318463437BD4690BD00BFF83800205D
:10481000D03A0020743B0020F0330020C122010870
:10482000583700203523010870370020A1230108E4
:104830008837002015240108E8370020C50E01083C
:104840003D0F010815100108C90F0108511001089A
:10485000443302083C370020103A0020C8390020B9
:1048600080B400AF044B0022C3F840230023184655
:10487000BD4680BC704700BFF033002080B58AB0D1
:1048800000AF03463960FB713E4B9B6A3B613D4B79
:1048900093F9C530FB733B4B93F9C430BB730023D2
:1048A000BB603B68002B01D1032366E0354BD3F896
:1048B0000C317B6100233B76324B93F8FE307B76E4
:1048C000304B9B6AFB61304BB3F8F4333B842E4B87
:1048D000B3F8F6337B842B4B93F9393087F82430C7
:1048E000284B93F9383087F82530264B93F87430ED
:1048F00087F82630234B93F8403087F8273007F1AC
:10490000100307F10E0207F10F0107F1140000F088
:10491000E1FF97F90F301846FDF7C4FE03461A462B
:104920003B685A7007F10803184601F0ABFA0346DA
:10493000002B01D0132320E0BB680F2B19D83B6854
:104940005B781A46BB689A4213D33B685A78BB68B7
:10495000DBB2D31ADAB23B681A703B685B7819464F
:10496000FA79BB681344994201D3002305E0082378
:1049700003E03B6800221A70082318462837BD461A
:1049800080BD00BFF8380020F033002090B587B01C
:1049900000AF78600023FB757B68002B01D10323F7
:1049A0004BE17B681B78282B00F2408101A252F872
:1049B00023F000BF594A0108654A0108714A0108FD
:1049C0007D4A0108894A0108954A0108A14A01085F
:1049D0002D4C01082D4C01082D4C01082D4C0108CF
:1049E0002D4C01082D4C01082D4C01082D4C0108BF
:1049F000AD4A0108B94A0108C54A0108E74A010859
:104A0000F94A01080B4B01081D4B0108514B0108E5
:104A10002F4B0108734B01087F4B0108894B01089C
:104A2000934B01089D4B0108A74B0108B14B0108AE
:104A3000BD4B0108D54B0108C94B0108E14B0108EA
:104A4000EB4B0108F74B01080D4C0108014C010824
:104A50002D4C0108194C01087A4B93F8FC207B6817
:104A60001A71E9E0774B93F810217B681A71E3E043
:104A7000FAF74CFC02467B685A60DDE0FAF768FC06
:104A800002467B685A60D7E06E4B93F8FE207B6845
:104A90001A71D1E06B4BD3F8C8207B685A60CBE029
:104AA000684BD3F8CC207B685A60C5E0654B93F81F
:104AB000FD207B681A71BFE0624B93F880207B6811
:104AC0001A71B9E01D233B745E4B93F8403007F137
:104AD00010021146184602F0BAFE0346FB60FA685F
:104AE0007B685A60A8E07B68564A0433643292E8D7
:104AF000030083E803009FE07B68524A0433A4323A
:104B000092E8030083E8030096E07B684D4A043393
:104B10006C3292E8030083E803008DE07B68494A29
:104B20000433AC3292E8030083E8030084E01B23E3
:104B30003B74444B93F8403007F11002114618467D
:104B400002F085FE0346FB60FA687B685A6073E0FA
:104B50001A233B743B4B93F8403007F11002114687
:104B6000184602F074FE0346FB60FA687B685A60E0
:104B700062E0344B93F860207B681A715CE0314B43
:104B8000DA6C7B685A6057E02E4B1A6D7B685A606E
:104B900052E02C4B5A6D7B685A604DE0294B9A6D60
:104BA0007B685A6048E0274BDA6D7B685A6043E0C7
:104BB000244B93F9C5207B681A713DE0214B93F992
:104BC00039207B681A7137E01E4B93F9C4207B684B
:104BD0001A7131E01B4B93F938207B681A712BE076
:104BE000184B5A6C7B685A6026E0164B93F84820A5
:104BF0007B681A7120E0134BDA6F7B685A601BE008
:104C0000FFF734F902467B685A6015E00D4BD3F884
:104C1000BC207B685A600FE07B680A4AD2F80C21FE
:104C20005A607C6803F038F8A06005E0786800F00E
:104C3000FDFE0346FB7500BFFB7D18461C37BD46D5
:104C400090BD00BFF838002080B586B000AF786016
:104C50000023FB757B68002B01D103232BE3B44BAE
:104C6000D3F8403303F00203002B01D0012322E3E9
:104C70007B681B78272B00F2FC8201A252F823F0FC
:104C8000214D0108314D01084B4D0108634D0108CC
:104C90007B4D0108874D0108934D01089F4D010888
:104CA000C54D0108EB4D0108114E0108374E0108B2
:104CB0005D4E0108834E0108A94E0108CF4E010840
:104CC000EF4E010873520108FB4E0108794F0108AD
:104CD000B94F01081B5001088B5001085B500108B7
:104CE000BB500108DD500108E7500108F1500108F0
:104CF000FB500108055101080F51010841510108FD
:104D0000AD5101087B510108DF510108F55101083F
:104D1000155201081F5201082B520108495201087F
:104D20007B681B791846FDF7EDFB0346FB75C1E276
:104D30007B681B79022B05D07B681A797D4B83F841
:104D40001021B7E20323FB75B4E27B685B68184669
:104D5000FAF7C4FA0346002B00F091820323FB7597
:104D60008DE27B685B681846FAF7DAFA0346002B97
:104D700000F087820323FB7583E27B681A796D4B11
:104D800083F8FE2096E27B685B686A4AC2F8C83006
:104D900090E27B685B68674AC2F8CC308AE27B6845
:104DA0005B68002B0BD07B685B681946002001F024
:104DB00063FF0346002B00F0668211237BE203238E
:104DC000FB7560E27B685B68002B0BD07B685B68DF
:104DD0001946012001F050FF0346002B00F05582D8
:104DE000112368E20323FB754FE27B685B68002BAD
:104DF0000BD07B685B681946022001F03DFF03463B
:104E0000002B00F04482112355E20323FB753EE2A0
:104E10007B685B68002B0BD07B685B6819460320BE
:104E200001F02AFF0346002B00F03382112342E2F7
:104E30000323FB752DE27B685B68002B0BD07B683E
:104E40005B6819467F2001F017FF0346002B00F036
:104E5000228211232FE20323FB751CE27B685B682F
:104E6000002B0BD07B685B681946802001F004FFA3
:104E70000346002B00F0118211231CE20323FB7573
:104E80000BE27B685B68002B0BD07B685B68194684
:104E9000812001F0F1FE0346002B00F00082112377
:104EA00009E20323FB75FAE17B685B68002B0BD0FA
:104EB0007B685B681946822001F0DEFE0346002B0A
:104EC00000F0EF811123F6E10323FB75E9E17B6834
:104ED0001A79184B83F8FD20174B9B6D154A92F8F1
:104EE000FD2010469847144BDB6A9847E2E17B6847
:104EF0001A79104B83F88020DCE17B681B7A5BB267
:104F00003B720C4B93F875307B720A4B93F8403030
:104F100007F108010722184602F0E7FC034683F078
:104F20000103DBB2002B09D00323FB75C2E100BFF4
:104F3000F0330020F8380020443302087B685B68B7
:104F4000BB60B24B93F8403007F1080100221846CD
:104F500002F0CBFC034683F00103DBB2002B02D04E
:104F60000323FB75A6E1A94B7A686433043292E807
:104F7000030083E803009DE17B681B7A5BB23B7210
:104F8000A24B93F875307B72A04B93F8403007F139
:104F900008010722184602F0A8FC0346002B08D09F
:104FA0009A4B7A68A433043292E8030083E8030042
:104FB00080E10323FB757DE17B681B7A5BB23B726A
:104FC000924B93F875307B72904B93F8403007F119
:104FD00008010722184602F088FC0346002B19D06E
:104FE0008A4B7A686C33043292E8030083E803004A
:104FF000864B93F8FC30022B40F05581834B93F89D
:105000001031002B00F04F81814BDB6A9847FEF78F
:10501000DBFC48E10323FB7545E17B681B7A5BB24F
:105020003B727A4B93F875307B72784B93F8403033
:1050300007F108010722184602F057FC0346002B2F
:1050400008D0724B7A68AC33043292E8030083E8EC
:1050500003002FE10323FB752CE17B685B68FB6099
:1050600001233B74694B93F8403007F10C02114661
:10507000184602F072FC034683F00103DBB2002BFA
:1050800000F013810323FB750FE17B685B68FB6015
:1050900000233B745D4B93F8403007F10C0211463E
:1050A000184602F05AFC034683F00103DBB2002BE2
:1050B00000F0FD800323FB75F9E07B681B79002B72
:1050C00009D07B681B790F2B05D87B681A794F4B69
:1050D00083F86020EEE00323FB75EBE07B685B6800
:1050E0004A4AD364E6E07B685B68484A1365E1E0BE
:1050F0007B685B68454A5365DCE07B685B68434AD4
:105100009365D7E07B685B68404AD365D2E07B68F3
:1051100093F904303B723D4B93F8403007F108019E
:105120000622184602F0E1FB0346002B05D097F952
:105130000820364B83F8C520BCE00323FB75B9E09B
:105140007B6893F904303B72304B93F87430BB7238
:105150002E4B93F8403007F108010522184602F063
:10516000C4FB0346002B05D097F90820274B83F892
:1051700039209FE00323FB759CE07B6893F90430A2
:105180003B72224B93F8403007F108010A2218467F
:1051900002F0ABFB0346002B05D097F908201B4B10
:1051A00083F8C42086E00323FB7583E07B6893F9D2
:1051B00004303B72154B93F8403007F10801092287
:1051C000184602F092FB0346002B05D097F9082001
:1051D0000E4B83F838206DE00323FB756AE07B6893
:1051E0005B680A4AC2F88430084BD3F88430074A17
:1051F00053645FE07B681A79044B83F88820034B83
:1052000093F88820014B83F8482053E0F8380020B9
:10521000443302087B685B68294AD3674AE07B68AD
:105220005B68274AC2F8BC3044E07B685B68002BAF
:1052300007D07B685B681846FEF722FE0346FB75C5
:1052400038E00323FB7535E07B689B79012B0DD893
:105250001B4A7B685B68C2F80C317B68586801F0B8
:1052600045FC0346002B24D0112324E00323FB75C7
:105270001FE0786800F0E4FB0346FB751AE000BF0E
:1052800018E000BF16E000BF14E000BF12E000BF4E
:1052900010E000BF0EE000BF0CE000BF0AE000BF5E
:1052A00008E000BF06E000BF04E000BF02E000BF6E
:1052B00000E000BFFB7D18461837BD4680BD00BF2B
:1052C000F838002080B586B000AF78600223FB7507
:1052D0000023BB817B68002B01D1032327E1FCF76E
:1052E00015FD0346002B01D0012320E101F0A6F8B3
:1052F0000346002B01D0012319E101F093F8034686
:10530000002B04D1142200218B4806F0A3F98B4B0B
:10531000012283F84D24894A92F8813443F0040332
:1053200082F881347B681B783B7401237B740023F3
:10533000FB747B681B78013B0D2B00F2CE8001A231
:1053400052F823F07D530108DB540108DB540108B7
:10535000E75301080554010815540108DB540108FE
:10536000DB540108DB54010831540108DB54010807
:10537000AF5401084F540108915401086F4BD3F802
:10538000403303F02003002B01D00123CFE0FEF7D0
:10539000FFF96B4B93F840007B681B795BB20022EE
:1053A000194602F0EAFB03461A46654B83F839209A
:1053B00007237B74FF20FDF763FF0346FB75FB7D2E
:1053C000002B00F08C805E4B93F840007B681B79CB
:1053D0005BB20122194602F0D0FB03461A46584B35
:1053E00083F839207BE00023FB7507F10C030022D2
:1053F0001946022000F088FC0346002B71D01323CD
:10540000FB756EE07B689B881846FEF7DBFC034665
:10541000FB756DE07B6898887B6899687B6893F979
:105420000C30DBB21A46FEF701FD0346FB755FE068
:105430000023FB7507F10C03002219460D2000F034
:1054400063FC0346002B4ED01323FB754BE03C4B13
:1054500093F8FC30002B48D17B681B79BB757B68C7
:105460001B79C3F30203DBB2184600F0BEFABB7D22
:105470003B730023FB7507F10C0301221946102032
:1054800000F042FC0346002B2FD01323FB752CE0C9
:105490000023FB7507F10C0300221946122000F0CF
:1054A00033FC0346002B22D01323FB751FE001239E
:1054B000FB7400F050FA034683F00103DBB2002BCB
:1054C00008D0002000F029FA002000F04BFA002359
:1054D000FB750DE00123FB750AE000BF08E000BF8B
:1054E00006E000BF04E000BF02E000BF00E000BF34
:1054F000124BD3F884247B681A61FB7D002B10D0FB
:1055000000F090FF0346002B10D10C4B002283F8D3
:1055100014240A4A92F8813423F0040382F8813477
:1055200004E007F11003184600F02EFEFB7D18463C
:105530001837BD4680BD00BF3C380020F033002046
:10554000F838002080B58CB002AF78600B46FB7055
:10555000022387F82730002387F8263000233B6298
:1055600000237B7700233B777B68002B01D103234B
:10557000D4E0FCF7CBFB0346002B01D00123CDE0A8
:1055800000233B7314220021664806F063F8664B43
:10559000012283F83924644B012283F812247B68AA
:1055A0001B78032B3DD0032B4FDC002B02D0012BAB
:1055B00019D04AE001233B775B4B012283F8112489
:1055C0003B7B022262F347133B737B681B7987F8AE
:1055D00026307B689B683B627B689B89FB837B688A
:1055E0009B7B7B7732E001233B777B68DB7B082B5F
:1055F00028BF0823DAB24C4B83F811243B7B0422EA
:1056000062F347133B737B681B7987F826307B680E
:105610009B683B627B689B89FB837B689B7B7B777A
:1056200014E001233B77404B012283F811243B7B9C
:1056300043F0E0033B737B685B683B627B681B89DC
:10564000FB837B689B7A7B7700E000BF02233B757E
:10565000364B93F87430BB75344B93F8403007F1F8
:1056600014021146184602F0F2F803463B613B690A
:105670005BB297F91D209342B8BF13467B773B7FFF
:10568000002B44D0294B93F8FE3083F00103DBB2AA
:10569000002B19D07B7F3B72244B93F87430BB7284
:1056A000224B93F8403007F108010522184602F01A
:1056B0001CF90346002B05D097F908201B4B83F8F3
:1056C000392001E0032329E0FA8B97F8261007F12F
:1056D0000C00FB78009313463A6AFDF7F1FC034691
:1056E00087F8273097F82730002B0CD17B681A7881
:1056F0000D4B83F838240C4A92F8813443F00103AF
:1057000082F8813403E0084B002283F81424064B0E
:10571000D3F884247B681A6197F827301846283715
:10572000BD4680BD28380020F0330020F838002026
:1057300080B584B000AF0346FB71FB793B730A4B25
:1057400093F8403007F10C010F22184602F0CDF813
:105750000346002B03D0044AFB7982F8003100BFD6
:105760001037BD4680BD00BFF838002080B58CB032
:1057700000AFF860B9607A603B60002387F82F3093
:10578000FB681B7C87F82E30FB685B7C87F82D302C
:10579000FB689A683B681A60FB685B79002B00F035
:1057A0008B80022387F82430FB689B7C87F82630A7
:1057B000FB68DB7C07F124021146184602F047F82B
:1057C00003463B623B6A87F82C3097F92C2097F907
:1057D0002E309342B8BF134687F82E3097F92E200B
:1057E00097F92C309A4206D13B6800221A600023B8
:1057F00087F82F3060E0FB689B68FA6892899342D3
:1058000003D3012387F82F3002E0002387F82F30DD
:10581000FB689B68FA6892891146FA68D2890A4443
:10582000934249D3082387F82430FB68DB7C07F1D7
:1058300024021146184602F00AF803463B623B6A0E
:1058400087F82D30FB689B68FA68D289B3FBF2F1C8
:1058500001FB02F29B1A012B2ED1222387F8243060
:1058600097F82E3087F82530FB689B7C87F8263028
:10587000FB68DB7C07F124021146184601F0E7FFC4
:1058800003463B623B6A87F82E3097F92E2097F942
:105890002C309A4210D1002387F82F30FB681B79F7
:1058A000002B09D002233B77FB68DB7C07F1140255
:1058B0001146184602F002F8BB6897F82E201A70BD
:1058C0007B6897F82D201A7097F82F3018463037DC
:1058D000BD4680BD80B584B000AFF860B9607A6025
:1058E0003B60FB689B78002B07D13B687A68B968FE
:1058F000F868FFF73BFF034600E000231846103727
:10590000BD4680BD80B485B000AFF860B9607A60F4
:1059100000BF1437BD4680BC704780B483B000AF71
:105920000346FB7100BF0C37BD4680BC704780B496
:1059300083B000AF0346FB7100BF0C37BD4680BC8F
:10594000704780B483B000AF0346FB7100BF0C37D3
:10595000BD4680BC704780B400AF00231846BD46EA
:1059600080BC704780B483B000AF786000BF0C3754
:10597000BD4680BC704780B483B000AF786000BF84
:105980000C37BD4680BC704780B483B000AF7860F0
:1059900000BF0C37BD4680BC704780B483B000AFF9
:1059A00078600B467B80002318460C37BD4680BCD0
:1059B000704780B400AF00231846BD4680BC7047D6
:1059C00080B400AF00231846BD4680BC704780B449
:1059D00000AF00231846BD4680BC704780B400AFBE
:1059E00000231846BD4680BC704780B483B000AF2A
:1059F0000346FB7100BF0C37BD4680BC704780B4C6
:105A000000AF00BFBD4680BC704780B400AF00BF90
:105A1000BD4680BC704780B483B000AF0346FB71C5
:105A2000022318460C37BD4680BC704780B483B053
:105A300000AF7860022318460C37BD4680BC704723
:105A400080B483B000AF7860022318460C37BD469F
:105A500080BC704780B400AF00BFBD4680BC7047BB
:105A600080B483B000AF03463960FB710023184651
:105A70000C37BD4680BC704780B483B000AF03468E
:105A80003A60FB800B467B7100BF0C37BD4680BC83
:105A9000704780B400AF00BFBD4680BC704780B483
:105AA00083B000AF7860002318460C37BD4680BC39
:105AB000704780B483B000AF7860002318460C377D
:105AC000BD4680BC704780B400AF00BFBD4680BCFF
:105AD000704780B400AF00BFBD4680BC704780B443
:105AE00085B000AF78607B68BB600023FB810AE073
:105AF000FB89BA6813441B78002B01D0002306E011
:105B0000FB890133FB81FB890F2BF1D90123184657
:105B10001437BD4680BC704780B582B000AF00230B
:105B2000FB7107E0FB790133FB71FB790F2B01D18E
:105B3000002312E0FB791B0108330A4A134418467C
:105B4000FFF7CDFF034683F00103DBB2002BE9D161
:105B5000FB791B010833034A134418460837BD4636
:105B600080BD00BF203F002080B582B000AF7860CC
:105B70007B68002B01D1002305E01022002178680A
:105B800005F068FD012318460837BD4680BD80B486
:105B900083B000AF78607B68002B01D1002306E062
:105BA0007B6800221A607B6800225A600123184635
:105BB0000C37BD4680BC704780B483B000AF7860BE
:105BC00039607B68002B02D03B68002B01D1002399
:105BD00015E07B681B68002B02D17B683A681A606D
:105BE0007B685B68002B03D07B685B683A681A604F
:105BF0003B6800221A607B683A685A6001231846A5
:105C00000C37BD4680BC704780B485B000AF78606B
:105C100039607B68002B02D03B68002B01D1002348
:105C200016E07B681B68FB603A68FB689A420CD000
:105C300002E0FB681B68FB60FB68002B07D0FB6879
:105C40001B683A689A42F4D101E00023FB60FB68CC
:105C500018461437BD4680BC704780B584B000AF8D
:105C6000786039607B68002B02D03B68002B01D143
:105C7000002320E039687868FFF7C6FFF8607B688A
:105C80001B683A689A4203D13B681A687B681A60BD
:105C90007B685B683A689A4202D17B68FA685A600E
:105CA000FB68002B03D03B681A68FB681A603B68EE
:105CB00000221A60012318461037BD4680BD80B40B
:105CC00083B000AF0346FB71FB79052B04D0052B95
:105CD00004DB083B022B01D8012300E00023184617
:105CE0000C37BD4680BC704780B500AFFC22002158
:105CF000044805F0AFFC0348FFF749FF00231846AE
:105D000080BD00BF203F002080B586B000AF0346B5
:105D1000B9607A60FB73BB68002B01D1012333E0CB
:105D2000FFF7FAFE78617B69002B01D102232BE09B
:105D300079691748FFF740FF034683F00103DBB2A0
:105D4000002B01D005231FE07B69FA7B1A717B6968
:105D50007A689A607B6905337A6892B2B9681846A6
:105D600005F03DFCFB7B1846FFF7A9FF03461A46EA
:105D70007B691A73064BD3F8F8207B681344013310
:105D8000034AC2F8F830002318461837BD4680BDD4
:105D9000203F002080B582B000AF78607B68002B88
:105DA00001D1012321E079681248FFF756FF03462D
:105DB00083F00103DBB2002B01D0032315E00D4B70
:105DC000D3F8F8207B689B68D31A013B094AC2F8D4
:105DD000F8307868FFF7C8FE034683F00103DBB2B2
:105DE000002B01D0052300E0002318460837BD46EC
:105DF00080BD00BF203F002080B582B000AF0F4BB8
:105E00001B687B6012E07B681B7B83F00103DBB2C5
:105E1000002B08D07B681B683B607868FFF7BAFFEF
:105E20003B687B6002E07B681B687B607B68002BC3
:105E3000E9D1002318460837BD4680BD203F002029
:105E400080B582B000AF0E4B1B687B600FE07B68B3
:105E50001B683B607B681B791846FFF730FF0346E1
:105E6000002B02D07868FFF795FF3B687B607B686A
:105E7000002BECD1002318460837BD4680BD00BF7B
:105E8000203F002080B483B000AF78607B68002B97
:105E900001D1012305E0054BD3F8F8207B681A6097
:105EA000002318460C37BD4680BC7047203F0020B9
:105EB00080B588B000AFF860B9607A60254B1B6888
:105EC000FB610023FB767B68002B02D0BB68002BB4
:105ED00026D1012339E0FB7EFA68D21AFB699B6860
:105EE00001339A4220D3FB7E5A1CFA761A467B680D
:105EF0001344FA6912791A70FB7E7A68D018FB692C
:105F0000591DFB699B689BB21A4605F068FBFB694B
:105F10009B68DAB2FB7E1344FB76FB691B68FB616E
:105F2000FB69002BD7D109E000BF07E0FB691B68C4
:105F30007B61F869FFF72EFF7B69FB61FB69002B32
:105F4000F4D1B868FFF79EFF002318462037BD46FE
:105F500080BD00BF203F002080B485B000AF7860D6
:105F60007B68002B01D1012316E00E4B1B68FB6000
:105F70007B6800221A700BE0FB681B7B002B04D0AF
:105F80007B6801221A70002306E0FB681B68FB6037
:105F9000FB68002BF0D1002318461437BD4680BCA7
:105FA000704700BF203F002080B485B000AF03469B
:105FB000FB710023FB73FB79023B112B50D801A22C
:105FC00052F823F00D600108136001081960010800
:105FD0001F600108256001082B600108316001087D
:105FE000376001083D6001086160010861600108D7
:105FF00043600108616001086160010849600108AF
:106000004F600108556001085B6001080323FB73C2
:1060100027E00523FB7324E00223FB7321E0052323
:10602000FB731EE00123FB731BE00623FB7318E0E8
:106030000223FB7315E00223FB7312E00523FB73BD
:106040000FE00623FB730CE00123FB7309E005233B
:10605000FB7306E00423FB7303E00423FB7300E0FF
:1060600000BFFB7B18461437BD4680BC704700BF9D
:1060700080B483B000AF78607B68074A934202D156
:10608000064B7B6002E07B6804337B607B681846CC
:106090000C37BD4680BC70473840002028400020A7
:1060A00080B483B000AF0346FB71FB79002B01D1B4
:1060B000012300E0002318460C37BD4680BC704722
:1060C00080B483B000AF0346FB71FB79042B01D988
:1060D000012300E0002318460C37BD4680BC704702
:1060E00080B586B000AF0346B9607A60FB73BB68C9
:1060F0007B61134B93F820301846FFF7D1FF03461E
:10610000002B01D0002317E00023FB740DE07B6916
:106110001B78FA7B9A4201D17B690DE07869FFF721
:10612000A7FF7861FB7C0133FB74054B93F82030AB
:10613000FA7C9A42EBD3002318461837BD4680BD3F
:106140001C40002080B582B000AF78600C4A7B68AC
:1061500013600B4B002283F82020094B094A5A6038
:10616000074B084A9A601422FF21064805F072FA8C
:10617000034B012283F8212000BF0837BD4680BDB4
:106180001C4000202840002080B582B000AF78601D
:10619000194B93F820301846FFF792FF0346002B67
:1061A00001D0002323E0144B9B687A6812781A70A0
:1061B000114B9B687A6852785A700F4B9B687A68CB
:1061C000D278DA700C4B9B6800229A700A4B93F8D5
:1061D00020300133DAB2084B83F82020064B9B684D
:1061E0001846FFF745FF0346034A9360012318460C
:1061F0000837BD4680BD00BF1C40002080B500AF01
:106200000E4B93F820301846FFF74AFF0346002B49
:1062100001D0002310E0094B93F82030013BDAB2A3
:10622000064B83F82020054B5B681846FFF720FFDC
:106230000346024A53600123184680BD1C400020DB
:1062400080B584B000AF03460A46FB711346BB71AC
:106250000023FB60104B93F820301846FFF720FF17
:10626000034683F00103DBB2002B11D00A4B5968BF
:10627000094B9A68BB791846FFF732FFF860FB6854
:10628000002B05D0FB68FA795A70FB6801229A70DE
:1062900000BF1037BD4680BD1C40002080B584B0D3
:1062A00000AF0346FB710023FB60104B93F82030D6
:1062B0001846FFF7F5FE034683F00103DBB2002B1F
:1062C0000ED00A4B5968094B9A68FB791846FFF7BC
:1062D00007FFF860FB68002B02D0FB685B7800E0EA
:1062E000012318461037BD4680BD00BF1C4000206A
:1062F00080B584B000AF0346FB71164B5B68FB6052
:10630000144AFB7982F82130124B93F8203018465A
:10631000FFF7C6FE034683F00103DBB2002B15D066
:10632000FB68FA795A70FB68DB7883F00103DBB213
:10633000002B02D0FB6801229A70F868FFF798FEE4
:10634000F860044B9B68FA689A42E9D100BF1037A5
:10635000BD4680BD1C40002080B582B000AF034622
:10636000FB71094B5968084B9A68FB791846FFF78F
:10637000B7FE0346002B01D0012300E0002318469E
:106380000837BD4680BD00BF1C40002080B584B0EA
:1063900000AF7860224B93F82030BB7300237B73EF
:1063A0000023FB7332E01E4B5B681A787B681A701F
:1063B0001B4B5B685A787B685A70194B5B689B78FB
:1063C0007B737B7B002B05D0154B1B689B68786823
:1063D00098470BE0124B5B681B783B72104B5B6875
:1063E0005B787B720E4B5B68DB78FB72FFF706FF16
:1063F0007B7B83F00103DBB2002B04D007F10803A1
:106400001846FFF7C1FEFB7B0133FB73FA7BBB7BB6
:106410009A42C8D300BF00BF1037BD4680BD00BF41
:106420001C40002080B400AF034B93F82030184686
:10643000BD4680BC704700BF1C40002080B500AF47
:10644000064B93F820301846FFF73AFE0346002B20
:1064500001D0012300E00023184680BD1C4000202D
:1064600080B58EB000AFF8607B600B467B81134631
:106470007B72FB68002B01D10A2384E0002387F89C
:1064800037300123BB8607F1200300221A605A60CF
:106490009A60DA6007F1100300221A605A609A606D
:1064A000DA6001233B7497F840307B757B68DBB280
:1064B000BB757B681B0ADBB2FB757B681B0CDBB210
:1064C0003B767B681B0EDBB27B767B6CDBB2BB76EC
:1064D0007B6C1B0ADBB2FB767B6C1B0CDBB23B7765
:1064E0007B6C1B0EDBB27B7748E0BB8EDBB2FB77AD
:1064F000BB8E0133BB8607F120037A7A07F11000C7
:106500001021F8F7B2FD0346002B01D00F233AE02B
:10651000002387F833301EE097F8372097F83330A0
:1065200013441A46FB681344197897F8333038330C
:106530003B4413F8182C97F8370097F8333003448E
:106540001846FB6803444A40D2B21A7097F83330B9
:10655000013387F8333097F83330B7F90A20102A1F
:10656000A8BF102212B29342D6DB7B89103B9BB2AC
:106570007B8197F83730103387F83730B7F90A3016
:10658000002BB2DC002318463837BD4680BD90B4DE
:1065900082B000AF0446084611461A462346FB80E7
:1065A00003467B710B463B711346FB70BB69002BA6
:1065B00001D10A234EE0BB6949221A70BB6901333D
:1065C00000221A70BB69023300221A70BB690333C0
:1065D00000221A70BB69043300221A70BB690533AC
:1065E000FA781A70BB6906333A69D2B21A703B69FD
:1065F0001A0ABB690733D2B21A703B691A0CBB691D
:106600000833D2B21A703B691A0EBB690933D2B291
:106610001A70BB690A337A69D2B21A707B691A0A96
:10662000BB690B33D2B21A707B691A0CBB690C338D
:10663000D2B21A707B691A0EBB690D33D2B21A70CE
:10664000BB690E3300221A70BB690F33FA88D2B2CD
:106650001A70002318460837BD4690BC704790B5A5
:106660008BB004AF7860084611461A4603467B801B
:106670000B467B7013463B707B68002B02D07B6B14
:10668000002B01D10A2324E07B88B3F5807F01D958
:106690000E231EE097F828403A787978788807F139
:1066A000080302933B6B0193FB6A00932346FFF7B9
:1066B0006EFF79787A8807F108007B6B00930B46B0
:1066C0007968F8F785FC0346002B01D00F2300E022
:1066D000002318461C37BD4690BD90B5CDB004AF21
:1066E00007F59074A4F58E7420600C461046194688
:1066F00007F59073A3F58F7322461A8007F5907300
:10670000A3F21F1302461A7007F59073A3F5907356
:106710000A461A7007F59073A3F58E731B68002B59
:1067200001D10A2363E007F59073A3F58F731B88EB
:10673000B3F5807F01D90E2359E007F10C034FF424
:1067400088720021184604F085FF97F8304107F55C
:106750009073A3F590731A7807F59073A3F21F1343
:10676000197807F59073A3F58F73188807F10C0358
:106770000293D7F838310193D7F834310093234688
:10678000FFF705FF07F10C03103307F59072A2F530
:106790008F72128807F59071A1F58E7109681846FD
:1067A00004F01DFF062387F81F3107F59073A3F54A
:1067B0008F731B88103399B207F59073A3F21F13E0
:1067C0001B7807F10C00D7F83C21F8F71FFC0346B3
:1067D00087F81F3197F81F31002B01D1002306E005
:1067E00097F81F31012B01D1012300E00F23184638
:1067F00007F59277BD4690BD80B485B000AF0346E3
:106800003960FB710023FB7311E0FB7B0C4A12F82B
:106810002330FA799A4207D1FB7B9B00084A1A443D
:106820003B681A60002306E0FB7B0133FB73FB7BB4
:10683000012BEAD90C2318461437BD4680BC70479B
:106840000401002080B588B000AFB9607A601A46B4
:106850000346FB731346BB8107F1100300221A6045
:106860005A609A60DA60FB7B022B02D0032B03D0C4
:1068700005E001233B7404E002233B7401E00B2399
:106880002AE0BB68DBB27B74BB681B0ADBB2BB745B
:10689000BB681B0CDBB2FB747B68DBB23B757B68AF
:1068A0001B0ADBB27B757B681B0CDBB2BB75BB893B
:1068B000DBB2FB75BB891B0A9BB2DBB23B76FA7B72
:1068C00007F1100301211846F8F736FC0346002BA8
:1068D00001D00F2300E0002318462037BD4680BDBD
:1068E00080B483B000AF03463960FB713B68002B76
:1068F00001D10A233BE0FB79013B032B34D801A2F1
:1069000052F823F0156901082D690108456901084D
:106910005D690108184B1B681A693B681A60164BC1
:106920001A68154B1B6812691A621FE0124B1B682C
:106930005A693B681A60104B1A680F4B1B68526902
:106940001A6213E00C4B1B689A693B681A600A4B89
:106950001A68094B1B6892691A6207E0064B1B68AC
:10696000DA693B681A6001E0052300E0002318465D
:106970000C37BD4680BC70474040002080B584B0D5
:1069800000AF03463960FB710023FB6007F10C0286
:10699000FB7911461846FFF7A3FF0346002B01D0F1
:1069A00000230AE0FB683A689A4203D8FB68B3F117
:1069B000FF3F01D1012300E0002318461037BD46F8
:1069C00080BD000080B483B000AF03463960FB7126
:1069D000FB79013B032B1FD801A252F823F000BF23
:1069E000F1690108FB690108056A01080F6A0108DD
:1069F0000C4B1B683A681A610FE00A4B1B683A6837
:106A00005A610AE0074B1B683A689A6105E0054B3A
:106A10001B683A68DA6100E000BF00BF0C37BD4672
:106A200080BC70474040002080B483B000AF184B5A
:106A30001B680022DA60164B1B684FF0FF321A61A8
:106A4000134B1B684FF0FF325A61114B1B684FF01C
:106A5000FF329A610E4B1A680D4B1B6892691A62DD
:106A600000237B600BE00A4B1A687B6806339B00AF
:106A700013444FF0FF325A607B6801337B607B68C0
:106A8000002BF0DD00BF00BF0C37BD4680BC704757
:106A90004040002080B582B000AF78607B68002B5A
:106AA00001D109231CE0104A7B6813600E4B1B6860
:106AB00028220021184604F0CDFD0B4B1B68012253
:106AC000DA70094B1B6801229A70074B1B68012280
:106AD0005A70054B1B6800221A70FFF7A5FF0023B0
:106AE00018460837BD4680BD4040002080B483B0C2
:106AF00000AF7860044B1B687A681A600023184660
:106B00000C37BD4680BC70474040002080B483B045
:106B100000AF78607B68002B01D10A2306E0064BAA
:106B20001B68DB685A1C7B681A60002318460C3708
:106B3000BD4680BC704700BF404000202DE9B04FEB
:106B40008AB000AF3A61FB600346FB750B46BB821F
:106B50000023FB6100237B62132387F82330FB684B
:106B6000002B01D10A2357E007F11C02FB7D1146DF
:106B70001846FFF7B5FE034687F8233097F8233011
:106B8000002B02D097F8233046E0FB69B3F1FF3FBA
:106B900003D1FB683A691A601EE0FB699BB23A694F
:106BA000D31A7B627B6A002B05DDFA697B6A1A4483
:106BB000FB681A6010E07B6A002B04D1FA69FB685D
:106BC0001A60072328E0FB691B0C1B043A69134475
:106BD00003F58032FB681A60124B1B689B78002B10
:106BE00019D1FB681B6800223B607A60FB690022B8
:106BF0009A469346D7E900231146B1EB0A0463EBAA
:106C00000B05BB8A002298469146444575EB090363
:106C100001DB082300E0002318462837BD46BDE805
:106C2000B08F00BF4040002080B485B000AF7860D6
:106C30007B68002B01D10A2317E00023FB6010E0E2
:106C40000C4B1968FB682C2202FB03F37A6813448F
:106C5000FA68063292000A4404321A62FB68013371
:106C6000FB60FB68002BEBDD002318461437BD46A4
:106C700080BC70474040002080B582B000AF034622
:106C80003960FB71FB7939681846F8F743F9034618
:106C9000002B01D00F2318E0FB79002B14D10D4BF2
:106CA0001B689B78FA791146184600F03BFA0346B8
:106CB000002B01D00F2308E0042000F05DFA03460A
:106CC000002B01D00F2300E0002318460837BD46F3
:106CD00080BD00BF4040002080B586B002AF786024
:106CE0007B68002B01D10A2333E00123FB730023CF
:106CF000BB6007F108031846F8F7DAFABA68174BD1
:106D00001B6892B29A80154B1B689A887B68DA825E
:106D1000786800F010FC0346002B01D0112318E026
:106D20007B6819687B681833FA7B0093134613223B
:106D30000020F8F74DF90346002B01D00F2308E09F
:106D4000786800F0F8FB0346002B01D0112300E027
:106D5000002318461037BD4680BD00BF40400020CC
:106D600090B597B004AF0346B9607A60FB737B6857
:106D7000002B02D0BB68002B01D10A23BBE01323F8
:106D800087F8473007F1180321220021184609F03F
:106D900091FE0023FB755A4B1B689B88A7F8443073
:106DA0007B681C687B681B79B7F84410F87B07F197
:106DB0001702029207F118020192009323460A4635
:106DC000B968F8F7F8F90346002B01D00F2392E0D9
:106DD0007B6818687B681B791A4607F11803194607
:106DE00004F0FDFB786800F0E9F90346002B01D0C0
:106DF000102380E07B689B793B647B68DB791B0216
:106E00003A6C13433B647B681B7A1B043A6C134354
:106E10003B643B4B1B689B683A6C9A4210D0384BE2
:106E20001B683A6C9A60FB7D0021184600F07AF9E5
:106E3000034687F8473097F84730002B05D001E02C
:106E4000032358E097F8473055E0042000F094F908
:106E5000034687F8473097F84730002B02D097F861
:106E6000473048E07B685B7AFB637B689B7A1B0258
:106E7000FA6B1343FB637B68DB7A1B04FA6B1343E7
:106E8000FB63B7F84430FA6B396C0320FFF7DAFC88
:106E9000034687F8473097F84730002B02D097F821
:106EA000473028E0B7F84430FA6B396C0220FFF71E
:106EB000C9FC034687F8473097F84730002B02D0CB
:106EC00097F8473017E00E4B1B68FA7D9A700C4B11
:106ED0001B680022DA600A4B1B684FF0FF329A6190
:106EE000074B1B684FF0FF321A61054B1B684FF0D0
:106EF000FF325A61002318464C37BD4690BD00BF93
:106F00004040002090B58BB004AFF8607B600B462A
:106F1000FB721346BB721323BB750323FB757B689F
:106F2000002B01D10A235EE0314B1B68DB68FA6855
:106F30009A4201D2062356E07B6893F82030002B5A
:106F400001D10223FB752A4B1B68DB68FA689A4261
:106F500016D97B68586A7B6893F8283019B27B6829
:106F60009C68FA7DFB680193002300932346FFF79A
:106F700077FA0346BB75BB7D002B01D0BB7D32E0A9
:106F8000786800F05AFB0346002B01D011232AE059
:106F90000223FB757B6818687B681B79043B99B2F8
:106FA0007B689B687A682C32FC7D0392FA680292B7
:106FB00001930023009300232246FFF750FB034672
:106FC000BB75BB7D002B01D0BB7D0CE0786800F069
:106FD00034FB0346002B01D0112304E0044B1B6853
:106FE000FA68DA60002318461C37BD4690BD00BF22
:106FF0004040002090B58BB004AFB9607B60034681
:10700000FB731346BB73BB6A002B01D10A2383E0D9
:10701000BB7B79681846FFF7B1FC034683F0010398
:10702000DBB2002B01D0062376E013237B7503230C
:10703000FB7502233B75B86A00F08BF90346002B01
:1070400001D0102368E007F11002FB7B11461846BF
:10705000FFF7D2FB03467B757B7D002B01D07B7D48
:107060005AE03B695B78FB753B699B783B75BB6A73
:107070009B68BA689A4201D002234DE0BB6A1B7B31
:10708000C3F34013DBB2002B14BF01230023BB75F5
:10709000234B1B689B78002B01D10023BB75BB6A77
:1070A0001868BB6A1B79043B99B2BB6ADB6ABC7D7A
:1070B0003A7D03937B680293BB680193012300939D
:1070C0002346FFF70AFB03467B757B7D002B01D02F
:1070D0007B7D21E0BB6A93F82030002B01D1022395
:1070E000FB75BB6A586ABB6A93F8283019B2FA7DFF
:1070F0007B68019301230093BB68FFF7B1F9034656
:107100007B757B7D002B01D07B7D05E0BB7B7968A7
:107110001846FFF757FC002318461C37BD4690BDA4
:107120004040002080B586B000AF03460A46FB71A0
:107130001346BB71BB79002B01D00B2318E007F17C
:10714000080300221A605A609A60DA60FB79012B0A
:1071500001D120233B72B97907F1080304221846B4
:10716000F7F7EAFF0346002B01D00F2300E00023CE
:1071700018461837BD4680BD80B586B000AF0346BF
:10718000FB71FB79042B01D00B2313E007F10803FB
:1071900000221A605A609A60DA60F97907F10803F0
:1071A0007F221846F7F7C8FF0346002B01D00F23B4
:1071B00000E0002318461837BD4680BD80B584B076
:1071C00000AF78607B68002B03D07B681B68002BC6
:1071D00001D10223B9E00023FB817B681A68FB8997
:1071E000591CF98113441A787B685A717B68981D81
:1071F0007B681A68FB8913440322194604F0EFF9EF
:10720000FB890333FB817B6803F109007B681A6803
:10721000FB8913440322194604F0E1F9FB89033387
:10722000FB817B681A68FB89591CF98113441B7820
:107230001A467B68DA607B681A68FB89591CF981F9
:1072400013441B781A027B68DB681A437B68DA6098
:107250007B681A68FB89591CF98113441B781A044E
:107260007B68DB681A437B68DA607B681A68FB8995
:10727000591CF98113441B781A067B68DB681A4392
:107280007B68DA607B681A68FB89591CF9811344B2
:107290001A787B681A747B681A68FB89591CF98113
:1072A00013441A787B685A747B681B791A1FFB8910
:1072B000D31A102B0ED17B6803F112007B681A6879
:1072C000FB8913441022194604F089F9FB89103315
:1072D000FB8108E07B681B791A1FFB89D31A002BFE
:1072E00001DD012331E07B681A68FB89591CF981B3
:1072F00013441B781A467B685A627B681A68FB89BC
:10730000591CF98113441B781A027B685B6A1A4383
:107310007B685A627B681A68FB89591CF98113449F
:107320001B781A047B685B6A1A437B685A627B6825
:107330001A68FB89591CF98113441B781A067B686B
:107340005B6A1A437B685A62002318461037BD46B1
:1073500080BD80B584B000AF78607B68002B03D01F
:107360007B681B68002B01D10223E0E00023FB8136
:107370007B681A68FB89591CF98113441A787B6869
:107380005A717B681A68FB89591CF98113441B7870
:107390001A467B689A607B681A68FB89591CF981D8
:1073A00013441B781A027B689B681A437B689A60B7
:1073B0007B681A68FB89591CF98113441B781A04ED
:1073C0007B689B681A437B689A607B681A68FB89B4
:1073D000591CF98113441B781A067B689B681A4371
:1073E0007B689A607B681A68FB89591CF981134491
:1073F0001A787B681A737B681A68FB89591CF981B3
:1074000013441B781A467B68DA817B681A68FB890B
:10741000591CF98113441B7819027B68DB891AB265
:107420000BB213431BB29AB27B68DA817B6803F11B
:1074300010007B681A68FB89D1187B681B7BC3F33B
:107440000303DBB21A4604F0CAF87B681B7BC3F364
:107450000303DBB21A46FB891344FB817B680022DD
:1074600083F820207B68002283F828207B681B7922
:107470001A46FB89D31A042B27DD7B681A68FB891F
:10748000591CF98113441A787B6883F820207B68A3
:107490001A79FB89DBB2D31ADBB2043BDAB27B6820
:1074A00083F828207B68586A7B681A68FB89D118A2
:1074B0007B6893F828301A4604F091F87B6893F8BB
:1074C00028301A46FB891344FB817B681A687B6865
:1074D0001B79043B13441B781A467B68DA627B688D
:1074E000DA6A7B6819687B681B79033B0B441B785D
:1074F0001B021A437B68DA627B68DA6A7B68196868
:107500007B681B79023B0B441B781B041A437B6886
:10751000DA627B68DA6A7B6819687B681B79013BF1
:107520000B441B781B061A437B68DA62002318465B
:107530001037BD4680BD80B584B000AF78607B68F1
:10754000002B03D07B681B68002B01D1012370E066
:107550000023FB817B681B79162B01D8022368E08E
:107560007B681A68FB89591CF98113447A6852793F
:107570001A707B681A68FB89D0187B68063308226A
:10758000194604F047F8FB890833FB817B681A68C9
:10759000FB89D0187B680E330822194604F03AF8AC
:1075A000FB890833FB817B68D98A7B681A68FB8971
:1075B000581CF8811344CAB21A707B68DB8A1B0A14
:1075C00099B27B681A68FB89581CF8811344CAB2C7
:1075D0001A707B6899697B681A68FB89581CF88166
:1075E0001344CAB21A707B689B69190A7B681A68CF
:1075F000FB89581CF8811344CAB21A707B689B69D6
:10760000190C7B681A68FB89581CF8811344CAB2AC
:107610001A707B689B69190E7B681A68FB89581C75
:10762000F8811344CAB21A70FB89DAB27B681A7106
:10763000002318461037BD4680BD80B584B000AF2A
:1076400078607B68002B03D07B681B68002B01D11E
:107650000123E3E00023FB810823BB817B681B7BC4
:10766000C3F30303DBB21A46BB891344BB817B68B7
:1076700093F82830002B02D0BB890133BB817B6893
:1076800093F828301A46BB891344BB81BB89043365
:10769000BB817B681B791A46BB89934201D90223BF
:1076A000BCE07B681A68FB89591CF98113447A682D
:1076B00052791A707B6899687B681A68FB89581C34
:1076C000F8811344CAB21A707B689B68190A7B68F8
:1076D0001A68FB89581CF8811344CAB21A707B6877
:1076E0009B68190C7B681A68FB89581CF881134445
:1076F000CAB21A707B689B68190E7B681A68FB898E
:10770000581CF8811344CAB21A707B681A68FB8946
:10771000591CF98113447A68127B1A707B68D989E5
:107720007B681A68FB89581CF8811344CAB21A7026
:107730007B68DB891B0A99B27B681A68FB89581C35
:10774000F8811344CAB21A707B681A68FB89D01892
:107750007B6803F110017B681B7BC3F30303DBB27F
:107760001A4603F03CFF7B681B7BC3F30303DBB2C9
:107770001A46FB891344FB817B6893F82830002B61
:1077800009D07B681A68FB89591CF98113447A680F
:1077900092F820201A707B681A68FB89D0187B68E1
:1077A000596A7B6893F828301A4603F018FF7B6803
:1077B00093F828301A46FB891344FB817B68D96A09
:1077C0007B681A68FB89581CF8811344CAB21A7086
:1077D0007B68DB6A190A7B681A68FB89581CF88188
:1077E0001344CAB21A707B68DB6A190C7B681A688A
:1077F000FB89581CF8811344CAB21A707B68DB6A93
:10780000190E7B681A68FB89581CF8811344CAB2A8
:107810001A70FB89DAB27B681A7100231846103798
:10782000BD4680BD80B483B000AF0346FB71FB79D9
:10783000052B02D0082B02D003E0012302E0012334
:1078400000E0002318460C37BD4680BC704780B569
:1078500084B000AF03463960FB710023BB60FB7945
:10786000052B02D0082B06D00BE0386801F0E4FAB3
:107870000346FB6007E0386802F0B2FC0346FB6099
:1078800001E0BB68FB60FB6818461037BD4680BD51
:1078900080B582B000AF03463960FB71FB79052BE0
:1078A00002D0082B04D006E0386801F011FC02E099
:1078B000386802F0F7FD0837BD4680BD80B582B05C
:1078C00000AF03463960FB71FB79052B02D0082B12
:1078D00004D006E0386801F027FC02E0386802F0C6
:1078E0000DFE00BF0837BD4680BD80B582B000AF39
:1078F00003463960FB711346BB71FB79052B02D03F
:10790000082B07D00DE0BB791946386801F0AAFCB6
:10791000034607E0BB791946386802F021FF0346A9
:1079200000E0002318460837BD4680BD80B582B010
:1079300000AF03463960FB71FB79052B02D0082BA1
:1079400004D006E0386801F009FD02E0386802F072
:107950006FFF00BF0837BD4680BD80B582B000AF65
:1079600003463960FB71FB79052B02D0082B05D04B
:1079700009E0386801F066FD034605E0386802F06A
:10798000CBFF034600E0002318460837BD4680BD04
:1079900080B582B000AF3B600346FB710B46BB7104
:1079A00013467B71FB79052B02D0082B08D00EE023
:1079B000797997F906003B693A6801F06DFD06E0B8
:1079C000797997F906003B693A6803F00FF800BF30
:1079D0000837BD4680BD80B584B000AF0346B960AE
:1079E0007A60FB73FB7B052B02D0082B06D00BE0E3
:1079F0007968B86801F0AAFD034606E07968B868BE
:107A000003F03EF8034600E0002318461037BD4659
:107A100080BD80B584B000AFB9607A603B6003463A
:107A2000FB73FB7B052B02D0082B07D00DE03A68D7
:107A30007968B86801F05AFE034607E03A68796849
:107A4000B86803F0A1F8034600E000231846103799
:107A5000BD4680BD80B586B002AFB9607A603B603C
:107A60000346FB73FB7B052B02D0082B0AD013E0E7
:107A7000FB690093BB693A687968B86801F006FF52
:107A800003460AE0FB690093BB693A687968B86805
:107A900003F026F9034600E0002318461037BD46E0
:107AA00080BD80B582B000AF03463960FB71FB79C1
:107AB000052B02D0082B05D009E0386802F008F841
:107AC000034605E0386803F02FFB034600E000237F
:107AD00018460837BD4680BD80B582B000AF03466A
:107AE0003960FB71FB79052B02D0082B05D009E02A
:107AF000386802F02BF8034605E0386803F060FBB5
:107B0000034600E0002318460837BD4680BD80B517
:107B100082B000AF03463960FB71FB79052B02D0C0
:107B2000082B05D009E0386802F06EF8034605E03E
:107B3000386803F050FB034600E00023184608377E
:107B4000BD4680BD80B582B000AF03463960FB7191
:107B5000FB79052B02D0082B05D009E0386802F02C
:107B60005FF8034605E0386803F040FB034600E099
:107B7000002318460837BD4680BD80B582B000AFEF
:107B80000346FB710B46BB7113467B71FB79052BDA
:107B900002D0082B09D011E07A7997F90630114606
:107BA000184602F081F8034609E07A7997F9063021
:107BB0001146184603F026FB034600E00023184652
:107BC0000837BD4680BD80B584B000AFB9607A602B
:107BD0003B600346FB73FB7B052B02D0082B08D0D0
:107BE0000FE0BB693A687968B86802F06DF803463F
:107BF00008E0BB693A687968B86803F03FFB034660
:107C000000E0092318461037BD4680BD80B582B01C
:107C100000AF03463960FB71FB79052B02D0082BBE
:107C200004D006E0386802F0C9F902E0386803F0D1
:107C300017FC00BF0837BD4680BD90B583B000AFCC
:107C40000446084611461A462346FB710346BB719B
:107C50000B467B7113463B71FB79052B02D0082B39
:107C60000AD013E097F9042097F90510BB7918465C
:107C700002F0F2F903460AE097F9042097F905109B
:107C8000BB79184603F042FC034600E07B791846B6
:107C90000C37BD4690BD000080B483B000AF044BEC
:107CA0007B607B6818460C37BD4680BC704700BFC0
:107CB0000003000180B487B000AF0346B9607A606A
:107CC000FB81BB68002B02D07B68002B01D1032312
:107CD00021E07B6800221A700023FB7517E0FA8907
:107CE000FB7D42FA03F303F00103002B0CD07B6809
:107CF0001B781A46BB681344FA7D1A707B681B78A0
:107D00000133DAB27B681A70FB7D0133FB75FB7DB2
:107D1000072BE4D9002318461C37BD4680BC7047AA
:107D200090B589B000AFF860B9607A6007F11403CC
:107D300000221A605A600023FB74FB68002B05D0F8
:107D4000BB68002B02D07B68002B01D1032355E0D8
:107D5000BB681B787B777B7F5B083B777B7F03F07F
:107D60000103DBB2002B07D13B7F5B00FA681344B1
:107D70001B88DBB2FB8306E03B7F5B00FA681344A1
:107D80001B881B0AFB8307F1130207F11401FB8B0D
:107D90001846FFF78FFF0346032B01D103232DE085
:107DA000FB7C002B11D07B7FDB00DCB2FB7C013B3A
:107DB0001946002003F0FCFB034620333B4413F834
:107DC0000C3C2344DAB27B681A707B7F01337B77EB
:107DD0007B7F072B01D900237B77FB7C002B04D111
:107DE000BB681B787A7F9A42B5D1FB7C002B04D00C
:107DF000BB687A7F1A70002300E0032318462437FB
:107E0000BD4690BD80B485B000AF0346B9607A60CE
:107E1000FB73FB7B7A6803FB02F2BB6813441846D2
:107E20001437BD4680BC704780B487B000AFF8609F
:107E30000846394681E80C000346FB72FB681B8844
:107E4000FB82FB7A83F00103DBB2002B1BD042F2F2
:107E50001073BB823B68B3F5616F02D26423BB82AF
:107E60000BE03B6849F6AF22934203D84FF47A7394
:107E7000BB8202E042F21073BB82BA8AFB8A934251
:107E800038BF1346FB82FB8A002B01D10123FB8202
:107E9000FB8A18461C37BD4680BC704780B58EB043
:107EA00002AFF8600846394681E80C000346FB72D1
:107EB000FB681B887B854B4BFB623B4693E80300CA
:107EC00007F0FEFA786207F1140300221A605A6084
:107ED000F97A3B460CCBF868FFF7A6FF03467B8593
:107EE000FB7A83F00103DBB2002B62D07B8D642B25
:107EF00005D13C4BFB62FB687A6A9A600BE07B8D94
:107F0000B3F57A7F05D1384BFB62FB687A6A9A60D9
:107F100001E0364BFB62FB689A6807F11C031146CF
:107F2000184607F0F5FA07F114003B6A0093FB6965
:107F30003A4606CA07F005FA97F8383083F001038D
:107F4000DBB2002B06D097F83C3083F00103DBB2A4
:107F5000002B08D1FB681B69FA6A9A4203D17B693E
:107F6000234A93422FD9FB68FA6ADA603B68214AB8
:107F7000934228D93B68A3F5F633303B1E4AA2FB57
:107F800003231B0C7B617B691C4A02FB03F37B61AF
:107F90007B6903F5F63330337B6100233B8307F1C4
:107FA000140393E8030007F08BFA0246FB689A601B
:107FB00009E097F8383083F00103DBB2002B02D0E0
:107FC000FB68FA6ADA60FB685B68002B02D1FB6829
:107FD000FA6ADA60FB68FA6A1A617B8D18463037F4
:107FE000BD4680BD40771B0080A81201002E930281
:107FF0007F5101002FEC010007452EC28051010086
:1080000080B586B002AF7860084611461A4603462E
:10801000FB700B46BB7013467B70F9787B7801933D
:10802000BB78009307F118030CCB7868FFF736FF95
:108030000346FB81FB78002B0AD07B685B681846FF
:1080400007F03AFE02467B68DB681A447B68DA6018
:108050007B68DA687B681B699A4203D97B681A6976
:108060007B68DA607B683A6A5A60FB891846103789
:10807000BD4680BD80B485B000AF03460A46FB8094
:1080800013467B710023FB730023BB7311E0FA8856
:10809000BB7B012101FA03F31A40BB7B012101FAEA
:1080A00003F39A4202D1FB7B0133FB73BB7B0133A9
:1080B000BB73BA7B7B799A42E9D3FB7B18461437B2
:1080C000BD4680BC704780B584B000AF39601146B2
:1080D0001A460346FB710B46BB7113467B7197F939
:1080E000182097F9051097F90630184600F05DF84A
:1080F0000346002B01D1002353E00023FB73002330
:10810000BB7349E000237B733DE0BB7B5B003A68B7
:1081100013441B881A467B7B42FA03F303F00103E6
:10812000002B2DD0FA7B7B7B13441A4613465B0051
:1081300013449B001A46FB6913441B7A43F3030361
:108140005BB203F00F0359B2FA7B7B7B13441A46F0
:1081500013465B0013449B001A46FB6913441B7AC9
:1081600043F303135BB203F00F035AB297F90630DF
:10817000184600F01AF80346012B01D1012310E044
:108180007B7B01337B737B7B0F2BBED9FB7B103357
:10819000FB73BB7B0133BB73FA7BFB799A42B1D390
:1081A000002318461037BD4680BD80B483B000AFB1
:1081B0000346FB710B46BB7113467B7197F9072091
:1081C00097F906309A4207DB97F9072097F90530AF
:1081D0009A4201DC012300E0002318460C37BD461B
:1081E00080BC704780B485B000AF78600B46FB70F0
:1081F0001346BB70FB781B09FB73BB781B09DBB212
:10820000FA7B9A4203D8FA78BB789A4201D30023CA
:1082100017E0FB7B5B007A6813441B881AB2FB787B
:1082200003F00F03012101FA03F31BB2DB431BB27E
:10823000134019B2FB7B5B007A6813448AB21A8040
:10824000012318461437BD4680BC704780B584B002
:1082500000AF78600B46FB701346BB700023FB73C6
:108260007B68002B01D1002318E0FB78BB7310E082
:10827000BB7B5B007A6813441B8810211846FFF70C
:10828000F9FE03461A46FB7B1344FB73BB7B0133A9
:10829000BB73BA7BBB789A42EAD3FB7B1846103794
:1082A000BD4680BD80B487B000AFF860B9601346AA
:1082B000FB71FB68002B16D0BB68002B13D000238A
:1082C000FB750CE0FB7D5B00BA681A44FB7D5B002C
:1082D000F9680B4412881A80FB7D0133FB75FA7D27
:1082E000FB799A42EED300BF1C37BD4680BC704775
:1082F00082B080B586B000AFF860B9607B6213468B
:10830000FB71F97907F124030CCBF868FFF78CFDBA
:108310000346FB82FB68DA68FB8AB96801FB03F35A
:108320009A4209D9FB68DA68FB8AB96801FB03F352
:10833000D21AFB68DA6002E0FB680022DA6000BF54
:108340001837BD46BDE8804002B07047F0B58FB029
:1083500004AF396011461A460346FB710B46BB71E8
:1083600013467B714FF0FF337B6207F093FCF8619B
:108370000023BB610123FB82002387F82330002305
:1083800087F82230BAE097F8222013465B001344A6
:10839000DB001A463B689C1897F840607A79FD79B3
:1083A000FB690293EC4607F1440393E803008CE871
:1083B0000300334629462046FFF722FE0346FB8290
:1083C000FA8AFB6C02FB03F3BB6197F82220134689
:1083D0005B001344DB001A463B681344DB68BA6950
:1083E0009A4208D37B7983F00103DBB2002B13D0D0
:1083F000FB79002B10D097F8222013465B00134422
:10840000DB001A463B68134401221A7597F82330A3
:10841000013387F823306CE097F8222013465B0085
:108420001344DB001A463B68134400221A7597F880
:10843000222013465B001344DB001A463B681344BA
:108440001B69BA699A4215D297F8222013465B003D
:108450001344DB001A463B681344DB68BA69D31A3D
:108460007A6A934228BF13467B6297F82330013320
:1084700087F82330FB7983F00103DBB2002B38D07F
:108480000023FB6000233B82FB8A642B03D14FF463
:108490006163FB6009E0FB8AB3F57A7F03D149F69B
:1084A000B023FB6001E01E4BFB607B6C1C4A9342D7
:1084B0000ED9FA687B6CA3F5F633303B1949A1FB62
:1084C00003131B0C0133184901FB03F31344FB6036
:1084D00007F10C00BB6C00937B6C07F10C0206CA21
:1084E00006F02FFF07F10C0393E8030006F0E8FF06
:1084F000786297F82230013387F8223097F82220EB
:10850000BB799A42FFF43FAF97F82330002B02D19A
:108510004FF0FF3300E07B6A18462C37BD46F0BDB4
:1085200030EC010007452EC28051010080B485B0B7
:1085300000AF786039600023FB737B681B78032BE6
:1085400040D17B6801331B785AB23B685A703B6854
:1085500093F9013003F00F035AB23B689A703B68FD
:1085600093F90130DBB21B09DBB25AB23B685A7097
:108570007B6802331B781A463B689A803B689B886D
:108580001AB27B6803331B781BB21B021BB2134366
:108590001BB29AB23B689A807B681A793B681A7062
:1085A0003B681B781B09DBB203F00703DAB23B68B8
:1085B000DA703B681B7803F00F03DAB23B681A707D
:1085C0000523FB73FB7B18461437BD4680BC704700
:1085D000B0B588B002AFF860B9607A603B60FB6804
:1085E0001B79FB75FB689B79BB75FB68DB797B7539
:1085F000FB681B7A3B75FB685B7983F00103DBB298
:10860000002B08D0FB68DB7A3B75FB685B7ABB7597
:10861000FB689B7A7B75FB7D002B3AD0FB68187B4F
:10862000FB681969FB6893F91450FB6893F91530DE
:10863000FA68926997F91640019200932B462246F8
:10864000FFF741FD034683F00103DBB2002B03D0AB
:10865000FB7D23F00203FB75FB6893F91D10FB689B
:1086600093F91C2097F915301846FFF79EFD034635
:10867000002B0ED1FB6893F91D3097F915209A4213
:1086800003DAFB685B7F7B7503E0FB7D23F004036B
:10869000FB75FB7D072B05D197F91430002B01D119
:1086A00001233B75BB68BA7D1A707B687A7D1A70AE
:1086B0003A7D3B681A70FB7D18461837BD46B0BD41
:1086C00080B483B000AF03463960FB71FB79064A82
:1086D00002FA03F31A463B68B2FBF3F318460C3771
:1086E000BD4680BC704700BF40420F0080B483B0DD
:1086F00000AF0346FB71FB794FF4FA52B2FBF3F380
:1087000018460C37BD4680BC7047000080B485B069
:1087100000AFF8607A603B600B46FB72FA7AFB7A36
:10872000043B1946FB6803FB01F17B684FF47A7048
:1087300000FB03F30B445B00002B13D0FB7A043BDC
:108740001946FB6803FB01F17B684FF47A7000FB6C
:1087500003F30B445900FB680B44591EFB68B1FB43
:10876000F3F30FE0FB7A043B1946FB6803FB01F1CE
:108770007B684FF47A7000FB03F30B445900FB68ED
:10878000B1FBF3F39A4238BF1A46BB691A60FB6823
:108790009B001946BB691B68FA6802FB03F3002BB8
:1087A00007D0BB691B68FA6802FB03F301335B085F
:1087B00005E0BB691B68FA6802FB03F35B08CB1A90
:1087C0003A684FF47A7101FB02F29B1A002B27DD05
:1087D000FB689B001946BB691B68FA6802FB03F340
:1087E000002B07D0BB691B68FA6802FB03F3013357
:1087F0005B0805E0BB691B68FA6802FB03F35B08D2
:10880000CB1A3A684FF47A7101FB02F29B1A03F219
:10881000E733194A82FB03129211DB17D31A24E0C3
:10882000FB689B001946BB691B68FA6802FB03F3EF
:10883000002B07D0BB691B68FA6802FB03F3013306
:108840005B0805E0BB691B68FA6802FB03F35B0881
:10885000CB1A3A684FF47A7101FB02F29B1A064A6E
:1088600082FB03129211DB17D31AFA69136000BF5F
:108870001437BD4680BC7047D34D621080B586B0BA
:1088800000AF0346B9607A60FB730023FB7597F96C
:108890000F305B001846E7F79DFF03461946B8689E
:1088A000E7F7E6FE034679681846E7F7E1FE034678
:1088B0001846E7F7D1FD02460B461046194608F068
:1088C00037F902460B4610461946E7F7A5FE034660
:1088D000FB7597F9173018461837BD4680BD90B51F
:1088E00087B000AFF860B9607A603B600023FB7529
:1088F0000023BB7500237B7500233B759CE00023A0
:10890000FB748FE0FB685A683B7D5B0013441B8857
:108910001A46FB7C42FA03F303F00103002B7ED0DE
:10892000FB689A68797DFB7C0B4419460B465B001B
:108930000B449B0013441B68002B6BD0FB681B7817
:1089400083F00103DBB2002B11D0FB685B69002BC5
:108950000DD0FB685A693B7D5B0013441B881A46A7
:10896000FB7C42FA03F303F00103002B54D0FB68B5
:108970005B7858B2FB689A68797DFB7C0B4419469A
:108980000B465B000B449B0013441B7A43F3030329
:108990005BB21C46FB689A68797DFB7C0B441946E8
:1089A0000B465B000B449B0013441B7A43F30313F9
:1089B0005BB21A462146FFF7F8FB0346002B2DD089
:1089C000FB68DA68FB689968787DFB7C034418468D
:1089D00003465B0003449B000B445B7A19460B463D
:1089E0005B000B44DB0013441B7D83F00103DBB20F
:1089F000002B03D0BB7D0133BB7510E0FB7D5A1CFF
:108A0000FA751A46BB681344797DFA7C0A44D2B2DF
:108A10001A7004E000BF02E000BF00E000BFFB7C72
:108A20000133FB74FB7C0F2B7FF66CAF7B7D103327
:108A30007B753B7D01333B757B7D9AB2FB681B8A5E
:108A40009A42FFF45CAF7B68FA7D1A703B68BA7D8E
:108A50001A7000BF1C37BD4690BDF0B58BB004AF97
:108A6000F860B9607A603B60FB685B68184607F0A5
:108A700023F97861FB681A687B69D21A7B6B1A60EC
:108A80003B6B01221A703B6800221A70FB685B681E
:108A9000002B04D0FB681B687A699A422BD3BB6811
:108AA00000221A60FB68DB691C78FB68DB69DD6803
:108AB000FB685E7AFB6893F808C0FB681B7DFA6868
:108AC00092690392FA680DF1040E0C3292E80300E9
:108AD0008EE8030000936346324629462046FFF79E
:108AE00035FC02467B6B1A60FB68D8693B6B3A68C1
:108AF0007968FFF7F4FE3B681B78002B04D07B6B92
:108B000000221A60002306E03B6B1B78002B01D08B
:108B10000B2300E00C2318461C37BD46F0BDB0B552
:108B200086B002AF78607B681B78FB737B6893F933
:108B300000207B6893F902309A4203D17B6893F955
:108B4000023026E0FB7B013BDBB2FB737B6893F9D1
:108B5000023097F90F209A4219D07B68D8787B6849
:108B600059687B6893F902507B6893F901307A6801
:108B7000926897F90F40019200932B462246FFF727
:108B8000A2FA034683F00103DBB2002BDAD197F996
:108B90000F3018461037BD46B0BD80B483B000AF6B
:108BA00003460A46FB711346BB7197F9062097F9F5
:108BB00007309342B8BF13465BB218460C37BD4628
:108BC00080BC704780B483B000AF786039607B6848
:108BD0009B003A6813441B68074A934204D0074A33
:108BE000934203D0002302E0012300E00223184651
:108BF0000C37BD4680BC704790D0030020A1070011
:108C0000B0B58CB004AF03463960FB711346BB713D
:108C1000174B07F108041D460FCD0FC495E803005C
:108C200084E80300FB79052B12D8FB799B002033E5
:108C30003B4453F8183C97F9062002923A68019297
:108C400000930C4B01220021022005F033FE0AE0C4
:108C500097F9063001933B680093074B01220021EE
:108C6000022005F027FE00BF2037BD46B0BD00BF83
:108C700064290208082902082829020880B584B05E
:108C800002AF78600B46FB7097F9033001937B6865
:108C90000093054B01220021022005F00BFE00BFCE
:108CA0000837BD4680BD00BF7C29020880B582B070
:108CB00000AF786039602D4B1B6A7868984703468F
:108CC00083F00103DBB2002B01D000234AE07B6874
:108CD000274A934207D37B68264A934203D83B68CE
:108CE00002221A703DE07B68224A934207D97B68D2
:108CF000214A934203D83B6800221A7031E07B6816
:108D00001D4A934207D97B681C4A934203D83B68AB
:108D100001221A7025E07B68194A934207D97B68C3
:108D2000184A934203D83B6805221A7019E07B6801
:108D3000154A934207D97B68144A934203D83B688B
:108D400003221A700DE07B68114A934207D37B68B7
:108D5000104A934203D83B6804221A7001E00023B2
:108D600000E0012318460837BD4680BD44330208A1
:108D7000C05570333FDA8E3300A1BC33C0C8C53351
:108D80005F4FC73380F0CE33BFFDD13350CED533E4
:108D9000A091D6338025DB3390B58BB004AF03466A
:108DA0000A46FB711346BB8097F907301F4AD35C14
:108DB000FB7497F907301E491846FFF703FFF86068
:108DC00000237B6197F90730072B18D1194B5C6A98
:108DD00097F913304FF47A7202FB03F31946BB88FC
:108DE000DBB2012203920293002301930523009337
:108DF00000230A46F9680020A047786111E00D4B76
:108E00005C6A97F91320BB88DBB2012103910293BE
:108E100000230193082300930123F9680120A04750
:108E200078617B6918461C37BD4690BD88320208C0
:108E3000903202084433020880B588B000AF7860F1
:108E40000023BB617B681B78013B382B00F2288133
:108E500001A252F823F000BF3D8F0108438F0108A3
:108E6000A1900108A1900108A1900108498F010873
:108E7000A1900108838F0108A1900108898F010842
:108E80008F8F0108958F01089B8F0108AB8F010818
:108E9000BB8F0108C18F0108C98F0108D18F01085C
:108EA000D98F0108E18F0108E98F0108F18F0108CE
:108EB000059001080B900108119001081790010816
:108EC000239001082F900108359001083D9001087A
:108ED0004390010849900108519001084F8F010803
:108EE000A1900108A1900108A1900108A19001089A
:108EF000A1900108A1900108A1900108A19001088A
:108F0000A1900108A1900108A1900108A190010879
:108F1000A1900108579001085D9001086B9001082D
:108F2000A1900108A19001087190010877900108B3
:108F3000A19001087D9001088D9001080023BB617C
:108F4000AFE00023BB61ACE00023BB61A9E07B681C
:108F500093F901303B7307237B730023BB7310230A
:108F6000FB73534B1B6803F558733B61504B1B68F5
:108F70007B6107F10C031846FFF7D1FD0346BB6187
:108F80008FE00023BB618CE00023BB6189E04023BC
:108F9000BB6186E02023BB6183E07B6893F90130ED
:108FA0001A46444B9B5CBB617BE07B6893F90130C4
:108FB0001A46414B9B5CBB6173E00123BB6170E0CF
:108FC00040F6B833BB616CE04FF47A73BB6168E084
:108FD0004FF4FA63BB6164E041F28833BB6160E047
:108FE00041F27073BB615CE04FF48043BB6158E0B9
:108FF0004FF47A71314802F0DBFA034603F5FA6365
:10900000BB614EE00023BB614BE02D4BBB6148E0F0
:109010000023BB6145E0264B1B6803F55873BB6119
:109020003FE0234B1B6803F55B73BB6139E0102302
:10903000BB6136E01E4B1B68BB6132E00023BB61A5
:109040002FE00023BB612CE04FF08343BB6128E09D
:109050001C4BBB6125E01A4BBB6122E011233B7620
:1090600002237B760023BB761BE00323BB6118E061
:10907000134BBB6115E00323BB6112E07B6893F9DE
:1090800001301A46104B9B5CBB610AE07B6893F988
:1090900001300E491846FFF795FD0346BB6100E01D
:1090A00000BFBB69FB61FB6918462037BD4680BD28
:1090B00048400020B0320208B832020818FCFFFF16
:1090C00008E6D3339A9909408832020890320208A0
:1090D00090B585B002AF7860114B1A68114B1968D2
:1090E0007B681B78184603465B0003449B000B44D7
:1090F00009331B7819460B465B000B44DB00D01884
:109100007B6899687B685C787B681A690092DB6889
:109110002246FFF7EDF800BF0C37BD4690BD00BFFB
:10912000444000204840002080B5B0B000AF7860D7
:1091300007F1300390220021184607F0BBFC64239E
:109140003B866423A7F848304FF47A73A7F8603061
:109150000A23A7F878306423A7F890304FF47A7385
:10916000A7F8A8307B681B7A022B5ED0022B6BDC41
:10917000002B02D0012B3FD066E07B681B68002BE0
:1091800063D07B685B68002B5FD07B681B68304ACC
:1091900013607B685B682F4A13602D4B1B68184671
:1091A00007F130039022194602F019FA294B1B6887
:1091B000294A07CA83E80700264B1B68274A0C3355
:1091C00007CA83E80700234B1B68254A183307CAE0
:1091D00083E807001F4B1B680722A3F86C231D4B75
:1091E0001B6803F558701B4B1B6803F55B7301226A
:1091F0001946FFF757F828E0164B1B6800225A6003
:10920000144B1B6800221A61124B1B680022DA61A2
:10921000104B1B6803F558700E4B1B6803F55B730E
:1092200001221946FFF73EF80FE00A4B1B68B3F81E
:109230006013084B1B68B3F86C23064B1B680A438A
:1092400092B2A3F8602300E000BFC037BD4680BDE6
:10925000444000204840002098290208A429020820
:10926000B029020880B584B000AF78600B46FB706F
:10927000FB780F2B6CD801A252F823F0BD920108A5
:10928000519301085193010851930108519301082A
:10929000D5920108F3920108119301085193010836
:1092A0002F9301082F93010851930108519301084E
:1092B00051930108519301084D9301080023FB735A
:1092C0007B681B6807F10F0211461846FFF7EEFC9A
:1092D00003463EE07B6893F90030072200211846E0
:1092E000FEF763FF0346002B14BF01230023DBB20C
:1092F0002FE07B6893F90030052200211846FEF725
:1093000054FF0346002B14BF01230023DBB220E0EF
:109310007B6893F90030072200211846FEF745FFCD
:109320000346002B14BF01230023DBB211E07B684E
:1093300093F90030072200211846FEF736FF034656
:10934000002B14BF01230023DBB202E0012300E065
:10935000002318461037BD4680BD00BF80B58AB0D7
:1093600000AF7860502387F820307B681B79102B82
:1093700062D17B681B680F331B78002B5ED1002302
:1093800087F82730032387F8263050E097F82630F7
:10939000072B24D87B681A6897F8273013441B786A
:1093A000BB61BA697B68196897F8273001330B44B1
:1093B0001B781B021343BB61BA697B68196897F875
:1093C000273002330B441B781B041343BB61BB697A
:1093D000642202FB03F3BB610023FB6106E0002370
:1093E000BB61002387F820300023FB61BB69002BA1
:1093F0000BD007F118033B6197F826303B7507F156
:109400001003184600F00EFD07E097F826303B7376
:1094100007F10C03184600F0A7FD97F82730033337
:1094200087F8273097F82630013387F8263097F8E9
:1094300026300F2BAAD902E000BF00E000BF28377A
:10944000BD4680BD80B582B000AF78607B681B7977
:10945000002B02D0012B0BD015E00E4B1B6803F53F
:1094600058707B681B6801221946FEF71BFF0CE051
:10947000084B1B6803F55B707B681B68012219466B
:10948000FEF710FF01E0002300E001231846083733
:10949000BD4680BD4840002080B588B002AFBA60AC
:1094A0007B600346FB730B46BB7300237B6197F91C
:1094B0000F30072BA8BF07235AB27B685A707B680E
:1094C00093F901301E491846FFF77CFB0346DAB2D8
:1094D0007B689A707B6893F90130072B0AD17B680F
:1094E00093F901301A46174B9B5C1846FFF7FEF8BC
:1094F000786111E07B6893F901301A46114B9A5C50
:109500007B6893F9013019460D4B53F82130194609
:109510001046FFF7D5F878610B4BDB6D98477B68F9
:1095200008337A680C32B97B019200930346BA681B
:109530007869FFF7EBF800BF1837BD4680BD00BF64
:10954000903202088832020844330208B0B590B065
:109550000AAF786039607B685B78FB730023BB756A
:109560000023BB737B685B683B615A4B5B68984721
:109570000346002B01D00023A8E07B68DB7C002B96
:1095800026D1554B1A687B681B7819460B465B0041
:109590000B449B0013441B683B614F4B1A687B686C
:1095A0001B7819460B465B000B449B0013440433A5
:1095B0001B68002B0CD0484B1A687B681B78194637
:1095C0000B465B000B449B00134404331B683B6158
:1095D00097F90F30414AD35CBB733E4BDB68386967
:1095E000984797F90F30072B28D10023FB75394B8B
:1095F0009C6997F90E304FF47A7202FB03F3194617
:109600007B689B689BB27A68927CF87D0992002205
:10961000089200220792002206920122059200225F
:109620000492002203920293052301932C4B009392
:1096300000230A464CF25031A04724E00123FB7579
:10964000244B9C697B689B781D4697F90E107B68BC
:109650009B689BB27A68927CF87D099201220892FD
:109660000022079200220692002205920022049214
:109670000022039202930823019300230093012305
:109680000A462946A0477B685B7C002B05D097F9EA
:109690000F30144AD35CBB7504E097F90F30124ABF
:1096A000D35CBB750B4B5B6DBA7D0D32D1B2FA7DCD
:1096B000104698477B68DB7C97F90F20396918467C
:1096C000FFF79EFA3B68FA7B1A7001231846183799
:1096D000BD46B0BD4433020848400020883202082D
:1096E00085450100B8320208B032020890B593B047
:1096F0000AAFF860B9607A60FB6893F901301A46E6
:109700005D4B9B5CBB77FB6893F902005B4B1A686F
:109710005B4B1968FB681B781C4623465B0023449F
:109720009B000B4409331B7819460B465B000B4426
:10973000DB001344023393F900301946FFF72DFA8A
:1097400003467B77FB6893F901304E491846FFF7D3
:1097500039FAB8610023FB75FB685968FB689A68A1
:1097600097F91D301846FFF789F80346FB75464BFD
:10977000DA68434B1968FB681B78184603465B00A0
:1097800003449B000B441B6818469047FB6893F901
:109790000130072B24D10023FB773B4BDC6997F981
:1097A0001E304FF47A7202FB03F31A4697F9171032
:1097B000F87F4FF47A6308930023079300230693FE
:1097C00000230593012304930023039305230293AD
:1097D000002301930092BB6946F2A812A0471DE046
:1097E0000123FB77284BDC6997F91E3097F9171096
:1097F000F87F4FF47A6208920022079200220692C4
:109800000022059201220492002203920822029271
:10981000012201920093BB690022A047184B1A68ED
:10982000FB681B7819460B465B000B449B001344F6
:109830001A68FB6893F9013019461046FFF71EFAC3
:10984000FB6893F90120FB689B8919461046FFF7D6
:10985000A3FA02467B681A600B4B5B6DFA6892892B
:10986000D1B2FA7F10469847BB687A7F1A700123FD
:1098700018462437BD4690BD883202084440002077
:1098800048400020903202084433020890B593B05B
:1098900000AFF860B9607A603B60072387F8473013
:1098A00007F13C0300221A609A80002387F84430B5
:1098B000002387F8463000237B8785E0FB685A68E1
:1098C00097F84630134407F13C0211461846FEF75C
:1098D0002DFE034687F8443097F84430002B7BD0A8
:1098E00097F8462097F84430134487F8463007230A
:1098F00087F84730B7F840307B8797F83F30002B28
:1099000009D17B8F002B06D197F8473023F0010354
:1099100087F8473058E097F83F30002B03D097F88E
:109920003F30052B03D997F83F30062B06D997F81F
:10993000473023F0010387F8473045E0002387F8DC
:1099400045303DE097F83F30062B18D15F4B196842
:1099500097F8452013465B0013449B000B441B689B
:10996000002B28D097F84530012202FA03F31AB2EF
:109970007B8F1BB213431BB29BB27B871BE07B8F99
:109980001A4697F8453042FA03F303F00103002B1F
:1099900011D04E4B196897F8452013465B001344CD
:1099A0009B000B441B68002B05D197F8473023F030
:1099B000010387F8473097F84530013387F8453081
:1099C00097F845300F2BBDD9FB681B7A97F84620D6
:1099D0009A42FFF473AF00E000BF022387F83430EF
:1099E000FB685B7A87F8363007F134031846FFF7D7
:1099F00023FA03463B6397F847303B75FB689B7A35
:109A00007B7597F93D30BB7597F93E30FB7597F83C
:109A10003C303B76FB6893F90B307B76FB6893F91F
:109A20000C30BB76FB685B7B5BB2FB7610233B772D
:109A300007F13A033B623B6B5BB287F824300723A4
:109A400087F82530214B1B68BB62072387F82C3031
:109A5000002387F82D30FB681B683B6107F13C044D
:109A600007F13C039A1C07F13C03591C07F1100055
:109A70002346FEF7ADFD034687F8473097F8473099
:109A8000072B0DD1114B1B6803F558730C220021D5
:109A9000184601F0DFFD0D4B1B687A8FA3F8602399
:109AA00097F93D20BB681A7097F93E207B681A70C1
:109AB00097F83C203B681A70BB6D97F846201A70E7
:109AC00097F8473018464C37BD4690BD48400020B7
:109AD00080B584B000AF78600723FB730023BB73AD
:109AE0007B685B6807F10E0211461846FFF7DEF847
:109AF000034683F00103DBB2002B03D0FB7B23F092
:109B00000103FB737B6893F900300722002118469C
:109B1000FEF74BFB0346002B03D1FB7B23F0020334
:109B2000FB737B6893F90130052200211846FEF78C
:109B30003CFB0346002B03D1FB7B23F00403FB73A8
:109B4000FB7B18461037BD4680BD000080B586B04F
:109B500000AF78600323FB757B681B681B68002BD4
:109B600014D17B6893F90430DBB23B7207F1080330
:109B7000184600F0F9F9034683F00103DBB2002B2D
:109B80003BD0FB7D23F00303FB7536E07B681B684D
:109B9000FB607B6893F90430DBB23B7407F10C0384
:109BA000184600F03FF90346062B20D801A252F8D0
:109BB00023F000BFF99B0108EF9B0108EF9B010810
:109BC000EF9B0108D19B0108DB9B0108E59B010885
:109BD000FB7D23F00103FB750FE0FB7D23F0020307
:109BE000FB750AE0FB7D23F00303FB7505E0FB7DBD
:109BF00023F00303FB7500E000BF97F91730184608
:109C00001837BD4680BD00BF80B483B000AF786018
:109C10004FF0FF3318460C37BD4680BC704700003C
:109C200080B584B000AF78600323FB730023BB735F
:109C30007B685B6807F10E0211461846FFF736F89D
:109C4000034683F00103DBB2002B03D0FB7B23F040
:109C50000103FB73134B1A687B681B7819460B468C
:109C60005B000B449B0013441B68002B03D1FB7B60
:109C700023F00203FB73FB7B032B0DD1094B196807
:109C80007B681B7818467B685A6803465B00034470
:109C90009B000B4404331A6097F90F3018461037B5
:109CA000BD4680BD4840002080B483B000AF03466D
:109CB0000A46FB711346BB7197F9073018460C37FB
:109CC000BD4680BC7047000080B59AB002AFF86016
:109CD000B9607A603B60002387F85E30002387F824
:109CE0005D3007F14C0300221A605A609A60DA6016
:109CF0000C2387F85F3007237B82484B1B6803F5F2
:109D00005873012200211846FEF7A0FA0346002BE3
:109D10000AD1424B1B68B3F86023404B1B6842F0EA
:109D2000070292B2A3F86023FB685B7A3B75FB687D
:109D300093F90830DBB27B75384B1B6803F5587319
:109D4000BB61364B1B68FB61354B1B683B621023C4
:109D5000BB8407F11203BB62FB681B68FB62FB68F4
:109D60005B683B63FB689B7A87F83430062387F88F
:109D70003530FA6807F138030C3292E8030083E8C3
:109D80000300FB681B7D87F84030FB6893F90820CF
:109D9000FB68DB8A19461046FEF7FEFF03467B642C
:109DA00007F11403BB6407F15E0107F14C0207F1F0
:109DB0002C007B68019307F15D0300930B46396823
:109DC000FEF74BFE034687F85F3097F85F30002BB5
:109DD0000ED197F85E30013B1946002001F0E8FBF8
:109DE000034660333B4413F8142CBB681A700EE032
:109DF00097F85F300C2B0AD1084B1B68B3F860232F
:109E0000064B1B6842F0070292B2A3F8602397F852
:109E10005F3018466037BD4680BD00BF4840002017
:109E20004440002080B584B000AF786000233B73CD
:109E30000023FB730023BB737B681B797B737B7BE5
:109E4000022B01D8062389E07B7B0F2B01D903234A
:109E500084E07B681B681B7A43F303035BB2072231
:109E600000211846FEF7A1F90346002B01D101237A
:109E7000FB737B681B681B7A43F303135BB20722F7
:109E800000211846FEF791F90346002B01D101236A
:109E9000FB737B681B681B7A43F303035AB27B682E
:109EA0001B681B7A43F303135BB29A4201DD012363
:109EB000FB73BB7B83F00103DBB2002B10D07B680C
:109EC0001B681B6807F10C0211461846FEF7EEFEF0
:109ED000034683F00103DBB2002B01D00123BB73E7
:109EE000FB7B002B04D0BB7B002B01D0062335E08D
:109EF000FB7B002B01D0052330E0BB7B002B01D086
:109F000004232BE0174B19687A7B13465B0013443C
:109F10009B00C8187B681B680C22194601F05FFB88
:109F2000104B19687A7B387B13465B0013449B0007
:109F30000B44093302461A700A4B1B68B3F86033AE
:109F40001AB27B7B012101FA03F31BB213431AB24D
:109F5000044B1B6892B2A3F8602300231846103705
:109F6000BD4680BD4840002080B586B000AF786017
:109F70007B681B78FB75FB7D022B01D8002316E064
:109F80000D4B1968FA7D13465B0013449B000B448C
:109F90001A460023136053609360074B1B6803F558
:109FA0005873F97D10221846FEF71CF9034618462F
:109FB0001837BD4680BD00BF4840002090B585B031
:109FC00000AF78607B6893F90200204B1A68204B41
:109FD00019687B681B781C4623465B0023449B0062
:109FE0000B4409331B7819460B465B000B44DB001E
:109FF0001344023393F900301946FEF7CEFD0346B1
:10A00000FB730023BB73124B1A687B681B781946DD
:10A010000B465B000B449B0013441B68BB607B68D2
:10A0200059687B689A6897F90F301846FEF726FC46
:10A030000346BB73074BDB6B7A68928997F90E1066
:10A04000B868984700BF1437BD4690BD4440002013
:10A05000484000204433020880B485B000AF034676
:10A06000FB710B46BB7113467B71BA797B79D31AAE
:10A07000DBB2FB7397F90F30002B01DA0023FB737F
:10A08000FB7B18461437BD4680BC704780B584B052
:10A0900000AF3B600346FB710B46BB7113467B71FF
:10A0A000FB79FB7397F9062097F90730114618469C
:10A0B000FEF773FD0346FB7397F90530042B06D1B9
:10A0C00097F90730022BB8BF0223FB730DE004227F
:10A0D00000213868FEF7BAF80346312B05D897F906
:10A0E0000730052BB8BF0523FB7397F90F301846CF
:10A0F0001037BD4680BD000080B582B000AF7860EB
:10A10000184B1B6A78689847034683F00103DBB25B
:10A11000002B01D0002321E07B68134A934210D921
:10A120007B68124A93420CD87A68114B1344114A47
:10A13000A2FB0312920C104901FB02F29A1A002AA8
:10A1400001D000230AE07B680C4A934203D97B6864
:10A15000064A934201D9002300E00123184608373C
:10A16000BD4680BD443302089F700837E0864837FB
:10A17000608FF7C8851DD96FC02709005F01C835FA
:10A1800090B589B004AF03460A46FB711346BB8005
:10A1900097F907300F4AD35CFB7397F907300E49E4
:10A1A0001846FEF70FFDB8600C4B5C6A97F90F205C
:10A1B000BB88DBB2012103910293002301930823A2
:10A1C00000930123B9680120A047034618461437BD
:10A1D000BD4690BDC0320208D032020844330208A6
:10A1E00080B588B000AF78600023BB617B681B78C6
:10A1F000013B382B00F23C8101A252F823F000BF52
:10A20000E5A20108EBA2010871A4010871A40108EC
:10A2100071A40108F1A2010871A401082BA301088F
:10A2200071A4010831A3010837A301083DA3010867
:10A2300043A3010853A3010863A3010869A301080C
:10A2400071A3010879A3010881A3010889A301086A
:10A2500091A3010899A30108ADA30108B3A30108C4
:10A26000B9A30108BFA30108CBA30108D7A3010824
:10A27000DDA30108E5A30108EBA30108F1A3010890
:10A28000F7A30108F7A2010871A4010871A401084D
:10A2900071A4010871A4010871A4010871A4010846
:10A2A00071A4010871A4010871A4010871A4010836
:10A2B00071A4010871A4010871A40108FFA3010899
:10A2C00013A4010821A4010827A4010871A401080E
:10A2D0002DA4010841A4010847A401084DA40108C8
:10A2E0005DA401080823BB61C3E00023BB61C0E09B
:10A2F0000023BB61BDE07B6893F901303B7304230D
:10A300007B730023BB734823FB735D4B1B6803F512
:10A3100058733B615A4B1B687B6107F10C0318466D
:10A32000FEF7FDFB0346BB61A3E00023BB61A0E099
:10A330000023BB619DE04023BB619AE02023BB6109
:10A3400097E07B6893F901301A464E4B9B5CBB61EA
:10A350008FE07B6893F901301A464B4B9B5CBB61E5
:10A3600087E00023BB6184E040F6B833BB6180E046
:10A370004FF47A73BB617CE04FF4FA63BB6178E021
:10A3800041F28833BB6174E041F27073BB6170E0ED
:10A390004FF48043BB616CE04FF47A713B4801F0AD
:10A3A00007F9034603F5FA63BB6162E00023BB6172
:10A3B0005FE0374BBB615CE00823BB6159E0304B89
:10A3C0001B6803F55873BB6153E02D4B1B6803F505
:10A3D0005B73BB614DE04823BB614AE0284B1B68BF
:10A3E000BB6146E00023BB6143E00023BB6140E06A
:10A3F000284BBB613DE04FF00003BB6139E07B6857
:10A400001B79254A22491846FDF7FCFC0346BB612F
:10A410002FE017233B7605237B760323BB7628E0CA
:10A420000823BB6125E00823BB6122E07B681B7920
:10A43000194A17491846FDF7E5FC0346BB6118E0C9
:10A440000823BB6115E00823BB6112E07B6893F928
:10A4500001301A46114B9B5CBB610AE07B6893F9A3
:10A4600001300F491846FEF7ADFB0346BB6100E023
:10A4700000BFBB69FB61FB6918462037BD4680BD44
:10A4800050400020243302083433020818FCFFFF38
:10A49000A07008379A990042C0270900C03202080C
:10A4A000D032020890B585B002AF7860114B1A68BF
:10A4B000114B19687B681B78184603465B00034400
:10A4C0009B000B4409331B7819460B465B000B4479
:10A4D000DB00D0187B6899687B685C787B681A69B8
:10A4E0000092DB682246FDF703FF00BF0C37BD4634
:10A4F00090BD00BF4C4000205040002080B58AB085
:10A5000000AF78600123BB810023BB7300233B6154
:10A5100000237B610023BB610023FB61002387F8DC
:10A5200020307B681B7A002B07D0002BC0F20681FD
:10A53000013B012B00F20281CEE07B681B68002BFF
:10A5400000F0FE807B685B68002B00F0F9807B6880
:10A550001B687D4A13607B685B687C4A13607A4B9A
:10A560001B68002283F89C20774B1B68002283F82D
:10A570009D20754B1B68184607F10C0318221946DD
:10A5800001F02DF8002387F827302EE097F82730C8
:10A590006F4A03FB02F26F4B13446C4A116897F841
:10A5A0002720184613465B0013449B000B44186099
:10A5B000664B196897F8272013465B0013449B00ED
:10A5C0000B44083330221A70604B196897F8272023
:10A5D00013465B0013449B000B44093300221A709E
:10A5E00097F82730013387F8273097F827303F2B2B
:10A5F000CCD9402387F826302FE097F82630403B0F
:10A60000554A03FB02F2554B1344504A116897F820
:10A610002620184613465B0013449B000B44186029
:10A620004A4B196897F8262013465B0013449B0099
:10A630000B44083344221A70444B196897F82620BB
:10A6400013465B0013449B000B44093300221A702D
:10A6500097F82630013387F8263097F82630472BB5
:10A66000CBD93A4B1B684FF6FF72A3F86C23374BDC
:10A670001B684FF6FF72A3F86E23344B1B684FF62E
:10A68000FF72A3F87023314B1B684FF6FF72A3F8DB
:10A6900072232E4B1B68FF22A3F874232B4B1B68DD
:10A6A0000022A3F87623294B1B6803F55870274B2B
:10A6B0001B6803F55B7306221946FDF7F3FD224B79
:10A6C0001B6803F19000214B1B6803F558730622A9
:10A6D0001946FDF7E7FD34E01C4B1B6803F5587085
:10A6E0001A4B1B6803F55B7306221946FDF7DAFD6A
:10A6F000002387F825301CE0134B1B6897F82520B2
:10A70000483233F81200114B1B6897F8252002F5E8
:10A71000D87233F812100C4B1B6897F825200140B3
:10A7200089B2483223F8121097F82530013387F8A0
:10A73000253097F82530052BDED902E000BF00E078
:10A7400000BF2837BD4680BD4C400020504000204F
:10A75000400D03006001C835006A1800C0AFD23553
:10A7600080B582B000AF78600B46FB70FB780F2B92
:10A7700058D801A252F823F0B9A7010825A801086A
:10A7800025A8010825A8010825A80108C7A70108D0
:10A79000C7A70108E5A7010825A8010803A8010823
:10A7A00003A8010825A8010825A8010825A8010873
:10A7B00025A8010821A801087B681B681846FFF737
:10A7C0009BFC03462FE07B6893F9003004220021B4
:10A7D0001846FDF7EAFC0346002B14BF01230023B3
:10A7E000DBB220E07B6893F900300D220821184687
:10A7F000FDF7DBFC0346002B14BF01230023DBB273
:10A8000011E07B6893F900300E2200211846FDF715
:10A81000CCFC0346002B14BF01230023DBB202E073
:10A82000002300E0002318460837BD4680BD00BF66
:10A8300080B485B000AF78607B681B79102B60D145
:10A840007B681B680F331B78012B5CD10023FB73E3
:10A850000023BB7351E07B681A68BB7B13441978F3
:10A860002B4B1B68FA7B02F5D87223F81210284B89
:10A870001B68FA7B02F5D87233F812007B681A68FD
:10A88000BB7B013313441B781B0299B2204B1B681E
:10A89000FA7B014389B202F5D87223F81210FB7BD0
:10A8A000042B0FD11A4B1B68FA7B02F5D87233F8D0
:10A8B0001210174B1B68FA7BC9B289B202F5D87225
:10A8C00023F81210134B1B68FA7B483233F812003E
:10A8D0000F4B1B68FA7B02F5D87233F812100D4B40
:10A8E0001B68FA7B014089B2483223F81210FB7BC7
:10A8F0000133FB73BB7B0233BB73FB7B042BAAD9F5
:10A9000002E000BF00E000BF1437BD4680BC7047C6
:10A91000504000204C40002080B584B000AF7860EB
:10A920007B681B68042200211846FDF78FFC034654
:10A93000BB73BB7B012B04D8BB7B002B01D0002356
:10A940004CE07B681B79002B02D0012B38D042E011
:10A95000244B1B6803F558707B681B680622194658
:10A96000FDF7A0FC1F4B1B68B3F874231D4B1B683D
:10A97000D2B292B2A3F874231A4B1B680022A3F838
:10A9800076230023FB7317E0174B1B68FA7B4832D2
:10A9900033F81200134B1B68FA7B02F5D87233F8B8
:10A9A0001210114B1B68FA7B014089B2483223F820
:10A9B0001210FB7B0133FB73FB7B052BE4D90CE00E
:10A9C000084B1B6803F55B707B681B680622194601
:10A9D000FDF768FC01E0002300E001231846103772
:10A9E000BD4680BD504000204C40002080B588B05E
:10A9F00002AFBA607B600346FB730B46BB73002358
:10AA00007B6197F90F300D2BA8BF0D235AB27B68DD
:10AA10005A707B6893F9013016491846FEF7D2F850
:10AA20000346DAB27B689A707B6893F901301A4664
:10AA3000114B9A5C7B6893F9013019460D4B53F822
:10AA4000213019461046FDF73BFE78610B4BDB6D5C
:10AA500098477B6808337A680C32B97B019200937F
:10AA60000346BA687869FDF751FE00BF1837BD4646
:10AA700080BD00BFD0320208C03202084433020851
:10AA800090B591B00AAF786039607B685B78FB73F2
:10AA90000023FB750023BB737B685B683B61344B11
:10AAA0005B6898470346002B01D000235CE07B687D
:10AAB000DB7C002B09D17B681B7803F007032D4A50
:10AAC00003FB02F22C4B13443B6197F90F302B4AE6
:10AAD000D35CBB73264BDB6838699847244B9C6971
:10AAE0007B689B78184697F90E107B689B689BB231
:10AAF0007A68927C09920122089200220792002231
:10AB000006920022059200220492002203920293F0
:10AB1000082301930023009301230A4601460120E4
:10AB2000A0477B685B7C002B05D097F90F30144A57
:10AB3000D35CFB7504E097F90F30124AD35CFB75C8
:10AB40000B4B5B6DFA7D0D32D2B211460120984756
:10AB50007B68DB7C97F90F2039691846FEF750F8BF
:10AB60003B68FA7B1A70012318461C37BD4690BD1E
:10AB700044330208C0270900A0700837C032020819
:10AB8000343302082433020890B593B00AAFF8605A
:10AB9000B9607A60FB6893F901301A464A4B9B5CB6
:10ABA000FB77FB6893F90200484B1A68484B196819
:10ABB000FB681B781C4623465B0023449B000B4428
:10ABC00009331B7819460B465B000B44DB0013442A
:10ABD000023393F90010FB6893F901203C4B1B688A
:10ABE00003F55873FFF752FA0346BB77FB6893F9F6
:10ABF000013038491846FDF7E5FFB8610023FB75C1
:10AC000097F91E304FF0000233491846FDF736FE23
:10AC10000346FB75314BDA682D4B1968FB681B78CE
:10AC2000184603465B0003449B000B441B68184610
:10AC300090472A4BDC6997F91F3097F917104FF4AA
:10AC40007A62089200220792002206920022059260
:10AC50000122049200220392082202920122019210
:10AC60000093BB6900220120A047194B1A68FB68BA
:10AC70001B7819460B465B000B449B0013441A6873
:10AC8000FB6893F9013019461046FDF7F7FF134BA7
:10AC90005B6DFA689289D2B2114601209847FB6831
:10ACA00093F90120FB689B8919461046FFF768FA63
:10ACB00002467B681A60BB68BA7F1A700123184687
:10ACC0002437BD4690BD00BFC03202084C40002072
:10ACD00050400020D03202080000F0414433020806
:10ACE00090B597B000AFF860B9607A603B60072319
:10ACF00087F8573007F14C0300221A609A8000232E
:10AD000087F85330002387F8563007F140030022BC
:10AD10001A605A609A60974B1B6803F5587107F1E7
:10AD2000400306221846FDF7BDFA1BE1FB685A688E
:10AD300097F85630134407F14C0211461846FDF7B8
:10AD4000F5FB034687F8533097F85330002B00F09B
:10AD5000138197F8562097F85330134487F85630EC
:10AD6000072387F8573097F84F30062B16D14FF648
:10AD7000FF73A7F840304FF6FF73A7F842304FF645
:10AD8000FF73A7F844304FF6FF73A7F84630B7F8C3
:10AD90005030DBB29BB2A7F84830E3E097F84F3071
:10ADA000072B12D10023A7F840300023A7F8423028
:10ADB0000023A7F844300023A7F84630B7F85030F6
:10ADC000DBB29BB2A7F84830CCE097F84F30052BA8
:10ADD00040F0BF80012387F85230002387F85530B8
:10ADE000002387F85430AEE0B7F85030DAB297F865
:10ADF000521097F8543001FA03F31340002B4DD052
:10AE000097F8543003F00103DBB2002B20D197F800
:10AE100055305B0058333B4433F8182C97F85530C5
:10AE200042F0FF0292B25B0058333B4423F8182CE7
:10AE3000B7F848301AB297F8521097F8543001FA20
:10AE400003F31BB213431BB29BB2A7F8483075E063
:10AE500097F855305B0058333B4433F8182C97F87B
:10AE6000553062F0FF0292B25B0058333B4423F846
:10AE7000182CB7F848301AB297F8521097F8543097
:10AE800001FA03F31BB213431BB29BB2A7F848307D
:10AE900097F85530013387F855304FE097F8543024
:10AEA00003F00103DBB2002B22D197F855305B0091
:10AEB00058333B4433F8182C97F8553022F0FF02F2
:10AEC00092B25B0058333B4423F8182CB7F8483053
:10AED0001AB297F8521097F8543001FA03F31BB2E4
:10AEE000DB431BB213401BB29BB2A7F8483025E0EE
:10AEF00097F855305B0058333B4433F8182C97F8DB
:10AF00005530D2B292B25B0058333B4423F8182C30
:10AF1000B7F848301AB297F8521097F8543001FA3F
:10AF200003F31BB2DB431BB213401BB29BB2A7F867
:10AF3000483097F85530013387F8553097F854303A
:10AF4000013387F8543097F85430072B7FF64CAF15
:10AF500008E097F84F30B7F850205B0058333B4477
:10AF600023F8182CFB681B7A97F856209A42FFF4B6
:10AF7000DDAE02E05040002000BF97F94D30032BBA
:10AF80000FDC07F14003042200211846FDF75EF9AB
:10AF90000346012B05D897F8573023F0010387F8B3
:10AFA0005730022387F83830FB685B7A87F83A30ED
:10AFB00007F138031846FFF713F903467B6397F848
:10AFC00057303B76FB689B7A7B7697F94D30BB76A2
:10AFD00097F94E30FB7697F84C303B77FB6893F946
:10AFE0000B307B77FB6893F90C30BB77FB685B7B9E
:10AFF0005BB2FB77482387F8203007F140037B6280
:10B000007B6B5BB287F82830042387F82930444BE8
:10B010001B68FB620E2387F83030002387F831303D
:10B02000FB681B687B6107F14C0407F14C039A1C19
:10B0300007F14C03591C07F114002346FDF7C8FA29
:10B04000034687F8573097F85730072B51D1344BC8
:10B050001B6803F5587307F1400106221846FDF7F7
:10B0600021F9304B1B68B3F890102D4B1B68B3F8D7
:10B0700060232C4B1B680A4092B2A3F89020294B06
:10B080001B68B3F89210264B1B68B3F86223254B5C
:10B090001B680A4092B2A3F89220224B1B68B3F8B7
:10B0A00094101F4B1B68B3F864231E4B1B680A40A7
:10B0B00092B2A3F894201B4B1B68B3F89610184B60
:10B0C0001B68B3F86623174B1B680A4092B2A3F8BB
:10B0D0009620134B1A68134B1B68B2F86823A3F829
:10B0E00098200F4B1A680F4B1B68B2F86A23A3F81D
:10B0F0009A2097F94D20BB681A7097F94E207B680B
:10B100001A7097F84C203B681A70BB6E97F856205F
:10B110001A7097F8573018465C37BD4690BD00BF8F
:10B12000504000204C40002080B584B000AF7860D3
:10B130000723FB737B685B681846FEF7DDFF034659
:10B1400083F00103DBB2002B03D0FB7B23F0010370
:10B15000FB737B6893F900300D2208211846FDF738
:10B1600024F80346002B03D1FB7B23F00203FB737F
:10B170007B6893F90030072205211846FDF715F882
:10B180000346012B04D07B6893F900300D2B03DDBF
:10B19000FB7B23F00203FB737B6893F901300322EE
:10B1A00000211846FDF701F80346002B03D1FB7B75
:10B1B00023F00403FB73FB7B18461037BD4680BDAC
:10B1C00080B483B000AF78604FF0FF3318460C377F
:10B1D000BD4680BC704780B483B000AF78604FF04C
:10B1E000FF3318460C37BD4680BC704780B483B02F
:10B1F00000AF78604FF0FF3318460C37BD4680BC77
:10B200007047000080B483B000AF03460A46FB716C
:10B210001346BB71BB79002B08D1164B1B6893F802
:10B220009D200132D2B283F89D2007E0114B1B68AC
:10B2300093F89D20013AD2B283F89D200D4B1B68F4
:10B2400093F89D200C4BA3FB021359080B46DB001F
:10B250000B44D31ADBB2002B02D10423FB7101E0B3
:10B260000023FB7197F9073018460C37BD4680BCA8
:10B27000704700BF4C400020398EE33880B5A8B03D
:10B2800002AFF860B9607A603B60002387F89530C0
:10B29000002387F8943007F14C0348220021184618
:10B2A00005F008FC0C2387F896306B4B1B68903335
:10B2B000042200211846FCF7C9FF0346002B10D1D9
:10B2C000654B1B6803F19000644B1B6803F55873D2
:10B2D00004221946FCF7E6FF5F4B1B68002283F847
:10B2E0009C20FB6893F90830032B0EDD5A4B1B683A
:10B2F000B3F89830DBB2002B07D1584B1A68564B85
:10B300001B68B2F86823A3F89820FB685B7A3B754A
:10B31000FB6893F90830DBB27B754F4B1B689033A9
:10B32000BB614E4B1B68FB614B4B1B683B62482368
:10B33000BB840023BB62FB681B68FB62FB685B6825
:10B340003B63FB689B7A87F83430012387F83530FC
:10B35000FA6807F138030C3292E8030083E803002F
:10B36000FB681B7D87F84030FB6893F90820FB6879
:10B37000DB8A19461046FEF703FF03467B6407F19C
:10B380001403BB6407F1950107F14C0207F12C008F
:10B390007B68019307F1940300930B463968FDF72E
:10B3A0005CFB034687F8963097F89630002B4DD11A
:10B3B000FB685B7A002B0ED097F89530013B19465D
:10B3C000002000F0F5F8034698333B4413F84C2C6A
:10B3D000BB681A7030E0FB6893F90830002B0FD17E
:10B3E0001D4B1B6803F190001B4B1B689C33BA6814
:10B3F0001946FCF795FC0346032B1DD1032327E0D8
:10B40000002387F8973004E097F89730013387F8E6
:10B410009730114B1B68B3F89830DAB297F8973031
:10B4200042FA03F303F00103002BEDD097F89730B5
:10B430004033DAB2BB681A70074B1B6803F1900007
:10B44000BB681B7848221946FCF7CCFE97F896306B
:10B4500018469837BD4680BD4C4000205040002023
:10B4600090B585B000AF78607B6893F90200234BFC
:10B470001A68234B19687B681B781C4623465B00BF
:10B4800023449B000B4409331B7819460B465B0091
:10B490000B44DB001344023393F900107B6893F9EB
:10B4A0000120174B1B6803F55873FEF7EFFD0346A9
:10B4B000FB730023BB73124B1A687B681B78194619
:10B4C0000B465B000B449B0013441B68BB6097F961
:10B4D0000F304FF000020B491846FDF7CFF9034635
:10B4E000BB73094BDB6B7A68928997F90E10B868C9
:10B4F000984700BF1437BD4690BD00BF4C400020A8
:10B50000504000200000F0414433020880B485B070
:10B5100000AF0346FB710B46BB7113467B7197F975
:10B52000062097F90530094992000A4413441B7814
:10B53000FB7397F90F30002B01DA0023FB73FB7BC1
:10B5400018461437BD4680BC704700BF1033020850
:10B5500080B400AF0D4B1B680D4A02FB03F303F5EB
:10B5600040533933094A1360084B1A680323A3FB7D
:10B570000213D11A49080B44990F0B46DB075B1ADB
:10B58000D11A0B461846BD4680BC70470C010020FE
:10B590006D4EC64180B483B000AF7860034A7B68CB
:10B5A000136000BF0C37BD4680BC70470C01002003
:10B5B00080B582B000AF78603960FFF7C9FF0246FE
:10B5C00039687B68CB1A013392FBF3F101FB03F37B
:10B5D000D21A7B68134418460837BD4680BD80B434
:10B5E00085B000AFF860B9601346FB8007E0BA6829
:10B5F000531CBB60FB68591CF96012781A70FB88F9
:10B600005A1EFA80002BF2D100BF00BF1437BD468E
:10B6100080BC704780B485B000AFF860B960134655
:10B62000FB80FB88013BFA681344FB6007E0BA68C3
:10B63000531CBB60FB68591EF96012781A70FB88B6
:10B640005A1EFA80002BF2D100BF00BF1437BD464E
:10B6500080BC704780B483B000AF78600B46FB704D
:10B6600013463B8004E07B685A1C7A60FA781A70B3
:10B670003B885A1E3A80002BF5D100BF00BF0C3723
:10B68000BD4680BC7047000080B487B000AF7860D2
:10B690000B467B801A4BFB604FF0FF337B617B686E
:10B6A000002B01D1002326E000237B821DE07B8A52
:10B6B0007A6813441B781A467B6953407B610023E8
:10B6C0003B820CE07B695A087B6903F00103594215
:10B6D000FB680B4053407B613B8A01333B823B8AD2
:10B6E000072BEFD97B8A01337B827A8A7B889A4247
:10B6F000DDD37B69DB4318461C37BD4680BC7047F1
:10B700002083B8ED80B584B002AF7860214A7B68B1
:10B710001360214B00225A701F4B00225A601E4BAF
:10B7200000229A601D4801F0BDFE002001F01CF8C7
:10B7300002F050F90021002002F0B0FC04220021A8
:10B74000012002F0DBFA002300224FF6FF714FF6D2
:10B75000FF7002F00BFA00F09BFE00230093104BE9
:10B7600000224FF0FF310F4804F0D6F80023009379
:10B770000D4B00224FF0FF310C4804F0CDF8094882
:10B7800004F06EF9094804F06BF900BF0837BD46B4
:10B7900080BD00BF54410020584100204DC8010821
:10B7A000D5C70108B0410020E9C70108C841002001
:10B7B00080B500AF01F0B8FE0346072B0AD0072B77
:10B7C0000ADC042B02D0052B02D005E0022304E0A2
:10B7D000012302E0032300E00023184680BD00009F
:10B7E00080B582B000AF0346FB71254AFB79137028
:10B7F000FB79184603F015F8FB79013B032B0BD8B6
:10B8000001A252F823F000BF27B801084DB8010883
:10B810005BB8010869B80108002002F049FA184B2A
:10B8200000225A7328E0012002F042FA144B5A7B9E
:10B83000134B1B7B9A421ED0114B1A7B104B5A7331
:10B840000F4B5B7B184600F08FFF14E0022002F0E4
:10B850002FFA0B4B00225A730EE0022002F028FA56
:10B86000074B00225A7307E0002002F021FA044B34
:10B8700000225A7300E000BF00BF0837BD4680BDFC
:10B880005841002080B582B000AF7860786802F03F
:10B89000C9F900BF0837BD4680BD80B590B00AAF7A
:10B8A000F860B9603B601346FB800123FB75002301
:10B8B000BB8200233B6100F0FEFD0020FFF790FFFC
:10B8C000F868FFF7DFFF01230993002308930023A3
:10B8D000079300230693002305930023049300237A
:10B8E00003930023029303230193BB680093002377
:10B8F0004FF41672B968002000F040F8002000F004
:10B90000E1FD00F05FFF03461846E6F710F804F08B
:10B91000C1F938610DE0002000F0A6FE0346BB82AD
:10B92000B7F91420B7F906309A4202DD0023FB75FF
:10B9300006E0386904F0C0F902463B689342EAD851
:10B9400000F0B9FDFB7D18461837BD4680BD80B5B7
:10B9500082B000AF00237B600120FFF741FF00238E
:10B9600000220021002002F001F901F0AEFE786013
:10B970007B6818460837BD4680BD000080B58AB098
:10B9800000AFB9607A601A460346FB731346BB7377
:10B99000BD4A97F85430537002F001FF97F85430C5
:10B9A000002B01D000233B8797F83C30002B04D0BC
:10B9B000B64A97F84030137002E0B44BFF221A7079
:10B9C000FB7B042B09D0042B00F3DA81002B00F061
:10B9D000BF80012B00F02C81D2E1012001F0BCFFDF
:10B9E000A94B002283F83820A74A7B68D363A64B73
:10B9F000092283F84420A44B4FF448721A64B868B3
:10BA000002F000FE03461A469F4B83F845209E4BEA
:10BA100000229A73BB8EDB009AB29B4B1A829A4B20
:10BA200000229A74984B1022DA74974B00221A75F0
:10BA3000954B00225A75954B1A78934B9A75924BF9
:10BA40000122DA75904B00221A760420FFF7C8FE17
:10BA50008F4802F0B9F98F4802F084FA8E4A07F154
:10BA60001C0392E8030083E8030007F11C03184657
:10BA700001F0A9FD40F2FF1001F0F4FD40F6B8001E
:10BA800000F010FE034687F8273097F8273023F0A0
:10BA9000100387F8273097F82730194640F6B8008A
:10BAA00000F0EEFD042140F6B90000F0E9FD40F69B
:10BAB0009B0000F0F7FD034687F8273097F8273002
:10BAC00023F01C0387F8273097F8273043F008034A
:10BAD000DBB2194640F69B0000F0D2FD40F2D16087
:10BAE00000F0E0FD034687F8273097F8273023F071
:10BAF000180387F8273097F8273043F01803DBB294
:10BB0000194640F2D16000F0BBFD40F2AC6000F09D
:10BB1000C9FD034687F8273097F8273023F07003D4
:10BB200087F8273097F8273043F05003DBB21946E7
:10BB300040F2AC6000F0A4FD3B8F4FF4FA5202FBE0
:10BB400003F31A467B68B2FBF3F34F4A936018E1A4
:10BB5000002001F001FF4C4B002283F838204A4AB4
:10BB60007B68D363484B0B2283F84420B86802F00B
:10BB700049FD03461A46444B83F84520424B0022B8
:10BB80009A73BB8EDB009AB23F4B1A823E4B042263
:10BB90009A743D4B1822DA743B4B00221A7597F8C1
:10BBA0003C3083F00103DBB21A46374B5A75374BF2
:10BBB0001A78354B9A7597F84430002B03D0324BE6
:10BBC000F222DA7502E0304B0122DA752E4B0122A7
:10BBD0001A7600F070FC2C4B93F83830002B14BF11
:10BBE00001230023DBB21846FFF7FAFD284802F0D4
:10BBF000EBF8284802F0B6F9284A07F1140392E856
:10BC0000030083E8030007F11403184601F0DBFC8E
:10BC100040F2FF1001F026FD3B8F4FF4FA5202FB79
:10BC200003F31A467B68B2FBF3F3174A9360A8E06C
:10BC3000002001F091FE144B012283F838207B682C
:10BC4000DAB2114B83F85020154ABB6813441A78B6
:10BC50000D4B83F851200C4ABB7B82F85230BB68F5
:10BC6000002B05D17B680B2B08D07B680C2B05D0F3
:10BC7000BB68012B16D17B680C2B13D1024B012220
:10BC800083F8532012E000BF58410020100100202B
:10BC90009041002066410020BC290208C429020806
:10BCA000C8330208394B002283F85320374B012256
:10BCB0009A73364B93F85030052B04D0334B93F8DE
:10BCC0005030062B0AD1BB8E0B2B03D82F4B0C22E6
:10BCD0009A8306E02D4ABB8E938302E02B4ABB8EEB
:10BCE000938397F83C20294B9A77294B1A78274B56
:10BCF000DA7797F84420254B83F8202097F85020D6
:10BD0000224B83F8212000F0D6FB204B93F83830EB
:10BD1000002B14BF01230023DBB21846FFF760FDA0
:10BD20001C4802F051F81C4802F01CF93B8FDBB2B2
:10BD3000184601F020FE154B93F82130012B0DD150
:10BD400040F2367002F068FA034623F00403DBB2D7
:10BD5000194640F2367002F04BFA0CE040F23670B1
:10BD600002F05AFA034643F00403DBB2194640F2EC
:10BD7000367002F03DFA054B4FF6FF729A6000E014
:10BD800000BF00BF2837BD4680BD00BF584100201E
:10BD900010010020904100206641002080B586B04F
:10BDA00000AFBA607B600346FB730B46BB7302F0C7
:10BDB000F6FCFB7B032B00F0D780032B00F3E6801F
:10BDC000002B02D0012B61D0E0E07C4B002283F8F5
:10BDD00038207A4A3B6AD363784B0B2283F844209D
:10BDE000786802F00FFC03461A46744B83F845202E
:10BDF000724ABB681364714B00229A733B8DDB005F
:10BE00009AB26E4B1A826D4B04229A746B4B1822B5
:10BE1000DA746A4B00221A7597F82C3083F001030C
:10BE2000DBB21A46654B5A7597F83030002B03D0B9
:10BE3000624BF222DA7502E0604B0122DA755F4B49
:10BE400001221A7600F037FB5C4B93F83830002B58
:10BE500014BF01230023DBB21846FFF7C1FC58488A
:10BE600001F0B2FF574802F07DF8574A07F110037E
:10BE700092E8030083E8030007F11003184601F07D
:10BE8000A2FB40F2FF1001F0EDFB80E04B4B0122E2
:10BE900083F838203B6ADAB2484B83F850204B4A8B
:10BEA0007B6813441A78454B83F85120434A97F82E
:10BEB000243082F852307B68002B05D13B6A0B2B73
:10BEC00008D03B6A0C2B05D07B68012B07D13B6A5D
:10BED0000C2B04D1394B012283F8532003E0374B5C
:10BEE000002283F85320354B01229A73334B93F889
:10BEF0005030052B04D0314B93F85030062B0AD12B
:10BF00003B8D0B2B03D82D4B0C229A8306E02B4A3A
:10BF10003B8D938302E0294A3B8D938397F82C2035
:10BF2000264B9A772A4B1A78244BDA7797F83020E9
:10BF3000224B83F8202097F83C20204B83F82120C7
:10BF400000F0B9FA1D4B93F83830002B14BF0123D1
:10BF50000023DBB21846FFF743FC194801F034FF19
:10BF6000184801F0FFFF12E00320FFF739FC134BE4
:10BF7000022283F83820114A3B6A93640F4B162241
:10BF800083F84C200E4801F01FFF00E000BF97F936
:10BF90000E30184602F048FA03461A46074B83F85B
:10BFA0005620064B93F85630184602F00CFC034A14
:10BFB0003B6C536000BF1837BD4680BD5841002020
:10BFC0009041002066410020C4290208C8330208BD
:10BFD0001001002080B483B000AF786001231846C0
:10BFE0000C37BD4680BC704780B485B000AF0346B7
:10BFF000FB710023FB60FB790A2B3ED801A252F8AB
:10C0000023F000BF31C0010841C0010851C0010840
:10C0100061C0010869C001086FC0010875C001084E
:10C020007BC0010839C0010849C0010859C0010896
:10C0300041F68463FB6020E042F6B103FB601CE044
:10C0400043F60953FB6018E045F26113FB6014E00E
:10C0500047F61223FB6010E04AF2C323FB600CE0BA
:10C060004FF22443FB6008E0074BFB6005E0074B01
:10C07000FB6002E0064BFB6000BFFB68184614370C
:10C08000BD4680BC704700BF48E8010090D0030067
:10C0900020A1070080B483B000AF78600846114645
:10C0A0001A460346FB700B463B801346BB703B8829
:10C0B000DB00BA7882F00102D2B2002A01D0082255
:10C0C00000E00022134403F118023B7C397D002973
:10C0D00001D0022100E000210B44DB00134418468C
:10C0E0000C37BD4680BC704780B48BB000AFF860A1
:10C0F000B96011461A460B46FB711346BB80FB79AB
:10C1000004337B61002387F82730BB68052B02D0FE
:10C11000BB68062B04D1BB880B2B01D80C23BB803A
:10C12000FB68002B05D1BB680B2B08D0BB680C2B20
:10C1300005D0FB68012B05D1BB680C2B02D1012374
:10C1400087F8273097F83430DB0097F83820002A3A
:10C1500001D0102200E0002213441A46BB689B0065
:10C16000D31A97F83020002A01D0002200E01422D0
:10C170001344FB61BB68062B03D8BB689B003B6282
:10C180000EE0FB690833FB6197F82730002B04D0E1
:10C19000BB68023B9B003B6202E0BB689B003B62CA
:10C1A000FB69002B01DA0023FB61FA693B6A134447
:10C1B0005A1E3B6A92FBF3F37A6903FB02F2BB88D7
:10C1C00013440C33BB61BB68062B02D8BB69023336
:10C1D000BB61BB699B005A1CBB68023B02FA03F3BC
:10C1E00018462C37BD4680BC7047000080B58AB029
:10C1F00004AFB9607A601A460346FB731346BB73FB
:10C2000000237B6101233B61FB7B002B02D0012BD0
:10C2100017D035E097F824003A8CB97B97F82C308A
:10C22000019397F82830009303467868FFF732FFB0
:10C2300003464FF47A7202FB03F37B617B683B6138
:10C240001EE0398CBA7B97F82C30029397F828308F
:10C25000019397F8243000930B467968B868FFF78C
:10C2600043FF03464FF47A7202FB03F37B610A4AF1
:10C27000BB6813441B781846FFF7B6FE386100BF51
:10C280007A693B6913445A1E3B69B2FBF3F31846C3
:10C290001837BD4680BD00BFC833020880B584B0E2
:10C2A00000AF78600B46FB700023002240F20121B2
:10C2B00040F2012001F05AFC704B93F856300121F6
:10C2C000184602F089F86D4B1B78012B12D16B4B8D
:10C2D00093F85130062B0DD140F6890001F09CFFF8
:10C2E000034623F00403DBB2194640F6890001F04F
:10C2F0007FFF0CE040F6890001F08EFF034643F01B
:10C300000403DBB2194640F6890001F071FF5B4B74
:10C310001B78032B00F2A58001A252F823F000BF86
:10C320004BC3010831C30108ABC30108CBC30108EB
:10C33000524AFB78D377524801F014FEFB78002272
:10C340001946786801F02CF98CE002F02EFA0346C9
:10C35000012B1DD107F10D02FB781946786802F018
:10C360003CFA0346002B0CD17A7B444B9A75444827
:10C3700001F0F8FD7B7B00221946786801F010F986
:10C3800070E0404B01220021022002F093FA72E09B
:10C390003A4AFB7893753A4801F0E4FDFB780022B5
:10C3A0001946786801F0FCF85CE0344B02229A737D
:10C3B000324AFB789376324801F0D4FDFB780022B4
:10C3C0001946786801F0ECF84CE0FB781A46796879
:10C3D0002D4800F068FC294B02229A73FB78013348
:10C3E000DAB2264B9A76264801F0BCFD0021F120F6
:10C3F00000F046F90021F02000F042F91F4B9B6C41
:10C40000642B08D17021F32000F03AF91D21F220AD
:10C4100000F036F907E0E121F32000F031F90421C2
:10C42000F22000F02DF9FB789BB2DB009BB20233C7
:10C43000FB81FB891B0A9BB2DBB21946F42000F09A
:10C440001FF9FB89DBB21946F52000F019F9FB78DA
:10C450000133DBB26FF07F4219460B4801F0A0F8C0
:10C4600000E000BF054B5B681946084803F068FB15
:10C47000064803F087FA1037BD4680BD58410020BA
:10C4800066410020CC29020854400020B041002021
:10C4900080B582B000AF00233B713B7943F00403C9
:10C4A0003B71387901F058F90220E5F740FA00BFF6
:10C4B0000837BD4680BD80B500AF002001F080F98F
:10C4C00000BF80BD80B582B000AF786002F06DF92A
:10C4D0000346012B02D102F090F907E0002300226D
:10C4E00040F2622140F2622001F040FB7B68002BA9
:10C4F00006D079680F4803F023FB0E4803F042FA98
:10C500000D4B93F856300021184601F065FF0A4B99
:10C510005B78002B04D06FF07F4001F08DF905E0CF
:10C52000054B9B689B01184601F086F900BF083750
:10C53000BD4680BDC84100205841002080B582B072
:10C5400000AF786002F031F90346012B02D102F00E
:10C5500054F907E00023002240F2622140F26220F9
:10C5600001F004FB7B68002B06D079680F4803F0CC
:10C57000E7FA0E4803F006FA0D4B93F85630002107
:10C58000184601F029FF0A4B5B78002B04D06FF0AE
:10C590007F4001F071F905E0054B9B689B0118464F
:10C5A00001F06AF900BF0837BD4680BDC8410020D0
:10C5B0005841002080B582B000AF78603960074BE9
:10C5C00093F856300021184601F006FF3968786864
:10C5D00001F076F900BF0837BD4680BD5841002004
:10C5E00080B500AF094B93F856300021184601F092
:10C5F000F3FE002300224FF4C0714FF4C07001F02D
:10C60000B5FA01F089F900BF80BD00BF5841002094
:10C6100080B584B000AF78600B46FB7013463B805A
:10C620003B884FF47A7202FB03F3FB60786801F0F9
:10C63000F9FA97F90330184601F0F6FE0346FB724B
:10C64000FB7A0121184601F0C7FE01F073F9F96881
:10C65000044803F075FA034803F094F900BF10375B
:10C66000BD4680BDB041002080B582B000AF03461A
:10C67000FB7101F02AFD034618460837BD4680BD10
:10C6800080B582B000AF03460A46FB8013467B713B
:10C690007A79FB881146184601F0AAFD00BF0837D9
:10C6A000BD4680BD80B582B000AF0346FB80FB88ED
:10C6B000184601F0B1FD034618460837BD4680BD57
:10C6C00080B582B000AF03463960FB8013467B71B2
:10C6D0007B799AB2FB883968184601F0B1FD00BF3A
:10C6E0000837BD4680BD80B582B000AF03463960D3
:10C6F000FB8013467B717B799AB2FB8839681846B8
:10C7000001F0C0FD00BF0837BD4680BD80B582B0D6
:10C7100000AF03460A46FB711346BB71FB79012B40
:10C720000AD10E4ABB7913700C4B1A780C4BDA778E
:10C730000C4801F017FC0DE0094B5B7D012B09D182
:10C74000064ABB791370054B1A78054B9A75054854
:10C7500001F008FC00BF0837BD4680BD1001002075
:10C76000584100206641002080B582B000AF0346EA
:10C77000FB71134AFB791373114B1A7B104B5A73DD
:10C780000120FFF72DF8FB79002B0AD034214FF45C
:10C79000E86001F02DFD442140F2417001F028FDD8
:10C7A00009E014214FF4E86001F022FD242140F259
:10C7B000417001F01DFD00BF0837BD4680BD00BFC0
:10C7C0005841002080B500AF01F062FE03460333FC
:10C7D000184680BD80B582B000AF786000F00EF8DA
:10C7E00000BF0837BD4680BD80B582B000AF78601D
:10C7F00000F018F800BF0837BD4680BD80B500AF17
:10C80000074B1B68002B08D0054B1B685B68002B8F
:10C8100003D0034B1B685B68984700BF80BD00BF17
:10C820005441002080B500AF074B1B68002B08D097
:10C83000054B1B68DB68002B03D0034B1B68DB68D0
:10C84000984700BF80BD00BF5441002080B582B032
:10C8500000AF0346FB80054AFB88A2F8543000F085
:10C8600007F800BF0837BD4680BD00BF5841002013
:10C87000B0B582B000AF0023FB7100233B60B64B24
:10C88000B3F85430B3F5007F00F00D81B3F5007FAD
:10C8900000F3B781B3F5807F00F0F180B3F5807FBE
:10C8A00000F3AF81802B00F0D680802B00F3A981AC
:10C8B000202B49DC002B40F3A481013B1F2B00F20D
:10C8C000A08101A252F823F051C901088BC90108C7
:10C8D00003CC010821CB010803CC010803CC0108DB
:10C8E00003CC01082FCB010803CC010803CC0108BD
:10C8F00003CC010803CC010803CC010803CC0108D8
:10C9000003CC01084BCB010803CC010803CC010880
:10C9100003CC010803CC010803CC010803CC0108B7
:10C9200003CC010803CC010803CC010803CC0108A7
:10C9300003CC010803CC010803CC010803CC010897
:10C9400003CC010885CB0108402B00F03C8158E165
:10C95000824803F085F8002000F032FF01F02CFF40
:10C960000346012B01D101F050FF7D4B1B68002BCA
:10C9700000F049817A4B1B681B68002B00F0438153
:10C98000774B1B681B6898473DE1764803F068F8D1
:10C99000714B5B7883F00103DBB2002B14D00020D5
:10C9A00000F00EFF002140F6021001F021FC40F6DD
:10C9B000441001F031FC034643F00203DBB2194698
:10C9C00040F6441001F014FCFB1DFF221946664896
:10C9D00000F0C4FD654801F0B9FB614B1B68002BFA
:10C9E00000F013815E4B1B689B68002B00F00D81EB
:10C9F000594B93F82430012B0ED1594B1B689C687E
:10CA0000FB791946544B93F930301A46524B93F93F
:10CA100031305548A0471DE04F4BDB6B3A4611467D
:10CA2000184601F017FE4E4B1B689C68FB791946AF
:10CA3000494B93F9293018463B6803F5FA734C4A81
:10CA400082FB03529211DB17D31A5BB202464648AF
:10CA5000A04700BFD9E0002000F0B2FE404B1B68A9
:10CA6000002B00F0D4803E4B1B689B69002B00F02C
:10CA7000CE803B4B1B689B6900209847C7E0002095
:10CA800000F09EFE364B1B68002B00F0C280344B3A
:10CA90001B689B69002B00F0BC80314B1B689B69B5
:10CAA00001209847B5E0334B01220021022001F01C
:10CAB00001FF00F039FD0346042B15D1274802F091
:10CAC000CFFF002000F07CFE254B1B68002B00F000
:10CAD000A280234B1B685B68002B00F09C80204BDE
:10CAE0001B685B68984796E000F01EFD0346052B27
:10CAF00040F091801B4802F0B3FF002000F060FE80
:10CB0000174B1B68002B00F08680154B1B68DB68F9
:10CB1000002B00F08080124B1B68DB6898477AE09E
:10CB2000154B01220021022001F0C4FE7AE0134BD4
:10CB300001220021022001F0BDFE01F036FE034675
:10CB4000012B6AD101F067FE67E00D4B0122002145
:10CB5000022001F0AFFE65E058410020B041002006
:10CB600054410020C8410020544000207C41002056
:10CB7000D34D6210E4290208F8290208042A0208A9
:10CB8000102A0208294802F06BFF294B5B7883F0DA
:10CB90000103DBB2002B02D0002000F011FE254B78
:10CBA0001B68002B3BD0234B1B68DB68002B36D067
:10CBB000204B1B68DB6898471F4B01220021022095
:10CBC00001F078FE2BE01D4B01220021022001F034
:10CBD00071FE174B5B7883F00103DBB2002B02D0B0
:10CBE000002000F0EDFD134B1B68002B19D0114BFA
:10CBF0001B681B69002B14D00E4B1B681B699847E0
:10CC00000FE000BF0EE000BF0CE000BF0AE000BF75
:10CC100008E000BF06E000BF04E000BF02E000BF84
:10CC200000E000BF00BF0837BD46B0BDC8410020CE
:10CC300058410020544100201C2A0208282A0208DA
:10CC400080B500AF094B93F856300121184601F02A
:10CC5000C3FB074B2D214FF4D760984700F073FEBC
:10CC6000044800F0C9FD00BF80BD00BF584100204E
:10CC700081C60108FFFF0F0080B584B000AF0346F6
:10CC8000FB7197F90730184601F0CEFB0346FB73A2
:10CC9000FB7B0121184601F09FFB00F04BFE00BF1B
:10CCA0001037BD4680BD80B489B000AFF860B96070
:10CCB0001346FB710023FB770023BB610023BB619C
:10CCC00011E0BB69BA6813441A78BB69B9680B44B0
:10CCD000D243D2B21A70BB69FA68134400221A70A8
:10CCE000BB690133BB61FB79BA699A42E9DB002376
:10CCF000BB6149E0BB695A4203F0070302F0070237
:10CD000058BF5342DBB2C3F10703FB75BB69002B6D
:10CD100000DA0733DB10BB75BB6901335A4203F0FD
:10CD2000070302F0070258BF5342DBB2C3F1070307
:10CD30007B75BB690133002B00DA0733DB103B75D1
:10CD4000BB7DBA6813441B781A46FB7D42FA03F395
:10CD5000DBB203F00103FB74FA7FFB7C5340FB77EB
:10CD60003B7DFA6813441B785AB2F97F7B7D01FA48
:10CD700003F35BB2134359B23B7DFA681344CAB262
:10CD80001A70BB690133BB61FB79DB00BA699A4257
:10CD9000B0DB97F91F30DB015AB297F91F309B01C6
:10CDA0005BB213435BB2FA7F002A01D1202200E07C
:10CDB0000022134359B2FB79FA681344CAB21A70BD
:10CDC00000BF2437BD4680BC7047000080B58CB0E2
:10CDD00000AFB9607A603B600346FB7300237B625F
:10CDE00007F11C0300221A605A6001F0D8FC7B682E
:10CDF000002B01D000233B607B68002B14BF012374
:10CE00000023DAB29F4B5A70FB7B002B03D0012B1F
:10CE100000F0E880A1E1BB68DB68002B03D0BB68B1
:10CE20001B69002B02D14FF0FF3397E1BB685B7D9C
:10CE3000082B02D94FF0FF3390E10023BB620DE0D5
:10CE4000BB689A69BB6A1344197807F11C02BB6A74
:10CE500013440A461A70BB6A0133BB62BB685B7D30
:10CE60001A46BB6A9342EBDBBB681B68002B14BFFE
:10CE700001230023DBB2184600F06EFD814B002237
:10CE800083F83820BB68DB687E4AD363BB681A79B5
:10CE90007C4B83F84420BB689B68184601F0B2FBCA
:10CEA00003461A46774B83F84520764B00229A7347
:10CEB000BB681B699BB2DB009AB2724B1A82BB68DB
:10CEC0001A7D704B9A74BB685B7DDB00DAB26D4BE8
:10CED000DA74BB6893F822206A4B1A75BB6893F822
:10CEE0002330002B05D1BB68DB69DAB2654B9A753C
:10CEF0000BE0BB6893F82330022B03D1614BFF2278
:10CF00009A7502E05F4BFF229A75BB6893F82A304E
:10CF1000022B04D0BB6893F82330022B2DD1BB68C1
:10CF200093F82430F12B0CD0BB6893F82430F22B0B
:10CF300007D0BB6893F82430012B02D04FF0FF33A9
:10CF40000CE100233B76BB687B614F4B196807F10E
:10CF500010034E4A184601F015FC0346002B02D080
:10CF60004FF0FF33FAE0474B00221A76454B01227F
:10CF7000DA75444B00225A750EE0BB6893F8242002
:10CF8000404BDA75BB6893F82A203E4B1A76BB6893
:10CF900093F823203B4B5A75FFF78DFA0020FEF7DC
:10CFA0001FFC3B4800F010FF3A4800F0DBFF07F1A0
:10CFB0001C03184600F007FBBB681B8C184600F0EA
:10CFC00051FBBB68DB8C184600F02CFB3B684FF430
:10CFD000FA5203FB02F2BB68DB68B2FBF3F3294AA7
:10CFE0009360BAE0BB689B8E002B02D14FF0FF33F9
:10CFF000B4E0BB6893F83630012B04D1BB68DB6921
:10D0000087F82F3002E0FF2387F82F30BB68DB6AF8
:10D01000002B14BF01230023DBB2184600F09CFC58
:10D020003B68DBB2184600F0A6FC164B012283F8E1
:10D030003820BB6893F83020124B83F85020BB682F
:10D0400093F831200F4B83F85120BB6893F83220BE
:10D050000C4B83F85220BB6893F83330022B1BD063
:10D06000022B2DDC002B02D0012B05D028E0054B34
:10D07000002283F8532024E0024B012283F853203E
:10D080001FE000BF5841002054410020C84100204B
:10D090009041002066410020BB6893F830300B2B94
:10D0A00004D0BB6893F830300C2B04D12D4B0122F7
:10D0B00083F8532005E02B4B002283F8532000E037
:10D0C00000BF284B01229A73BB689A8E254B9A8326
:10D0D000BB6893F83620234B9A77224A97F82F3073
:10D0E000D377BB6893F838201E4B83F82020BB68A9
:10D0F00093F839201B4B83F82120FFF7DCF901203E
:10D10000FEF76EFB184800F05FFE184800F02AFF9B
:10D11000144B93F82130012B0DD140F2367001F001
:10D120007BF8034623F00403DBB2194640F2367065
:10D1300001F05EF80CE040F2367001F06DF8034645
:10D1400043F00403DBB2194640F2367001F050F8A8
:10D15000044B4FF6FF729A6000BF7B6A1846303767
:10D16000BD4680BD5841002090410020664100200E
:10D1700080B58AB000AFB9607B600346FB7313468D
:10D18000BB7307F11C0300221A605A6001F007FB11
:10D19000FB7B022B00F04481022B00F36081002B0B
:10D1A00003D0012B00F0B78059E1BB689B68002BCE
:10D1B00003D0BB681B69002B02D14FF0FF3363E142
:10D1C000BB681B7D082B02D94FF0FF335CE10023C5
:10D1D0007B620DE0BB689A697B6A1344197807F19A
:10D1E0001C027B6A13440A461A707B6A01337B6215
:10D1F000BB681B7D1A467B6A9342EBDBA44B002283
:10D2000083F83820BB689B68A14AD363BB681A784F
:10D210009F4B83F84420BB685B68184601F0F2F925
:10D2200003461A469A4B83F84520BB68DB68984A48
:10D230001364974B00229A73BB681B699BB2DB0097
:10D240009AB2934B1A82924B04229A74BB681B7D4C
:10D25000DB00DAB28E4BDA748D4B00221A75BB6894
:10D2600093F82430022B03D0BB689B7F022B2AD17A
:10D27000BB68DB7FF12B0AD0BB68DB7FF22B06D0CB
:10D28000BB68DB7F012B02D04FF0FF33FCE00123B2
:10D290003B76BB683B617F4B196807F110037E4A00
:10D2A000184601F06FFA0346002B02D04FF0FF330F
:10D2B000EAE0774B00221A76754B0122DA75744B3F
:10D2C00000225A750CE0BB68DA7F714BDA75BB68D7
:10D2D00093F824206E4B1A76BB689A7F6C4B5A7574
:10D2E000FFF7E9F80020FEF77BFA6C4800F06CFDD0
:10D2F0006B4800F037FE07F11C03184600F063F995
:10D30000BB689B8B184600F0ADF9BB681B8C1846B8
:10D3100000F088F9A4E05E4B012283F83820BB6856
:10D3200093F828205A4B83F85020BB6893F82920A3
:10D33000574B83F85120BB6893F82A20544B83F84D
:10D340005220BB6893F82B30022B10D0022B22DC2A
:10D35000002B02D0012B05D01DE04D4B002283F89D
:10D36000532019E04A4B012283F8532014E0BB6894
:10D3700093F828300B2B04D0BB6893F828300C2B83
:10D3800004D1434B012283F8532005E0404B002297
:10D3900083F8532000E000BF3D4B01229A73BB6825
:10D3A0009A8D3B4B9A83BB6893F82E20384B9A7723
:10D3B000BB6893F82F20364B83F82020BB6893F886
:10D3C0003020334B83F82120FFF775F80120FEF75A
:10D3D00007FA324800F0F8FC314800F0C3FD2C4B4E
:10D3E00093F85130062B0DD140F6890000F014FF60
:10D3F000034623F00403DBB2194640F6890000F02F
:10D40000F7FE2DE040F6890000F006FF034643F0EA
:10D410000403DBB2194640F6890000F0E9FE1FE084
:10D42000BB685B6B002B04D0BB685B6BB3F57A7F8A
:10D4300002D94FF0FF3327E00220FEF7D1F9144B59
:10D44000022283F83820BB685B6B114A9364104B4F
:10D45000162283F84C20114800F0B6FC00E000BF13
:10D4600097F90E30184600F0DFFF03461A46084BC6
:10D4700083F85620064B93F85630184601F0A3F96E
:10D48000034A7B685360002318462837BD4680BD99
:10D490005841002054410020B0410020904100201C
:10D4A0006641002080B584B000AF78607B68002BB7
:10D4B00002D01A4A7B681360E4F77EF8022001F07C
:10D4C0007FF8174B00221A70002000F079F9EEF770
:10D4D00062FF0346012B0ED14021012000F080FBAA
:10D4E000002140F6111000F083FE7F233B73387B50
:10D4F00000F087FA09E0202140F6111000F078FED4
:10D50000202140F6121000F073FEEEF728FF054BC5
:10D5100001221A7000BF1037BD4680BDEC410020CB
:10D52000E8410020E041002080B400AF024B1B78AE
:10D530001846BD4680BC7047E041002080B582B0EF
:10D5400000AF78600B46FB70FB781A4679680020C4
:10D5500000F0BAFE00BF0837BD4680BD80B586B07A
:10D5600000AFF860B9601346FB710023FB7507F14B
:10D5700017031946B86800F0BDFDBB681B78FA793F
:10D580009A4201D2012307E0F87DBB681B781A4656
:10D59000F96800F0BBFE002318461837BD4680BD71
:10D5A00080B584B000AFF8600B467A60FB72FB7AFE
:10D5B0001946F868FFF7C2FF786800F01DF900BF50
:10D5C0001037BD4680BD80B582B000AF78600822BC
:10D5D00079684FF4D86000F033FE0023184608370E
:10D5E000BD4680BD80B584B000AF0346FB80FB889C
:10D5F0001B0A9BB2DBB23B73FB88DBB27B7300F090
:10D6000073FB0346002B08D107F10C0302221946D5
:10D6100040F2BC6000F014FE00E000BF00BF103715
:10D62000BD4680BD80B584B000AF0346FB80FB885B
:10D630001B0A9BB2DBB23B73FB88DBB27B7300F04F
:10D6400053FB0346002B08D107F10C0302221946B5
:10D6500040F2BE6000F0F4FD00E000BF00BF1037F4
:10D66000BD4680BD80B584B000AF0346FB8000237B
:10D67000FB7300F039FB0346002B21D14FF4D76038
:10D6800000F0CAFD034623F00103FB73FB881B0A6D
:10D690009BB25BB203F001035AB297F90F30134308
:10D6A0005BB2FB73FB7B19464FF4D76000F0A0FD23
:10D6B000FB88DBB2194640F2B96000F099FD00E04A
:10D6C00000BF00BF1037BD4680BD80B582B000AF3F
:10D6D00000233B600023FB710023BB7140F6E20096
:10D6E00000F09AFD0346FB71FB7923F00103DBB2E6
:10D6F000194640F6E20000F07BFD40F6E50000F040
:10D700008BFD0346BB71BB7903F07F03DBB2194687
:10D7100040F6E50000F06CFD6FF07F4000F08CF803
:10D720003B460422194640F6190000F0ABFD0020EC
:10D7300000F046F8FB79194640F6E20000F058FD8B
:10D74000BB79194640F6E50000F052FD3B681846EB
:10D750000837BD4680BD000080B584B000AF387189
:10D760000020EEF703FE022000F02AFF3B79C3F30E
:10D770008003DBB25BB29B005AB23B79C3F3400338
:10D78000DBB25BB25B005BB213435AB23B79C3F3CB
:10D790000003DBB25BB213435BB2DBB2FB7307F196
:10D7A0000F0301221946842000F0D2FD034B002212
:10D7B0001A7000BF1037BD4680BD00BFE041002099
:10D7C00080B582B000AF0346FB71FB1D01221946F4
:10D7D000802000F0BDFDFB79002B03D1054B012219
:10D7E0001A7002E0034B02221A7000BF0837BD46D0
:10D7F00080BD00BFE041002080B584B000AF7860FC
:10D800000C4B04221A707B681B0CDBB23B737B68E9
:10D810001B0ADBB27B737B68DBB2BB7307F10C03C3
:10D8200003221946832000F093FD00BF1037BD4648
:10D8300080BD00BFE041002080B584B000AF7860BB
:10D840000C4B05221A707B681B0CDBB23B737B68A8
:10D850001B0ADBB27B737B68DBB2BB7307F10C0383
:10D8600003221946822000F073FD00BF1037BD4629
:10D8700080BD00BFE041002080B584B000AF78607B
:10D880000E4B05221A70972140F6AC0000F0B0FC58
:10D890007B681B0CDBB23B737B681B0ADBB27B73C0
:10D8A0007B68DBB2BB7307F10C03032219468220AD
:10D8B00000F04EFD00BF1037BD4680BDE0410020A6
:10D8C00080B584B000AF786039607B681B0CDBB238
:10D8D0003B727B681B0ADBB27B727B68DBB2BB727C
:10D8E0003B681B0CDBB2FB723B681B0ADBB23B7371
:10D8F0003B68DBB27B7307F10803062219469420CC
:10D9000000F026FD034B06221A7000BF1037BD46FB
:10D9100080BD00BFE041002080B500AF00220021A3
:10D92000C52000F015FD024B07221A7000BF80BD14
:10D93000E041002080B500AF00220021D12000F09E
:10D9400007FD00BF80BD80B500AF00220021D220BE
:10D9500000F0FEFC00BF80BD80B582B000AF034682
:10D96000FB71FB1D012219469F2000F0F1FC00BF56
:10D970000837BD4680BD80B584B000AF0346FB715B
:10D98000FB1D01221946A02000F0E2FCFB793F2B91
:10D990001CD9FB795B08FB730023BB7300237B73EB
:10D9A00005E0FB7B9B08FB73BB7B0133BB73FB7BFD
:10D9B0001F2BF6D8FB7BDB00DAB2BB7B13447B73F7
:10D9C0007B7B194640F2067000F012FC00BF103756
:10D9D000BD4680BD80B582B000AFEEF7E3FC0346E4
:10D9E000012B02D10123FB7101E00023FB71FB1D20
:10D9F00001221946962000F0ABFC00BF0837BD4657
:10DA000080BD80B584B000AF38713B79C3F380131B
:10DA1000DBB25BB29B015AB23B79C3F34013DBB27A
:10DA20005BB25B015BB213435AB23B79C3F30013A1
:10DA3000DBB25BB21B015BB213435AB23B79C3F357
:10DA4000C003DBB25BB2DB005BB213435AB23B797B
:10DA5000C3F38003DBB25BB29B005BB213435AB2E9
:10DA60003B79C3F34003DBB25BB25B005BB21343B1
:10DA70005AB23B79C3F30003DBB25BB213435BB230
:10DA8000DBB2FB7307F10F0301221946892000F076
:10DA90005FFC00BF1037BD4680BD000080B584B07C
:10DAA00000AF78607B681B4A934204D9E1233B7343
:10DAB000E9237B7322E07B68174A934204D9D7237A
:10DAC0003B73DB237B7319E07B68144A934204D9D0
:10DAD000C1233B73C5237B7310E07B68104A9342DC
:10DAE00004D975233B7381237B7307E07B680D4A60
:10DAF000934203D96B233B736F237B7307F10C03B2
:10DB000002221946982000F023FC00BF1037BD46C2
:10DB100080BD00BF00E9A43580F8A9328044E52D1E
:10DB2000000B6B1B40FC541990B585B000AF044648
:10DB3000084611461A462346FB710346BB710B4645
:10DB40007B7113463B71FB793B73BB797B737B79AC
:10DB5000BB733B79FB7307F10C0304221946952034
:10DB600000F0F6FB00BF1437BD4690BD90B585B000
:10DB700000AF0446084611461A462346FB8003467A
:10DB8000BB800B467B8013463B80FB881B0A9BB205
:10DB9000DBB23B72FB88DBB27B72BB881B0A9BB299
:10DBA000DBB2BB72BB88DBB2FB727B881B0A9BB209
:10DBB000DBB23B737B88DBB27B733B881B0A9BB277
:10DBC000DBB2BB733B88DBB2FB7307F108030822AF
:10DBD0001946082000F0BCFB00BF1437BD4690BDBD
:10DBE00080B584B000AF03463960FB71FB7903F068
:10DBF0000703DBB23B733B681B0CDBB27B733B68F8
:10DC00001B0ADBB2BB733B68DBB2FB7307F10C038F
:10DC100004221946972000F09BFB00BF1037BD4639
:10DC200080BD00002DE9B04384B000AF78600023D0
:10DC3000FB601D4B1B7883F00103DBB2002B05D08A
:10DC40007868FFF72BFF184B01221A707B680022BF
:10DC50001C4615464FEAD4194FEA4468134A4FF060
:10DC6000000340464946E2F70DFE02460B461346C6
:10DC7000FB60FB681B0EDBB23B72FB681B0CDBB26C
:10DC80007B72FB681B0ADBB2BB72FB68DBB2FB7208
:10DC900007F1080304221946862000F059FB00BF53
:10DCA0001037BD46BDE8B083E84100200048E801D8
:10DCB00080B582B000AF0346FB71FA79094B1A7048
:10DCC000FB79002B04D1002140F2AC6000F090FA07
:10DCD000FB1D012219468A2000F03AFB00BF0837DD
:10DCE000BD4680BDE141002080B400AF024B1B78EF
:10DCF0001846BD4680BC7047E141002080B584B025
:10DD000000AF0346FB710B46BB7113467B71FB7979
:10DD1000012B24D197F906300F2B06D101230122C4
:10DD200000210620FFF700FF05E00123012200216A
:10DD30000420FFF7F9FE97F906300D2B02DD0E23C4
:10DD4000BB7106E097F9063013F1110F01DAEF23EA
:10DD5000BB71182140F6E70000F04AFA25E040F6D2
:10DD6000D80000F059FA034643F01E03DBB219460F
:10DD700040F6D80000F03CFA0123002207210420DD
:10DD8000FFF7D2FE97F90630162B02DD1623BB7182
:10DD900006E097F9063013F1090F01DAF723BB719A
:10DDA000382140F6E70000F023FABB793B737B791A
:10DDB0007B7307F10C03022219468E2000F0C8FA8B
:10DDC00000BF1037BD4680BD2DE9B04386B000AF1F
:10DDD000786000237B6107F1080300221A605A6013
:10DDE0007B681A785C4B1B789A4204D07B681B785E
:10DDF0001846FFF75DFF7B681B78032B00F2A580B8
:10DE000001A252F823F000BF19DE0108D9DE010893
:10DE10009BDE010807DF01080823FB747B685B6851
:10DE20004E4AB2FBF3F37B617B691B0CDBB23B72A6
:10DE30007B691B0ADBB27B727B69DBB2BB727B68DE
:10DE40001B7BFB727B685B7B3B737B689B68002260
:10DE50001C4615464FEAD4194FEA4468404A4FF031
:10DE6000000340464946E2F70DFD02460B461346C5
:10DE70007B617B691B0CDBB27B737B691B0ADBB2AA
:10DE8000BB737B69DBB2FB73FB7C9AB207F10803BF
:10DE900019468B2000F05CFA58E00423FB747B6881
:10DEA0001B692E4AB2FBF3F37B617B691B0CDBB26F
:10DEB0003B727B691B0ADBB27B727B69DBB2BB7294
:10DEC0007B681B7DFB72FB7C9AB207F10803194645
:10DED0008B2000F03DFA39E00423FB747B681B7E45
:10DEE0003B727B685B7E7B727B689B7EBB727B68D0
:10DEF000DB7EFB72FB7C9AB207F1080319468B208C
:10DF000000F026FA22E00523FB747B685B68134A65
:10DF1000B2FBF3F37B617B691B0CDBB23B727B6969
:10DF20001B0ADBB27B727B69DBB2BB727B681B7B3B
:10DF3000FB727B685B7B3B73FB7C9AB207F1080347
:10DF400019468B2000F004FA00E000BF00BF18372C
:10DF5000BD46BDE8B08300BFE14100200000093D9F
:10DF60000048E80180B586B000AF78600023BB753B
:10DF700007F10C0300221A605A601A727B681A7843
:10DF8000444B1B789A4204D07B681B781846FFF7F5
:10DF90008FFE7B681B78032B78D801A252F823F000
:10DFA000B1DF010841E0010835E00108B1DF0108F7
:10DFB0007B685B7AF12B0AD14FF6FF70FFF712FBFB
:10DFC00048F20500FFF72EFB0223BB7511E07B68CA
:10DFD0005B7AF22B0AD141F60F50FFF703FB41F2B7
:10DFE0002100FFF71FFB0623BB7502E07B685B7A0D
:10DFF000BB750923FB757B685B881B0A9BB2DBB290
:10E000003B737B685B88DBB27B737B681B79BB737C
:10E010007B685B79FB737B689B793B747B68DB79FE
:10E020007B747B681B7ABB74BB7DFB747B689B7ABB
:10E030003B7522E00123FB757B681B7B3B731CE077
:10E040000623FB757B68DB891B0A9BB2DBB23B7343
:10E050007B68DB89DBB27B737B681A7C0E4B1146D5
:10E0600019701346BB737B685B7CFB737B689B7C7E
:10E070003B747B68DB7C7B7400BFFB7D9AB207F14D
:10E080000C0319468C2000F063F900E000BF18373C
:10E09000BD4680BDE1410020E241002080B584B052
:10E0A00000AF03460A46FB711346BB71FB793B7315
:10E0B000BB797B7307F10C03022219468F2000F015
:10E0C00047F900BF1037BD4680BD80B582B000AFB4
:10E0D0000023FB713B1D01221946152000F05AF95F
:10E0E0003B795B425B10FB7197F9073018460837A4
:10E0F000BD4680BD80B584B000AF7860396007F15F
:10E100000C0302221946132000F044F9FFF7ECFD3E
:10E110000346012B0DD10C4B1B78DBB2012B08D130
:10E1200040F2027000F078F803461A467B681A70D5
:10E1300002E03A7B7B681A707A7B3B681A7000BFFA
:10E140001037BD4680BD00BFE241002080B584B0DD
:10E1500000AF786007F10C0303221946142000F089
:10E1600019F9FFF7C1FD03461A467B681A707B68F0
:10E170001B78002B02D0012B13D02AE03A7B7B685E
:10E180001A717B7B5B425B105AB27B689A71BB7BD6
:10E190005B425B105AB27B685A717B6800229A60BE
:10E1A00020E03B7B5B425B105AB27B681A737B7B3F
:10E1B0005BB202339B105AB27B685A73BB7B5B42E3
:10E1C0005B105AB27B689A73084B1A687B681A61B5
:10E1D00008E014220021786800F07DFE7B680F22A1
:10E1E0001A7000BF00BF1037BD4680BDE44100205B
:10E1F00080B582B000AF03460A46FB8013467B71B0
:10E200007A1DF98801230348E8F7E2FD00BF0837CB
:10E21000BD4680BD740A002080B584B000AF0346BF
:10E22000FB8007F10F02F98801230448E8F72FFE6D
:10E23000FB7B18461037BD4680BD00BF740A002026
:10E2400080B586B000AF03463960FB801346BB80C3
:10E25000EFF31083FB60FB687B6172B600BFBB8885
:10E26000F9883A680648E8F7B3FD7B693B613B698A
:10E2700083F3108800BF00BF1837BD4680BD00BFC4
:10E28000740A002080B586B000AF03463960FB8079
:10E290001346BB80EFF31083FB60FB687B6172B6B3
:10E2A00000BFBB88F9883A680648E8F7F0FD7B694B
:10E2B0003B613B6983F3108800BF00BF1837BD4640
:10E2C00080BD00BF740A002080B586B000AF034651
:10E2D0003960FB711346BB71EFF31083FB60FB6881
:10E2E0007B6172B600BFBB799BB2F9793A68064888
:10E2F000E8F7E1FE7B693B613B6983F3108800BF6F
:10E3000000BF1837BD4680BD740A002080B586B0B6
:10E3100000AF03463960FB711346BB71EFF3108306
:10E32000FB60FB687B6172B600BFBB799BB2F97979
:10E330003A680648E8F712FF7B693B613B6983F363
:10E34000108800BF00BF1837BD4680BD740A00208A
:10E3500080B586B000AF03463960FB711346BB80C1
:10E36000EFF31083FB60FB687B6172B600BFBB8874
:10E37000F9793A680648E8F7EBFD7B693B613B6950
:10E3800083F3108800BF00BF1837BD4680BD00BFB3
:10E39000740A002080B586B000AF03463960FB7177
:10E3A0001346BB80EFF31083FB60FB687B6172B6A2
:10E3B00000BFBB88F9793A680648E8F728FE7B6910
:10E3C0003B613B6983F3108800BF00BF1837BD462F
:10E3D00080BD00BF740A002080B584B000AF034642
:10E3E0000A46FB711346BB710123FB73BB79012BFA
:10E3F0000DD1FB79012B04D10223FB73042000F023
:10E40000DFF8FB79022B07D10323FB7304E0BB7910
:10E41000002B01D10123FB73FB7B1846EDF7A6FF10
:10E4200000BF1037BD4680BD80B584B000AF034645
:10E43000FB710123FB73EDF7A7FFB860BB68022BEC
:10E4400016D0BB68022B16DCBB68002B03D0BB6860
:10E45000012B0AD00FE097F907300F2B02DD0223C2
:10E46000FB7309E00123FB7306E00123FB7303E068
:10E470000223FB7300E000BF97F90710FB7B022229
:10E480001846FFF73BFCFB7B18461037BD4680BDA6
:10E4900080B400AF01231846BD4680BC7047000021
:10E4A00080B582B000AF7860034B1B6801209847AD
:10E4B00000BF0837BD4680BDEC41002080B582B06A
:10E4C00000AF7860034B1B680220984700BF0837F5
:10E4D000BD4680BDEC41002080B582B000AF7860C1
:10E4E000034B1B684020984700BF0837BD4680BDDE
:10E4F000EC41002080B582B000AF78600B46FB7025
:10E50000FB78002B02D0012B05D00AE0074B1B68DB
:10E510008020984705E0054B1B684FF480709847B2
:10E5200000BF00BF0837BD4680BD00BFEC410020E2
:10E5300080B582B000AF7860044B1B684FF4007068
:10E54000984700BF0837BD4680BD00BFEC410020A2
:10E5500080B582B000AF7860034B1B6820209847DD
:10E5600000BF0837BD4680BDEC41002080B582B0B9
:10E5700000AF7860034B1B680420984700BF083742
:10E58000BD4680BDEC41002080B582B000AF786010
:10E59000034B1B680820984700BF0837BD4680BD65
:10E5A000EC41002080B582B000AF7860034B1B685F
:10E5B0001020984700BF0837BD4680BDEC410020C1
:10E5C00080B584B000AF0346FB71EDF7EBFE034668
:10E5D000012B12D140F62310FFF71EFE0346FB73FA
:10E5E000FB7B23F00603FB73FA7BFB791343DBB25F
:10E5F000194640F62310FFF7FBFD00BF1037BD465C
:10E6000080BD000080B485B000AF78607B68002BCF
:10E6100001D11F2317E00023FB730FE0FB7B0C4AA3
:10E6200052F833307A689A4205D2FB7B084ADB0005
:10E6300013441B7907E0FB7B0133FB73FB7B152B3A
:10E64000ECD900BFFDE718461437BD4680BC7047C3
:10E65000CC33020880B58AB000AF78603960354BA2
:10E66000FB6040F60700FFF7D7FD0346FB77FB7F13
:10E67000DB08DBB203F0030328333B4413F81C3CF4
:10E68000BB77FB7F03F007037B77BA7F7B7F013B80
:10E6900002FA03F31A46284BB3FBF2F3BB61BA69E3
:10E6A0007B68B2FBF3F37B61012387F8273097F88F
:10E6B00027307A6902FB03F3072B02D8022387F87D
:10E6C000273097F827307A6902FB03F3032B02D82F
:10E6D000042387F8273097F82720BB6902FB03F350
:10E6E0003B614FF4D660FFF797FD03461B0203F42E
:10E6F00070633B6240F2B160FFF78EFD03461A463D
:10E700003B6A13433B623B6A03F40063002B05D072
:10E710003B6A6FEA03536FEA13533B623B695B0941
:10E720003A6A02FB03F3DA113B681A6000BF28372C
:10E73000BD4680BD04080A0C0048E80180B487B0DB
:10E7400000AF0346B9607A60FB8100237B614FF024
:10E75000FF337B617B6918461C37BD4680BC704720
:10E7600080B487B000AF0346B9607A60FB730023C2
:10E770007B614FF0FF337B617B6918461C37BD46D8
:10E7800080BC704780B485B000AFF860B9607A6033
:10E790004FF0FF3318461437BD4680BC704780B435
:10E7A00000AF00BFBD4680BC704780B400AF0023FF
:10E7B0001846BD4680BC704780B400AF00231846A1
:10E7C000BD4680BC704780B483B000AF0346FB7188
:10E7D00000BF0C37BD4680BC704780B487B000AF27
:10E7E000F8600B467A60FB724FF0FF337B617B6908
:10E7F00018461C37BD4680BC704780B400AF4FF050
:10E80000FF331846BD4680BC704780B400AF00BFE0
:10E81000BD4680BC704780B400AF00BFBD4680BC21
:10E82000704780B483B000AF0346FB7100BF0C3764
:10E83000BD4680BC7047000080B500AF18220021A3
:10E84000074800F048FB4FF480620021054800F0C3
:10E8500042FB054B1B68054898470346184680BD98
:10E86000F0410020084200209C2B02080DEB01081B
:10E8700080B400AF064B5A8A054B1B8A9A4201D1DD
:10E88000012300E000231846BD4680BC704700BF4E
:10E89000F041002080B582B000AF7860044B9B68E7
:10E8A00078689847034618460837BD4680BD00BFC4
:10E8B0009C2B020808B480B58DB000AFF860B96039
:10E8C0007A600023FB820023BB85374B1B7A1A46F4
:10E8D000FB68934202D96FF004035EE0324BDA68C2
:10E8E000BB681340BA689A4202D06FF0050354E047
:10E8F0002D4B5B68002B0AD07B68002B07D02A4B7E
:10E900005B6807F1160107F118021046984707F1F6
:10E910004003BB62BB6AFA6B4FF40071234801F0FD
:10E9200077FF0346BB8500F0FBF9FA8ABB8D1344E1
:10E930009BB207F114021146184600F073F9034622
:10E94000B3F1FF3F25D00023FB850EE0FB8DBA8A93
:10E9500030333B4413F8181C154B9954BB8A0133D0
:10E960009BB2BB82FB8D0133FB85FB8AFA8D9A42F9
:10E97000ECD3BB8A1A460E4BD018BB6AFA6B4FF425
:10E98000007101F045FF00F0E9F900F03BF80346A3
:10E9900003E000F0E3F96FF0020318463437BD4698
:10E9A000BDE8804001B07047F041002008460020DB
:10E9B0000842002080B483B000AF7860034A7B68CF
:10E9C000536000BF0C37BD4680BC7047F04100204B
:10E9D00080B483B000AF0346FB71044AFB79137225
:10E9E00000BF0C37BD4680BC704700BFF04100201F
:10E9F00080B400AF024B1B7A1846BD4680BC7047FE
:10EA0000F041002080B588B000AF0023FB770023E1
:10EA1000BB61EFF310833B613B697B6172B600BF62
:10EA200000F0BAF90346002B5DD100F079F9344BC0
:10EA30001A8A334B5B8A9A424DD0314B9B78012B1B
:10EA400017D12F4B1A882E4B1B8AD31A9AB22C4BF4
:10EA50009A822B4B02229A70294B00221A80284B53
:10EA60009B8A002B05D1264B00229A70244B002252
:10EA70001A82234B9B78002B15D1214B5A8A204BAD
:10EA80001B8A9A4208D91E4B5A8A1D4B1B8AD31ADD
:10EA90009AB21B4B9A8206E0194B1B8AC3F580631E
:10EAA0009AB2174B9A82164B1B8A1A46154B13447F
:10EAB000BB617B69FB60FB6883F3108800BFE2F7F2
:10EAC000FFFE114BDB680E4A928A1146B8699847DF
:10EAD0000346FB770DE000F041F97B69BB60BB6842
:10EAE00083F3108805E07B697B607B6883F3108883
:10EAF00000BF97F91F3018462037BD4680BD00BFC4
:10EB0000F0410020084200209C2B020880B588B00C
:10EB100000AF78600023FB61EFF310837B617B69BA
:10EB2000BB6172B600BF3C4B9B78022B06D13A4BBF
:10EB300000229A70384B00221A820AE0364B1A8A59
:10EB4000354B9B8A13449BB2C3F309039AB2324BF1
:10EB50001A82314B1A8A304B5B8A9A424DD02E4B27
:10EB6000DB8A012B49D12C4B9B78012B17D12A4BE7
:10EB70001A88294B1B8AD31A9AB2274B9A82264BA2
:10EB800002229A70244B00221A80234B9B8A002B6E
:10EB900005D1214B00229A701F4B00221A821E4B76
:10EBA0009B78002B15D11C4B5A8A1B4B1B8A9A420F
:10EBB00008D9194B5A8A184B1B8AD31A9AB2164B8A
:10EBC0009A8206E0144B1B8AC3F580639AB2124BFB
:10EBD0009A82114B1B8A1A46104B1344FB61BB6986
:10EBE0003B613B6983F3108800BF0D4BDB680A4A29
:10EBF000928A1146F86998470AE0BB69FB60FB6896
:10EC000083F3108800BFE2F763FE00F0A7F800BFAF
:10EC100000BF2037BD4680BDF041002008420020E3
:10EC20009C2B020880B487B000AF03463960FB809C
:10EC30004FF6FF73BB82EFF31083FB60FB683B6111
:10EC400072B600BF354B5A8A344B1B8A9A421BD18D
:10EC5000324B5B8AC3F58063FB82FA88FB8A9A4257
:10EC60003AD32E4B1B8AFA889A4235D22B4B01227B
:10EC70009A702A4B5A8A294B1A80284B1B8AFB828E
:10EC8000264B00225A8227E0244B5A8A234B1B8AA8
:10EC90009A421BD9214B5B8AC3F58063FB82FA88B9
:10ECA000FB8A9A4218D31D4B1B8AFA889A4213D2C8
:10ECB0001A4B01229A70194B5A8A184B1A80174B1B
:10ECC0001B8AFB82154B00225A8205E0134B1A8ADD
:10ECD000124B5B8AD31AFB82FA8AFB889A420FD9BD
:10ECE0000E4B5A8A3B681A800C4B5A8AFB88134495
:10ECF0009BB2C3F309039AB2084B5A820023BB822A
:10ED00003B69BB60BB6883F3108800BFB7F9143060
:10ED100018461C37BD4680BC704700BFF04100203C
:10ED200080B485B000AFEFF310837B607B68FB603D
:10ED300072B600BF084BDB8A01339AB2064BDA8207
:10ED4000FB68BB60BB6883F3108800BF00BF14374B
:10ED5000BD4680BC704700BFF041002080B485B044
:10ED600000AFEFF310837B607B68FB6072B600BF7F
:10ED7000084BDB8A013B9AB2064BDA82FB68BB6028
:10ED8000BB6883F3108800BF00BF1437BD4680BC4A
:10ED9000704700BFF041002080B400AF054BDB8A14
:10EDA000002B14BF01230023DBB21846BD4680BCF4
:10EDB000704700BFF041002080B400AF044B002238
:10EDC0001A60044B00221A6000BFBD4680BC704729
:10EDD000084800200C48002080B487B000AF78605D
:10EDE0000B46FB70EFF310833B613B697B6172B6AE
:10EDF00000BFFB78002B08D0012B0ED10D4B1A68F9
:10EE00007B6813430B4A136008E07B68DA43094BC5
:10EE10001B681340074A136000E000BF7B69FB607A
:10EE2000FB6883F3108800BF00BF1C37BD4680BC61
:10EE3000704700BF0848002080B487B000AF7860FA
:10EE40000B46FB70EFF310833B613B697B6172B64D
:10EE500000BFFB78002B08D0012B0ED10D4B1A6898
:10EE60007B6813430B4A136008E07B68DA43094B65
:10EE70001B681340074A136000E000BF7B69FB601A
:10EE8000FB6883F3108800BF00BF1C37BD4680BC01
:10EE9000704700BF0C48002080B487B000AFF86016
:10EEA000B9601346FB80FB687B61BB683B6107E090
:10EEB0003A69531C3B617B69591C796112781A705D
:10EEC000FB885A1EFA80002BF2D100BF00BF1C370E
:10EED000BD4680BC704780B485B000AF78600B46FB
:10EEE000FB7013463B807B68FB6004E0FB685A1CA8
:10EEF000FA60FA781A703B885A1E3A80002BF5D1D6
:10EF000000BF00BF1437BD4680BC704780B58CB0D1
:10EF100000AF7860674B1B68BB62664B1A687B6802
:10EF20001340644A136083E00023FB6202E0FB6A43
:10EF30000133FB62604AFB6A52F833205F4B1B6867
:10EF40001A405C4B1B681340002BF0D05A4AFB6AF6
:10EF500052F83320594B1B681A40564B1B6813401C
:10EF60007B62554AFB6ADB0013445A687B6A134094
:10EF7000002B06D1504AFB6ADB0013444FF0FF32EE
:10EF80005A604D4AFB6ADB0013445A687B6A13409F
:10EF9000184600F067F903461A46494B1A60464A7C
:10EFA000FB6ADB0013445A68454B1B68012101FAD8
:10EFB00003F3DB431A404049FB6ADB000B445A6011
:10EFC000EFF31083BB61BB693B6272B600BF3C4B81
:10EFD0001B68012202FA03F3DA433A4B1B68134021
:10EFE000384A13600223FB6213E0FB6A013B324A9A
:10EFF00052F83310324B1B68012202FA03F3DA4352
:10F00000FB6A013B0A402C4941F83320FB6A013B73
:10F01000FB62FB6A002BE8D13B6A7B617B6983F36F
:10F02000108800BF264B1B68274A52F823309847A8
:10F03000244B1A68214B1B681A401E4B1B68134057
:10F04000002B07D0214B1A68214B1B681340002B63
:10F050003FF46AAF1A4B4FF0FF321A6000F0F6F837
:10F06000EFF310833B613B69FB6172B600BF154B48
:10F070001A68124B1B681A400E4B1B681340002B7A
:10F0800008D1124B1A68124B1B681340002B01D198
:10F09000E2F70CFBFB69FB60FB6883F3108800BFA1
:10F0A00000F0DAF8034ABB6A136000BF3037BD4690
:10F0B00080BD00BF18010020A048002014010020DE
:10F0C0001C48002010480020204800201448002040
:10F0D0001848002080B588B000AFF860B9607A6049
:10F0E000EFF310837B617B69FB6172B600BFF86848
:10F0F00000F0B8F803461946064A7B6842F821300A
:10F10000FB69BB61BB6983F3108800BF00BF203778
:10F11000BD4680BD2048002080B487B000AF786035
:10F120003960EFF31083FB60FB687B6172B600BF50
:10F130000D4B1A687B6813430B4A13600B4A3B68FC
:10F1400052F833207B681A4308493B6841F8332062
:10F150007B693B613B6983F3108800BF00BF1C37AC
:10F16000BD4680BC704700BF10480020A04800206A
:10F1700080B487B000AF7860EFF31083FB60FB686A
:10F180007B6172B600BF084B1A687B681343064A5E
:10F1900013607B693B613B6983F3108800BF00BF4C
:10F1A0001C37BD4680BC70471448002080B586B02F
:10F1B00000AF78601B4B1B683B611A4B1B68B3F1B7
:10F1C000FF3F02D100237B6105E0164B1B68012243
:10F1D00002FA03F37B61144B1B68FB60124A7B68E5
:10F1E000136005E0104B1B681946786900F020F8A1
:10F1F0000E4B1A680C4B1B681340002BF2D0094AC7
:10F200003B691360084B1B68DA43084B1B681340CB
:10F21000064A1360044AFB68136000BF1837BD46F6
:10F2200080BD00BF1C480020184800201448002062
:10F2300080B582B000AF786039607B68DB431846E8
:10F24000FFF764FE00BF0837BD4680BD80B400AF45
:10F2500000BFBD4680BC704780B400AF00BFBD4654
:10F2600080BC704780B485B000AF78600023FB732A
:10F270007B68B3F5803F04D21023FB737B681B04CB
:10F280007B607B68B3F1807F05D2FB7B0833FB7327
:10F290007B681B027B607B68B3F1805F05D2FB7BE0
:10F2A0000433FB737B681B017B607B681B0F074A81
:10F2B000D25CFB7B1344FB73FB7BC3F11F03DBB20C
:10F2C00018461437BD4680BC704700BF7C34020826
:10F2D00082B080B487B000AFF860381D80E80600C7
:10F2E0007B6200233B610023BB827A687B6A134404
:10F2F0003B61B7F908309AB2B7F928309BB2134492
:10F300009BB21BB2BB82B7F91430B3F57A7F0ADB2C
:10F310003B6901333B61B7F914309BB2A3F57A73B3
:10F320009BB21BB2BB82FB681A4607F1100393E83D
:10F33000030082E80300F8681C37BD4680BC02B0B9
:10F34000704782B080B487B000AFF860381D80E8A5
:10F3500006007B6200233B610023BB827A687B6AE4
:10F36000D31A3B61B7F908309AB2B7F928309BB28B
:10F37000D31A9BB21BB2BB82B7F91430002B0ADA46
:10F380003B69013B3B61B7F914309BB203F57A73DB
:10F390009BB21BB2BB82FB681A4607F1100393E8CD
:10F3A000030082E80300F8681C37BD4680BC02B049
:10F3B0007047000080B588B002AF3B4683E8030089
:10F3C0000023BB600023BB81104B1B6907F10802BF
:10F3D0000432104698470346BB6007F11000FB68F3
:10F3E0000093BB683A4606CAFFF7ABFF074B1B68A2
:10F3F0003A6910469847054B9B68B7F914201046A8
:10F40000984700BF1837BD4680BD00BF882B020853
:10F4100080B58AB002AF78600023BB610023BB8354
:10F4200000233B610023BB82144B1B6907F11802C8
:10F430000432104698470346BB61104BDB6898477F
:10F4400003461BB2BB810D4B5B6898470346BB600C
:10F4500007F11000FB690093BB6907F1080206CAB7
:10F46000FFF736FF7B681A4607F1100393E80300A5
:10F4700082E8030078682037BD4680BD882B0208EB
:10F4800080B584B000AF78600023BB600023BB81EF
:10F490000A4B1B6907F108020432104698470346DD
:10F4A000BB607B681A4607F1080393E8030082E813
:10F4B000030078681037BD4680BD00BF882B020866
:10F4C00080B588B002AF3B4683E803000F4BDB6892
:10F4D000984703461BB2BB820C4B5B6898470346B8
:10F4E0003B6107F108007B6900933B693A4606CA15
:10F4F000FFF727FFBB684FF47A7202FB03F3B7F9FB
:10F500000C20134418461837BD4680BD882B0208CE
:10F5100080B58AB002AF786039603B68194AA2FBB7
:10F5200003239B09FB61FB697B613B689AB2FB6922
:10F530009BB219464901C91A89000B44DB009BB2F2
:10F54000D31A9BB21BB23B8307F10C0300221A6053
:10F550005A600D4BDB68984703461BB23B820A4B4F
:10F560005B6898470346FB6078683B690093FB68DB
:10F5700007F1140206CAFFF7ABFE78682037BD46D4
:10F5800080BD00BFD34D6210882B020890B58DB0AE
:10F5900000AF78603960544B07F11C040FCB84E84E
:10F5A0000F000123FB627A68504B134407F11802E5
:10F5B00007F11001184600F0EFF8BB6907F10802E7
:10F5C00007F11401184600F05BF9BB68DBB21A467C
:10F5D0003B681A607B6907F1080207F10C011846C5
:10F5E00000F04EF9BB68DBB21A463B685A60FB6814
:10F5F000DBB21A463B689A603B693D4A02FB03F363
:10F6000003F5B1435E335B0E1A463B685A613A69B3
:10F610003B685B69194640F2B55301FB03F30333C2
:10F620009B08D31A3B613B691A463B68DA613A6929
:10F630003B685B691946104600F05EF803461A46BF
:10F640003B681A613B685A6913469B0013440333B5
:10F650009B101A46FB6A1344FB623B69FA6A134427
:10F66000FB62FB6A0133234A02FB03F35A0D134684
:10F67000DB009B1AFA6AD31A1A463B689A613B6808
:10F680005B695A4203F0030302F0030258BF53427E
:10F690009B0030333B4453F8142C3B681B695B00E0
:10F6A00022FA03F303F003013B681A6913461B01B6
:10F6B0009B1A9B00134401335B10CA1A3B69134425
:10F6C0003B613B6901331A463B68DA603B685B6922
:10F6D00003F144023B685A613B684FF0FF321A6203
:10F6E00000BF3437BD4690BD542A020880B8C3031A
:10F6F000DB6601004992040080B584B000AF7860F9
:10F7000039603B6803F00303002B20D17B683B2B5F
:10F7100006D87B685B00184600F07EF8F86036E09B
:10F720007B68D42B09D87B683C3B5B00184600F013
:10F7300073F803460233FB6029E07B68D53B5B002E
:10F74000184600F069F803460733FB601FE07B684A
:10F750003A2B06D87B685B00184600F05DF8F8602D
:10F7600015E07B68D32B09D87B683B3B5B001846D0
:10F7700000F052F803460233FB6008E07B68D43B9C
:10F780005B00184600F048F803460733FB60FB684F
:10F7900018461037BD4680BD80B487B000AFF86012
:10F7A000B9607A6000237B61FB689A0CFB685B0C94
:10F7B00013443B6110E07A693B6913447B613B6908
:10F7C000134A02FB03F3FA68D31AFB60FB689A0C36
:10F7D000FB685B0C13443B613B69002BEBD1FB687E
:10F7E0000C4A934208D97B6901337B61FB68A3F51E
:10F7F000A833A3F5C073FB607B68FA681A60BB6826
:10F800007A691A6000BF1C37BD4680BC704700BFD4
:10F81000805101007F51010080B485B000AF786055
:10F820000023FB607B68154A02FB03F39B0DBB6062
:10F8300012E0FA68BB681344FB60BA6813461B0108
:10F840009B1A9B0013447A68D31A7B607B680B4A2F
:10F8500002FB03F39B0DBB60BB68002BE9D17B6807
:10F860003C2B05D9FB680133FB607B683D3B7B602B
:10F87000FB6818461437BD4680BC7047970C0100E2
:10F8800080B487B000AFF860B9607A6000237B6114
:10F89000FB6844F2444202FB03F31B0D3B6113E09F
:10F8A0007A693B6913447B613A6913461B019B1AD1
:10F8B0009B001A46FB689B1AFB60FB6844F24442BB
:10F8C00002FB03F31B0D3B613B69002BE8D1FB6896
:10F8D0003B2B05D97B6901337B61FB683C3BFB60BB
:10F8E0007B68FA681A60BB687A691A6000BF1C37C7
:10F8F000BD4680BC7047000080B500AF044B0022BD
:10F900001A60044B1B6898470346184680BD00BF29
:10F91000B04800205C2B020880B584B000AFF860CE
:10F92000B9603B601346FB71FB68002B23D03B683A
:10F93000002B20D0FB6800221A60114B5B6AB8686C
:10F9400098470246FB685A60FB6800221A72FB68FF
:10F9500000225A72FB6800229A72FB683A68DA60E9
:10F96000FB68BA691A61FB68FA79DA72FB680022EF
:10F970005A61002300E0012318461037BD4680BDC0
:10F980005C2B020880B58AB000AF7860002387F84E
:10F9900027307B68002B56D0786800F0A9F9034621
:10F9A00083F00103DBB2002B4DD07B685B7A002B28
:10F9B00049D1EFF310833B613B69FB6172B600BF35
:10F9C0007B685B683B62244B1B6A9847B8613A6A64
:10F9D000BB699A4201D2BB693B627B683A6A1A6092
:10F9E0007B6800221A727B6801225A727B680022AF
:10F9F0009A721A4B1B68002B06D1174B1B6998474C
:10FA0000786800F0EBF917E0134B9B699847786131
:10FA10007B681A687B691A447B681A607B681A687D
:10FA20000E4B1B681B689A4203D2786800F0D6F927
:10FA300002E0786800F0A2F9FB69FB60FB6883F3E1
:10FA4000108800BF02E0012387F8273097F827309D
:10FA500018462837BD4680BD5C2B0208B048002000
:10FA600080B588B000AF78600023FB777B68002BFF
:10FA70005BD0EFF31083FB60FB683B6172B600BFA5
:10FA80002D4B1B68BB612C4B1B687B617B68012283
:10FA90009A72294B1B68002B41D07B6800225A7256
:10FAA000254B1B687A689A4234D1234B1B6800228D
:10FAB0001A72214B1B685B69002B0AD01E4B1B6816
:10FAC0005B691D4A13601C4B1B68184600F02CF93B
:10FAD00023E01A4BDB689847174B00221A601CE0A2
:10FAE0007A697B689A4210D17B695B69002B06D0EA
:10FAF0007B695B697B61BB697A695A610DE00023B0
:10FB00007B61BB697A695A6107E07B69BB617B698C
:10FB10005B697B617B69002BE2D10023FB773B694A
:10FB2000BB60BB6883F3108801E00123FB77FB7F98
:10FB300018462037BD4680BDB04800205C2B020827
:10FB400080B584B000AF786039600023FB737B68B8
:10FB5000002B02D10123FB7314E00D4B5B6A386864
:10FB6000984702467B685A60786800F0C1F80346FF
:10FB7000002B07D07868FFF773FF7868FFF702FF64
:10FB80000346FB73FB7B18461037BD4680BD00BFA4
:10FB90005C2B020890B589B000AFEFF31083BB6017
:10FBA000BB68BB6172B600BF384B5B699847786130
:10FBB000364B1B69984738613A697B69D31AFB60F9
:10FBC000334B1B68002B37D0314B1B68FB61FB6943
:10FBD0001B68FA689A4206D2FB691A68FB68D21A57
:10FBE000FB691A6002E0FB6900221A60FB695B692D
:10FBF000FB61FB69002BEAD11EE0254B1B68FB6112
:10FC0000234B1B685B69224A1360FB6900221A724E
:10FC1000FB6900225A72FB69DB68FA6912691046B7
:10FC20009847FB69DB7A012B06D1FB699B7A002B95
:10FC300002D1F869FFF7A6FE154B1B68002B0DD00B
:10FC4000134B1B681B68002BD7D0114B1B681C681B
:10FC50000E4B9B69984703469C42CED30C4B1B68C6
:10FC6000002B09D00A4B1B681B7A002B04D1084BD0
:10FC70001B68184600F058F8BB697B607B6883F30B
:10FC8000108800BF00BF2437BD4690BD5C2B020822
:10FC9000B048002080B582B000AF064BDB699847C2
:10FCA0007860044B9B6A7868984703461846083783
:10FCB000BD4680BD5C2B020880B584B000AF786083
:10FCC0000A4BDB699847F860084B5B6A786898478D
:10FCD000B860064B9B6AF968BA688A1A104698475A
:10FCE000034618461037BD4680BD00BF5C2B020896
:10FCF00080B485B000AF78600A4B1B68FB6008E0F9
:10FD0000FA687B689A4201D1012306E0FB685B69CF
:10FD1000FB60FB68002BF3D1002318461437BD4667
:10FD200080BC7047B048002090B585B000AF7860C7
:10FD3000114B1B6A9847F8607B6801221A727B6836
:10FD40001C680D4B9B6998470246FB6813449C4214
:10FD500007D2094B9B6998470246FB681A447B68A7
:10FD60001A60054B9B687A6812681046984700BF76
:10FD70001437BD4690BD00BF5C2B020880B485B02F
:10FD800000AF7860144B1B68FB60134B1B685B690A
:10FD9000BB6012E07B681A68BB681B689A4205D991
:10FDA000BB68FB60BB685B69BB6006E0FB687A68A8
:10FDB0005A617B68BA685A6109E0FB685B69002B8D
:10FDC000E8D1FB687A685A617B6800225A6114376F
:10FDD000BD4680BC704700BFB048002080B584B0ED
:10FDE00000AF78600B4B1B68FB60FB68002B02D0F8
:10FDF000FB6800221A727B68FA685A61054A7B68C0
:10FE00001360044B1B681846FFF78EFF00BF1037C6
:10FE1000BD4680BDB04800202DE9B04FADF52C7D2A
:10FE200000AF07F52C73A3F50F73186007F52C735B
:10FE3000A3F51073196007F52C73A3F511731A60FD
:10FE400007F52C73A3F510731B68C7F8AC3207F5E0
:10FE50002C73A3F50F731B68C7F88C3207F52C734E
:10FE6000A3F50F731868E0F78BF90346C7F88832DB
:10FE70000023C7F898320023C7F894320023C7F84C
:10FE80009032D7F8AC22531CC7F8AC321378C7F8BD
:10FE9000A832D7F8A832002B02D1D7F8983286E3DF
:10FEA000D7F8A832252B40F09F800023C7F8A43252
:10FEB0000023C7F89C32D7F8AC22531CC7F8AC32E9
:10FEC0001378C7F8A832D7F8A832782B00F302814C
:10FED000D7F8A832442B13DAD7F8A832392B00F31D
:10FEE000F980D7F8A832302B80F2BC80D7F8A8323E
:10FEF000002B00F0EC80D7F8A832252B75D0E9E074
:10FF0000D7F8A832443B342B00F2E48001A252F827
:10FF100023F000BF81000208D5000208D5000208C6
:10FF2000D5000208D5000208D5000208D500020855
:10FF3000D5000208D5000208D5000208D500020845
:10FF4000D5000208D5000208D5000208D500020835
:10FF5000D5000208D5000208D5000208D500020825
:10FF6000D5000208B5000208D5000208D500020835
:10FF7000D5000208D5000208D5000208D500020805
:10FF8000D5000208D5000208D5000208D5000208F5
:10FF9000D50002088D000208D5000208D50002082D
:10FFA000D500020827000208D5000208D500020883
:10FFB000D500020857000208D5000208D500020843
:10FFC000D5000208D5000208D5000208D5000208B5
:10FFD000D5000208D50002089B000208D5000208DF
:10FFE000D5000208B500020800BFD7F88832002B00
:10FFF00040F3CB82D7F88C321B781A46D7F8A83258
:020000040802F0
:10000000934240F0CF82D7F88832013BC7F888325C
:10001000D7F88C320133C7F88C32D7F894320133D9
:10002000C7F89432B0E2D7F8AC321B78682B0BD10A
:10003000D7F8AC320133C7F8AC32D7F89C3243F072
:100040000803C7F89C3236E7D7F89C3243F0040324
:10005000C7F89C322FE7D7F89C3243F00103C7F86A
:100060009C3228E7D7F8A42213469B0013445B0078
:100070001A46D7F8A8321344303BC7F8A4321AE71F
:10008000D7F89C3243F00103C7F89C320323C7F82A
:10009000A8320A23C7F890321DE00323C7F8A8321C
:1000A000D7F89C3243F40063C7F89C320A23C7F8A0
:1000B000903210E00323C7F8A832D7F89C3243F4FB
:1000C0000063C7F89C321023C7F8903203E04FF06A
:1000D000FF336CE200BFD7F88832002B40F3578221
:1000E000D7F8A832032B7FF4CCAED7F8A432013B6B
:1000F000C7F8A432D7F8A432B3F5007F03D340F297
:10010000FF13C7F8A432D7F8A4320133C7F8A432DA
:10011000D7F89C3243F4A043C7F89C320023C7F8B9
:100120007C324FF000024FF00003C7E9A02307F133
:100130007803C7F8A03282E1D7F88C321B78C7F871
:10014000A832D7F8A8322B3B3B2B00F27E8101A2CC
:1001500052F823F0D50302084B040208C303020837
:100160004B0402084B04020845020208450202083B
:10017000450202084502020845020208450202083B
:10018000450202084502020845020208450202082B
:100190004B0402084B0402084B0402084B040208FB
:1001A0004B0402084B0402084B040208BD0202087B
:1001B000BD020208BD020208BD020208BD0202081B
:1001C000BD0202084B0402084B0402084B0402085B
:1001D0004B0402084B0402084B0402084B040208BB
:1001E0004B0402084B0402084B0402084B040208AB
:1001F0004B0402084B0402084B0402084B0402089B
:100200004B0402084B0402084B0402084B0402088A
:100210004B0402084B0402084B0402084B0402087A
:100220004B0402084B0402084B0402084103020875
:100230004103020841030208410302084103020886
:1002400041030208D7F89C3223F4A043C7F89C323C
:10025000D7F89032DA173B667A66D7F88032D7E95A
:1002600018010A4602FB03F2D7F88432C7E91801E5
:10027000014601FB03F31A44D7F88032396EA3FB21
:10028000014553191D46D7F8A832DA17BB64FA6442
:10029000D7E912120B46E3183B64134645EB030300
:1002A0007B64D7E9102311463039B96143F1FF333C
:1002B000FB61D7E90623C7E9A023A4E0D7F8903271
:1002C0000A2B40F39A80D7F89C3223F4A043C7F856
:1002D0009C32D7F89032DA17BB65FA65D7F88032CE
:1002E000D7E916010A4602FB03F2D7F88432C7E9C0
:1002F0001601014601FB03F31A44D7F88032B96DA9
:10030000A3FB018902EB09039946D7F8A832DA1753
:10031000BB63FA63D7E90E23114618EB0101396379
:1003200049EB03037B63D7E90C2311463739396165
:1003300043F1FF337B61D7E90423C7E9A02362E0DF
:10034000D7F890320A2B5ADDD7F89C3223F4A04319
:10035000C7F89C32D7F89032DA173B657A65D7F840
:100360008032D7E914010A4602FB03F2D7F884323F
:10037000C7E91401014601FB03F31A44D7F88032A0
:10038000396DA3FB01AB02EB0B039B46D7F8A832F8
:10039000DA17BB62FA62D7E90A2311461AEB0101A8
:1003A00039624BEB03037B62D7E9082311465739C7
:1003B000B96043F1FF33FB60D7E90223C7E9A0230B
:1003C00021E0D7F89C3203F40053002B02D1012323
:1003D000C7F87C32D7F89C3203F48053002B10D03E
:1003E000D7F89C3223F48053C7F89C32D7F89C325C
:1003F00043F40053C7F89C3205E000BF25E000BF7E
:1004000023E000BF21E0D7F8A022531CC7F8A03298
:10041000D7F8A832DBB21370D7F88832013BC7F89F
:100420008832D7F88832002B11DDD7F88C320133AF
:10043000C7F88C32D7F8A432013BC7F8A432D7F8FA
:10044000A432002B7FF478AE02E000BF00E000BFD2
:10045000D7F89C3203F48043002B20D007F17803B7
:10046000D7F8A0229A4240F29F80D7F8A832013BE9
:10047000C7F8A832D7F8A032013BC7F8A032D7F8A6
:10048000A8320133C7F8A832D7F88C32013BC7F83D
:100490008C32D7F888320133C7F8883284E0D7F835
:1004A000A02200231370D7F87C32002B0BD0D7E9A1
:1004B000A02300215042386061EB03037B60D7E941
:1004C0000023C7E9A023D7F89C3203F00103002BD7
:1004D0000FD007F52C73A3F5117319680A1D07F5E2
:1004E0002C73A3F511731A600A68D7F88032136071
:1004F0003AE0D7F89C3203F00403002B0FD007F545
:100500002C73A3F5117319680A1D07F52C73A3F555
:1005100011731A600A68B7F98032138024E0D7F8A3
:100520009C3203F00803002B0FD007F52C73A3F5C2
:10053000117319680A1D07F52C73A3F511731A605E
:100540000A6897F8803213700EE007F52C73A3F554
:10055000117319680A1D07F52C73A3F511731A603E
:100560000A68D7F880321360D7F898320133C7F899
:10057000983207F17802D7F8A0329A1AD7F8943255
:100580001344C7F8943200BF7BE400BF00E000BF13
:10059000D7F89832002B02D0D7F8983207E04FF006
:1005A000FF3304E000BF00E000BFD7F898321846E0
:1005B00007F52C77BD46BDE8B08F00BF0EB480B5FF
:1005C00085B000AF786007F12003BB60BA68F969B5
:1005D0007868FFF721FCF860FB6818461437BD46C1
:1005E000BDE8804003B0704780B485B000AF78604C
:1005F0000023FB600EE0FA6813469B0013445B0087
:1006000018467B681B68591C7A6811601B78034484
:10061000303BFB607B681B681B782F2B04D97B6801
:100620001B681B78392BE6D9FB6818461437BD4682
:1006300080BC704780B499B000AFF860B9607A6050
:100640003B60714B1B68BB653B6F03F04003002BA5
:1006500002D06E4B1B68BB653B68012B02DD3B681B
:10066000242B01DD0023CAE03B6F03F00103002BC4
:1006700001D0302300E0202387F85330002387F88F
:100680005F303B6F03F00203002B0BD07B68002B25
:1006900008DA2D2387F85F307B685B427B60BB6E96
:1006A000013BBB6600237B657B68002B1ED17B6D05
:1006B0005A1C7A6560333B44302203F8502C18E012
:1006C0007B683A68B3FBF2F101FB02F29B1ABA6D48
:1006D0001A447B6D591C7965127860333B4403F8EA
:1006E000502C7A683B68B2FBF3F37B607B68002B8D
:1006F000E6D17A6DFB6E9A4201DD7B6DFB66BA6EC8
:10070000FB6ED31ABB663B6F03F00103002B12D1C3
:100710000CE0FB685A1CFA6020221A70BB68013B8F
:10072000BB60BB68002B01D1FB6868E0BB6E5A1E42
:10073000BA66002BEDDC97F85F30002B1BD0FB680E
:100740005A1CFA6097F85F201A70BB68013BBB60C7
:10075000BB68002B0FD1FB6851E0FB685A1CFA60A4
:1007600097F853201A70BB68013BBB60BB68002B35
:1007700001D1FB6843E0BB6E5A1EBA66002BECDC6D
:100780000CE0FB685A1CFA6030221A70BB68013B0F
:10079000BB60BB68002B01D1FB6830E0FB6E5A1ECA
:1007A000FA667A6D9A42ECDB10E0FB685A1CFA603C
:1007B00007F110017A6D0A4412781A70BB68013B88
:1007C000BB60BB68002B01D1FB6818E07B6D5A1E33
:1007D0007A65002BE9DC0CE0FB685A1CFA602022E9
:1007E0001A70BB68013BBB60BB68002B01D1FB6882
:1007F00005E0BB6E5A1EBA66002BEDDCFB6818469E
:100800006437BD4680BC70471C01002020010020D9
:1008100080B592B004AFF860B9607A603B60BB68A5
:10082000002B01DC00233EE1FB68FB6228E1FA6A51
:10083000FB68D21ABB68013B9A4280F22E817B682A
:100840001B78252B06D07A68FB6A591CF96212784E
:100850001A7012E100233B627B6801337B607B6886
:100860001B78302B03D13B6A43F001033B624FF00E
:10087000FF33FB617B681B782F2B08D97B681B78C3
:10088000392B04D83B1D1846FFF7AEFEF8614FF038
:10089000FF33BB614FF0FF337B610A233B637B680F
:1008A0001B78583B202B00F2948001A252F823F0D1
:1008B000BB090208D3090208D3090208D3090208B8
:1008C000D3090208D3090208D3090208D309020890
:1008D000D3090208D3090208D30902083F09020814
:1008E000C9090208D3090208D3090208D30902087A
:1008F000D3090208C9090208D3090208D30902086A
:10090000D3090208D3090208D3090208D30902084F
:10091000D3090208D3090208D30902085F090208B3
:10092000D30902081F0A0208D3090208D3090208E2
:10093000C3090208FB6A5A1CFA6220221A70FB697A
:10094000013BFB61FB69002BF4DC3B681A1D3A603C
:100950001968FB6A5A1CFA62CAB21A708DE03B68C9
:100960001A1D3A601B687B627B6A002B01D1504BD9
:100970007B62786ADFF704FC03463B6104E0FB6AB4
:100980005A1CFA6220221A70FB695A1EFA613A69EF
:100990009A42F4DB0023BB620AE07A6A531C7B6252
:1009A000FB6A591CF96212781A70BB6A0133BB6288
:1009B000BA6A3B699A42F0DB5FE03B6A43F040036E
:1009C0003B6210233B632BE03B6A43F002033B6234
:1009D00025E07B681B78252B04D0FB6A5A1CFA6241
:1009E00025221A70FA6AFB68D21ABB68013B9A4248
:1009F00016DA7B681B78002B06D07A68FB6A591CD4
:100A0000F96212781A7002E07B68013B7B60FA6A37
:100A1000FB68D21ABB68013B9A422DDB00E000BFA5
:100A20007B696C2B05D13B681A1D3A601B687B63A0
:100A30000FE03B6A03F00203002B05D03B681A1D50
:100A40003A601B687B6304E03B681A1D3A601B68D0
:100A50007B63BB685A1EF96AFB68CB1AD11A7A6BA2
:100A60003B6A0293BB690193FB6900933B6BF86A95
:100A7000FFF7E0FDF86200E000BF7B6801337B60B8
:100A80007B681B78002B7FF4D2AEFA6AFB68D21A1F
:100A9000BB68013B9A42BFF6CAAEFB6A00221A70DD
:100AA000FA6AFB68D31A18463837BD4680BD00BFC6
:100AB000B42A020802440346934200D1704703F867
:100AC000011BF9E710B56AB10139841810F8012B40
:100AD00011F8013F9A4203D1A04201D0002AF5D17A
:100AE000D01A10BD1046FCE770B50D4D0D4C641BBF
:100AF000A4100026A64209D10B4D0C4C00F098F82A
:100B0000641BA4100026A64205D170BD55F8043B15
:100B100098470136EEE755F8043B98470136F2E76F
:100B20009434020894340208943402089834020879
:100B30002DE9F041C1F30A57A7F2FF36132E024602
:100B40000B460C460546804635DC002E17DA34A3EA
:100B5000D3E90023DFF722FB00220023DFF752FD59
:100B600050B1002C57DA24F000442C430025AC424D
:100B70002D4C08BF4FF0004423462A4624E02B4F5B
:100B8000374101EA070C5CEA000C1DD024A3D3E92D
:100B90000023DFF703FB00220023DFF733FD0028EB
:100BA000EAD0002CBEBF4FF480133341E41824EA8E
:100BB00007040025E0E7332E0ADDB6F5806F03D188
:100BC000DFF7ECFA02460B4610461946BDE8F08105
:100BD000A7F213474FF0FF3C2CFA07F70742F3D078
:100BE0000FA3D3E90023DFF7D9FA00220023DFF7B0
:100BF00009FD0028C0D0002C0ADA142E01D10134DE
:100C000006E0C6F134060123B3401D444545F6D342
:100C100025EA0705B0E700252C46ADE7AFF30080D5
:100C20009C7500883CE4377E0000F0BFFFFF0F009A
:100C3000F8B500BFF8BC08BC9E467047F8B500BFC9
:080C4000F8BC08BC9E46704799
:100C480074656D703D2025640A0D00004C45445FB5
:100C58005461736B00000000540C02084B1200082A
:100C680000000000000000008000000000000000FC
:100C7800000000004C6F526157414E5F5461736B26
:100C8800000000007C0C020831120008000000007F
:100C98000000000000040000000000000000000048
:100CA800564444413D2025640D0A000025647325FF
:100CB8003033643A000000001200240030000000C5
:100CC80006000C00100000000000000001000000F9
:100CD800020000004150505F56455253494F4E3A6A
:100CE80020202020202020205625582E25582E252B
:100CF800580D0A004D575F4C4F524157414E5F56B1
:100D0800455253494F4E3A205625582E25582E25E0
:100D1800580D0A004D575F524144494F5F5645529E
:100D280053494F4E3A2020205625582E25582E2517
:100D3800580D0A000D0A0D0A0D0A2D2D2D2D2D2DE9
:100D48002D2D2D2D4C6F526157414E5F456E645FBE
:100D58004E6F64655F4672656552544F532D2D2D55
:100D68002D2D2D2D2D2D2D0D0A0D0A0D0A000000FB
:100D7800415474656E74696F6E20636F6D6D616E3A
:100D88006420696E746572666163650D0A0000000F
:100D980041543F20746F206C69737420616C6C201F
:100DA800617661696C61626C652066756E637469F1
:100DB8006F6E730D0A0000002B4556543A4A4F498E
:100DC8004E45440D0A0000002B4556543A4A4F49F7
:100DD8004E204641494C45440D0A00002B455654C7
:100DE8003A25643A253032583A00000025303278E6
:100DF800000000000D0A00002B4556543A52585F77
:100E080025732C2044522025642C2052535349200A
:100E180025642C20534E522025642C20444D4F44E9
:100E28004D2025642C2047574E2025640D0A0000CC
:100E38002B4556543A52585F25732C20445220258E
:100E4800642C20525353492025642C20534E5220A1
:100E580025640D0A00000000310000003200000087
:100E68004300000043204D756C746963617374001E
:100E7800422050696E672D536C6F740042204D7587
:100E88006C7469636173742050696E672D536C6F5D
:100E980074000000600E0208640E0208680E020862
:100EA8006C0E0208780E0208840E02082B45565470
:100EB8003A53454E445F434F4E4649524D45440DC3
:100EC8000A0000002575000041542B564C3A207644
:100ED8006572626F7365206C6576656C2069732036
:100EE8006E6F742077656C6C207365740D0A000052
:100EF80041542B564C3A20766572626F7365206CAC
:100F08006576656C206F7574206F662072616E67F8
:100F180065203D3E203028564C4556454C5F4F468F
:100F2800462920746F203328564C4556454C5F4857
:100F3800290D0A004C54494D453A2530326468253C
:100F48003032646D2530326473206F6E2025303264
:100F5800642F253032642F253034640D0A000000D8
:100F6800256868783A256868783A256868783A255F
:100F78006868783A256868783A256868783A25680C
:100F880068783A256868780025753A0041542B53EB
:100F9800454E4420776974686F75742074686520BD
:100FA8006170706C69636174696F6E20706F7274C0
:100FB8000D0A000041542B53454E44206D6973734C
:100FC800696E67203A206368617261637465722094
:100FD80061667465722061707020706F72740D0A9A
:100FE8000000000041542B53454E44207769746833
:100FF8006F7574207468652061636B6E6F776C65BC
:1010080064676520666C61670D0A000041542B53C4
:10101800454E44206D697373696E67203A20636892
:1010280061726163746572206166746572206163C0
:101038006B20666C61670D0A0000000025686878FF
:10104800000000004150505F56455253494F4E3AF8
:1010580020202020202020205625582E25582E25B7
:10106800580D0A004D575F4C4F524157414E5F563D
:10107800455253494F4E3A205625582E25582E256D
:10108800580D0A004D575F524144494F5F5645522B
:1010980053494F4E3A2020205625582E25582E25A4
:1010A800580D0A00256868750000000025643A2577
:1010B800730D0A004153393233000000415539316C
:1010C80035000000434E343730000000434E3737B8
:1010D8003900000045553433330000004555383693
:1010E800380000004B52393230000000494E383683
:1010F8003500000055533931350000005255383657
:1011080034000000BC100208C4100208CC10020809
:10111800D4100208DC100208E4100208EC100208DF
:10112800F4100208FC10020804110208422C533083
:101138000D0A0000422C53310D0A0000422C533294
:101148000D0A000025630D0A00000000256C7500DB
:10115800313A20467265713D20256420487A0D0A8F
:1011680000000000323A20506F7765723D202564F8
:101178002064426D0D0A0000333A2042616E6477A4
:10118800696474683D20256420487A0D0A000000CF
:10119800343A2046534B2064617461726174653D32
:1011A800202564206270730D0A000000353A204340
:1011B8006F64696E672052617465206E6F74206178
:1011C80070706C696361626C650D0A00363A204C78
:1011D8004E412053746174653D20256420200D0A1A
:1011E80000000000373A20504120426F6F7374208E
:1011F80053746174653D20256420200D0A000000A9
:10120800383A206D6F64756C6174696F6E2046534F
:101218004B0D0A00393A205061796C6F6164206C7B
:10122800656E3D2025642042797465730D0A0000BF
:1012380031303A2046534B20646576696174696F92
:101248006E3D20256420487A0D0A000031313A208D
:101258004C6F7744526F7074206E6F742061707099
:101268006C696361626C650D0A00000031323A20D6
:1012780046534B20676175737369616E2042542031
:1012880070726F647563743D202564200D0A000038
:10129800333A2042616E6477696474683D2025643E
:1012A80020283D256420487A290D0A00343A205325
:1012B800463D202564200D0A00000000353A2043F1
:1012C800523D20256420283D342F256429200D0A0D
:1012D80000000000383A206D6F64756C6174696FA6
:1012E8006E204C4F52410D0A0000000031303A2068
:1012F8004672657175656E63792064657669617497
:10130800696F6E206E6F74206170706C69636162C2
:101318006C650D0A0000000031313A204C6F7744AB
:10132800526F70745B3020746F20325D3D202564ED
:10133800200D0A0031322042542070726F647563A8
:1013480074206E6F74206170706C696361626C6583
:101358000D0A0000343A204250534B2064617461F6
:10136800726174653D202564206270730D0A000067
:1013780063616E20626520636F70792F706173748A
:101388006520696E2073657420636D643A2041544A
:101398002B54434F4E463D25643A25643A25643A1A
:1013A80025643A342F25643A25643A25643A25643D
:1013B8003A25643A25643A25643A25640D0A000002
:1013C800841E0000093D0000127A000024F4000089
:1013D80048E8010090D0030020A1070025643A25C1
:1013E800643A25643A25643A25642F25643A2564CD
:1013F8003A25643A25643A25643A25643A25643ADC
:101408002564000041542B5454583A206E622070D1
:1014180061636B6574732073656E74206973206DE6
:10142800697373696E670D0A0000000041542B54FC
:1014380052583A206E62206578706563746564203E
:101448007061636B657473206973206D6973736968
:101458006E670D0A0000000025752C25752C257572
:101468002C257500547820486F70206174202564FD
:10147800487A2E202564206F662025640D0A000016
:10148800546573742053746F700D0A0052454720D9
:101498003078253034583D307825303258000000F7
:1014A800256868783A256868783A256868783A251A
:1014B80068687800256868783A256868783A256801
:1014C80068783A256868783A256868783A256868B7
:1014D800783A256868783A256868783A2568687897
:1014E8003A256868783A256868783A256868783AC5
:1014F800256868783A256868783A256868783A25CA
:1015080068687800253032583A253032583A253004
:1015180032583A253032580D0A000000253032582A
:101528003A253032583A253032583A253032583A2E
:10153800253032583A253032583A253032583A2533
:101548003032583A253032583A253032583A253018
:1015580032583A253032583A253032583A25303206
:10156800583A253032583A253032580D0A000000D2
:10157800253032583A253032583A253032583A25F3
:101588003032583A253032583A253032583A2530D8
:1015980032583A253032580D0A00000025640D0AE9
:1015A8000000000025750D0A000000000D0A4F4BD1
:1015B8000D0A00000D0A41545F4552524F520D0A60
:1015C800000000000D0A41545F504152414D5F45F3
:1015D80052524F520D0A00000D0A41545F425553B2
:1015E800595F4552524F520D0A0000000D0A4154EE
:1015F8005F544553545F504152414D5F4F564552D9
:10160800464C4F570D0A00000D0A41545F4E4F5F7C
:101618004E4554574F524B5F4A4F494E45440D0A69
:10162800000000000D0A41545F52585F4552524F66
:10163800520D0A000D0A41545F4E4F5F434C41530F
:10164800535F425F454E41424C450D0A0000000081
:101658000D0A41545F445554594359434C455F5210
:101668004553545249435445440D0A000D0A415408
:101678005F43525950544F5F4552524F520D0A0022
:101688000D0A6572726F7220756E6B6E6F776E0DD4
:101698000A0000005A00000041545A205472696739
:1016A8002061204D43552072657365740D0A000052
:1016B8002B564C0041542B564C3D3C4C6576656C82
:1016C8003E3C43523E2E2053657420746865205674
:1016D8006572626F7365204C6576656C3D5B303A68
:1016E8004F6666202E2E20333A486967685D0D0ADA
:1016F800000000002B4C54494D45000041542B4C30
:1017080054494D452047657420746865206C6F63A3
:10171800616C2074696D6520696E2055544320669C
:101728006F726D61740D0A002B4150504555490088
:1017380041542B4150504555493D3C58583A58580A
:101748003A58583A58583A58583A58583A58583AC5
:1017580058583E3C43523E2E20476574206F7220F5
:101768005365742074686520417070204575690D53
:101778000A0000002B4E574B4B45590041542B4E45
:10178800574B4B45593D3C58583A58583A58583A8F
:1017980058583A58583A58583A58583A58583A5857
:1017A800583A58583A58583A58583A58583A585847
:1017B8003A58583A58583E3C43523E3A2047657486
:1017C800206F722053657420746865204E657477A5
:1017D8006F726B204B65790D0A0000002B41505049
:1017E8004B45590041542B4150504B45593D3C58AD
:1017F800583A58583A58583A58583A58583A5858F7
:101808003A58583A58583A58583A58583A58583A04
:1018180058583A58583A58583A58583A58583E3CEE
:1018280043523E3A20476574206F722053657420F6
:10183800746865204170706C69636174696F6E20AB
:101848004B65790D0A0000002B4E574B534B4559F9
:101858000000000041542B4E574B534B45593D3C1B
:1018680058583A58583A58583A58583A58583A5886
:10187800583A58583A58583A58583A58583A585876
:101888003A58583A58583A58583A58583A58583E80
:101898003C43523E3A20476574206F72205365746A
:1018A80020746865204E6574776F726B205365737A
:1018B80073696F6E204B65790D0A00002B415050FB
:1018C800534B45590000000041542B415050534B95
:1018D80045593D3C58583A58583A58583A58583A41
:1018E80058583A58583A58583A58583A58583A5806
:1018F800583A58583A58583A58583A58583A5858F6
:101908003A58583E3C43523E3A20476574206F721D
:101918002053657420746865204170706C69636138
:1019280074696F6E2053657373696F6E204B6579A8
:101938000D0A00002B4441444452000041542B44FA
:10194800414444523D3C58585858585858583E3CC1
:1019580043523E2E20476574206F722053657420D1
:10196800746865204465766963652061646472659E
:1019780073730D0A000000002B4445554900000010
:1019880041542B444555493D3C58583A58583A58C3
:10199800583A58583A58583A58583A58583A585855
:1019A8003E3C43523E2E20476574206F722053659B
:1019B80074207468652044657669636520455549D7
:1019C8000D0A00002B4E574B4944000041542B4E42
:1019D800574B49443D3C4E776B49443E3C43523E4D
:1019E8002E20476574206F722053657420746865D3
:1019F800204E6574776F726B2049443D5B302E2E04
:101A08003132375D0D0A00002B4A4F494E00000065
:101A180041542B4A4F494E3D3C4D6F64653E3C4313
:101A2800523E2E204A6F696E206E6574776F726B16
:101A38002077697468204D6F64653D5B303A414298
:101A4800502C20313A4F5441415D0D0A00000000EE
:101A58002B4C494E4B43000041542B4C494E4B43B1
:101A68002E2050696767796261636B2061204C6939
:101A78006E6B20436865636B20526571756573747E
:101A880020746F20746865206E6578742075706C9A
:101A9800696E6B0D0A0000002B53454E4400000090
:101AA80041542B53454E443D3C506F72743E3A3C72
:101AB80041636B3E3A3C5061796C6F61643E3C43D4
:101AC800523E2E2053656E642062696E61727920E1
:101AD8006461746120776974682074686520617036
:101AE800706C69636174696F6E20506F72743D5BCE
:101AF800312E2E3139395D20616E642041636B3D92
:101B08005B303A756E636F6E6669726D65642C2022
:101B1800313A636F6E6669726D65645D0D0A000027
:101B28002B5645520000000041542B564552204781
:101B38006574207468652046572076657273696FEE
:101B48006E0D0A002B4144520000000041542B4105
:101B580044523D3C4144523E3C43523E2E20476550
:101B680074206F7220536574207468652041646125
:101B780070746976652044617461205261746520CF
:101B880073657474696E67204144523D5B303A6FE7
:101B980066662C20313A6F6E5D0D0A002B445200A8
:101BA80041542B44523D3C44617461526174653E1A
:101BB8003C43523E2E20476574206F722053657453
:101BC800207468652054782044617461526174659A
:101BD8003D5B302E2E375D0D0A0000002B42414E32
:101BE8004400000041542B42414E443D3C42616E4A
:101BF8006449443E3C43523E2E20476574206F7230
:101C08002053657420746865204163746976652083
:101C1800526567696F6E2042616E6449443D5B306E
:101C28003A41533932332C20313A41553931352C28
:101C380020323A434E3437302C20333A434E37372C
:101C4800392C20343A45553433332C20353A455510
:101C58003836382C20363A4B523932302C20373A25
:101C6800494E3836352C20383A55533931352C20E1
:101C7800393A52553836345D0D0A00002B434C4131
:101C88005353000041542B434C4153533D3C436C48
:101C98006173733E3C43523E2E20476574206F7239
:101CA80020536574207468652044657669636520EF
:101CB800436C6173733D5B412C20422C20435D0DC6
:101CC8000A0000002B4443530000000041542B44F9
:101CD80043533D3C447574794379636C653E3C439A
:101CE800523E2E20476574206F722053657420740D
:101CF8006865204554534920447574794379636C69
:101D0800653D5B303A64697361626C652C20313AD9
:101D1800656E61626C655D202D204F6E6C79206662
:101D28006F722074657374696E670D0A0000000095
:101D38002B4A4E31444C000041542B4A4E31444CFE
:101D48003D3C44656C61793E3C43523E2E204765DC
:101D580074206F722053657420746865204A6F6917
:101D68006E204163636570742044656C61792062FC
:101D780065747765656E2074686520656E64206F8C
:101D8800662074686520547820616E6420746865E4
:101D9800204A6F696E2052782057696E646F7720E9
:101DA8003120696E206D730D0A0000002B4A4E32F7
:101DB800444C000041542B4A4E32444C3D3C44654F
:101DC8006C61793E3C43523E2E20476574206F7209
:101DD8002053657420746865204A6F696E204163DA
:101DE800636570742044656C6179206265747765F9
:101DF800656E2074686520656E64206F662074685F
:101E08006520547820616E6420746865204A6F6983
:101E18006E2052782057696E646F77203220696E81
:101E2800206D730D0A0000002B525831444C0000FD
:101E380041542B525831444C3D3C44656C61793EC9
:101E48003C43523E2E20476574206F7220536574C0
:101E5800207468652064656C6179206265747765B3
:101E6800656E2074686520656E64206F66207468EE
:101E78006520547820616E6420746865205278204B
:101E880057696E646F77203120696E206D730D0A73
:101E9800000000002B525832444C000041542B5291
:101EA8005832444C3D3C44656C61793E3C43523E5B
:101EB8002E20476574206F722053657420746865FE
:101EC8002064656C6179206265747765656E20743D
:101ED800686520656E64206F662074686520547894
:101EE80020616E64207468652052782057696E649A
:101EF8006F77203220696E206D730D0A0000000094
:101F08002B5258324452000041542B5258324452FA
:101F18003D3C44617461526174653E3C43523E2EBF
:101F280020476574206F722053657420746865209B
:101F38005278322077696E646F77204461746152F9
:101F48006174653D5B302E2E375D0D0A0000000080
:101F58002B5258324651000041542B5258324651A8
:101F68003D3C467265713E3C43523E2E20476574A7
:101F7800206F72205365742074686520527832206F
:101F880077696E646F77204672657120696E2048A4
:101F98007A0D0A002B5458500000000041542B546D
:101FA80058503D3C506F7765723E3C43523E2E2060
:101FB800476574206F7220536574207468652054D7
:101FC80072616E736D697420506F7765723D5B3016
:101FD8002E2E31355D2876616C69642072616E67DA
:101FE80065206163636F7264696E6720746F207225
:101FF8006567696F6E290D0A000000002B50475372
:102008004C4F540041542B5047534C4F543D3C5077
:102018006572696F643E3C43523E2E2053657420BE
:102028006F72204765742074686520756E696361F6
:1020380073742070696E6720736C6F7420506572BA
:10204800696F643D5B303A3173202E2E20373A3168
:102058003238735D283D325E506572696F64290DB0
:102068000A0000002B54544F4E45000041542B5495
:10207800544F4E4520537461727473205246205455
:102088006F6E6520746573740D0A00002B545253EB
:102098005349000041542B545253534920537461FF
:1020A800727473205246205253534920746F6E65E0
:1020B80020746573740D0A002B54434F4E4600007C
:1020C80041542B54434F4E463D3C4672657120693E
:1020D8006E20487A3E3A3C506F77657220696E20D0
:1020E80064426D3E3A3C4C6F72612042616E647787
:1020F80069647468203C3020746F20363E2C206F51
:10210800722046534B2042616E647769647468207C
:10211800696E20487A3E3A3C4C6F726120534620E3
:102128006F722046534B206461746172617465203C
:1021380028627073293E3A3C436F64696E67526146
:10214800746520342F352C20342F362C20342F372B
:102158002C20342F383E3A0D0A2020202020202021
:1021680020203C4C6E613E3A3C504120426F6F73D8
:10217800743E3A3C4D6F64756C6174696F6E2030C3
:102188003A46534B2C20313A4C6F72612C20323A2C
:102198004250534B3E3A3C5061796C6F61644C65D8
:1021A8006E20696E2042797465733E3A3C46736BC3
:1021B800446576696174696F6E20696E20487A3E5D
:1021C8003A3C4C6F7744724F707420303A6F6666B1
:1021D8002C20313A6F6E2C20323A4175746F3E3A9A
:1021E8000D0A2020202020202020203C42547072FC
:1021F8006F647563743A20303A6E6F204761757367
:102208007369616E2046696C746572204170706CE8
:102218006965642C20313A42543D302C332C2032ED
:102228003A42543D302C352C20333A42543D302C20
:10223800372C20343A42543D313E3C43523E2E2006
:10224800436F6E66696775726520524620746573C0
:10225800740D0A002B5454580000000041542B54AC
:1022680054583D3C5061636B65744E623E3C43522A
:102278003E2E205374617274732052462054782085
:10228800746573743A204E62206F66207061636BC8
:102298006574732073656E740D0A00002B545258D0
:1022A8000000000041542B5452583D3C5061636B70
:1022B80065744E623E3C43523E2E205374617274E4
:1022C8007320524620527820746573743A204E6207
:1022D800206F66207061636B657473206578706524
:1022E800637465640D0A00002B4345525449460047
:1022F80041542B4345525449463D3C4D6F64653E1D
:102308003C43523E2E2053657420746865206D6FDF
:1023180064756C6520696E204C6F726157616E2020
:1023280043657274696669636174696F6E20776961
:102338007468204A6F696E204D6F64653D5B303A62
:102348004142502C20313A4F5441415D0D0A000062
:102358002B5454480000000041542B5454483D3C31
:102368004673746172743E2C3C4673746F703E2CD5
:102378003C4664656C74613E2C3C5061636B6574CB
:102388004E623E3C43523E2E205374617274732059
:10239800524620547820686F7070696E67207465A3
:1023A80073742066726F6D20467374617274207442
:1023B8006F204673746F7020696E20487A206F72A0
:1023C800204D487A2C204664656C746120696E2023
:1023D800487A0D0A000000002B544F4646000000C2
:1023E80041542B544F46462053746F7073206F6EC0
:1023F8002D676F696E6720524620746573740D0AE5
:10240800000000002B4241540000000041542B42C0
:10241800415420476574207468652062617474654E
:102428007279204C6576656C20696E206D560D0AB0
:102438000000000041542B3C434D443E3F202020E7
:1024480020202020203A2048656C70206F6E203CA8
:10245800434D443E0D0A41542B3C434D443E2020FD
:10246800202020202020203A2052756E203C434D09
:10247800443E0D0A41542B3C434D443E3D3C76615D
:102488006C75653E203A2053657420746865207623
:10249800616C75650D0A41542B3C434D443E3D3FEC
:1024A800202020202020203A204765742074686569
:1024B8002076616C75650D0A000000006572726F08
:1024C800723A204174206C65617374206F6E6520C8
:1024D800726567696F6E207368616C6C2062652035
:1024E800646566696E656420696E20746865204D50
:1024F800573A20636865636B206C6F726177616E11
:102508005F636F6E662E68200D0A000054782046BF
:10251800534B20546573740D0A000000527820460E
:10252800534B20546573740D0A0000003E3E3E2054
:10253800525353492056616C75653D2025642064CB
:10254800426D0D0A000000005478204C6F52612043
:10255800546573740D0A00005478202564206F6652
:102568002025640D0A0000004F6E5478446F6E6594
:102578000D0A00004F6E547854696D656F75740DBF
:102588000A0000004F6E52784572726F720D0A0091
:102598004F6E5278446F6E650D0A0000527373696E
:1025A80056616C75653D25642064426D2C20636618
:1025B8006F3D25646B487A0D0A00000052737369F9
:1025C80056616C75653D25642064426D2C20536E00
:1025D8007256616C75653D256464420D0A00000001
:1025E8004F6E527854696D656F75740D0A0000005E
:1025F8005278202564206F6620256420203E3E3EC8
:10260800205045523D2025642025250D0A00000054
:1026180049444C4500000000232323232323204161
:1026280070704B65793A202020202020000000009F
:10263800232323232323204E776B4B65793A2020CD
:1026480020202020000000002323232323232041CF
:102658007070534B65793A2020202020000000003C
:10266800232323232323204E776B534B65793A206A
:102678002020202000000000232323232323204D93
:1026880043526F6F744B65793A2020200000000098
:10269800232323232323204D434B454B65793A209D
:1026A8002020202000000000232323232323204D63
:1026B800434B65795F303A2020202020000000003D
:1026C800232323232323204D43417070534B6579E3
:1026D8005F303A2000000000232323232323204DCA
:1026E800434E776B534B65795F303A20000000000A
:1026F800253032583A253032583A253032583A2562
:102708003032583A253032583A253032583A253046
:1027180032583A253032583A253032583A25303234
:10272800583A253032583A253032583A25303258FE
:102738003A253032583A253032583A253032580D39
:102748000A000000232323232323204F5441412040
:102758002323232323230D0A0000000023232323FC
:1027680023232041425020202323232323230D0AFF
:10277800000000000080E1150017C72201010101D7
:10278800010101012B7E151628AED2A6ABF71588DC
:1027980009CF4F3C6572726F723A20526567696F54
:1027A8006E206973206E6F7420646566696E656457
:1027B80020696E20746865204D573A20736574202F
:1027C8006C6F726177616E5F636F6E662E682061F1
:1027D80063636F7264696E676C790D0A00000000AC
:1027E800232323232323204465764575693A202033
:1027F800253032583A253032583A253032583A2561
:102808003032583A253032583A253032583A253045
:1028180032583A253032580D0A000000232323236A
:102828002323204170704575693A2020253032589D
:102838003A253032583A253032583A253032583A0B
:10284800253032583A253032583A253032583A2510
:102858003032580D0A000000232323232323204469
:102868006576416464723A20253032583A25303210
:10287800583A253032583A253032580D0A000000AF
:1028880053776974636820746F20436C6173732095
:10289800256320646F6E650D0A0000004142430005
:1028A8004D4143207478446F6E650D0A00000000A6
:1028B8004D4143207278446F6E650D0A0000000098
:1028C8004D414320747854696D654F75740D0A0045
:1028D8004D414320727854696D654F75740D0A0037
:1028E80052585F4243206F6E2066726571202564DE
:1028F80020487A2061742044522025640D0A000083
:1029080052585F2573206F6E2066726571202564AA
:1029180020487A2061742044522025640D0A000062
:102928005258206F6E206672657120256420487A9F
:102938002061742044522025640D0A0031000000F3
:1029480032000000430000004D756C74695F43005D
:10295800500000004D756C74695F500044290208EE
:10296800482902084C290208502902085829020857
:102978005C2902085458206F6E2066726571202504
:102988006420487A2061742044522025640D0A008E
:10299800A027BE330000000050010000E034C1331E
:1029A80000000000500100002042C4330000000075
:1029B80050010000B227000000000000C194C100CF
:1029C80000000000526164696F53656E64204F76A1
:1029D800657273697A650D0A000000004952515FFB
:1029E80052585F54585F54494D454F55540D0A008D
:1029F800505245204F4B0D0A0000000053594E43DA
:102A0800204F4B0D0A000000484452204F4B0D0A3E
:102A180000000000484452204B4F0D0A00000000FF
:102A28004952515F4352435F4552524F520D0A007B
:102A380053756E004D6F6E005475650057656400E0
:102A4800546875004672690053617400505544001B
:102A5800A0AA9900A0AA9900A0AA990030313233FF
:102A68003435363738396162636465666768696A20
:102A78006B6C6D6E6F707172737475767778797A26
:102A880000000000303132333435363738394142AE
:102A9800434445464748494A4B4C4D4E4F50515286
:102AA800535455565758595A000000003C4E554C3F
:102AB8004C3E00000100000003000000050000007B
:102AC8000100000001000000060000000A000000EC
:102AD80020000000020000000400000008000000C0
:102AE800100000004000000080000000000100000D
:102AF80000020000000000000000000000000000CC
:102B080000000000010000000200000003000000B7
:102B180004000000A0860100400D0300801A060092
:102B280000350C0040420F0080841E0000093D0063
:102B380000127A000024F40000366E010048E80113
:102B4800006CDC0200000000000000000000000033
:102B5800000000008519000800000000E9190008BD
:102B6800591A00088D1A0008A91A0008BD1A000889
:102B7800E51A00080D1B0008271B0008611B000848
:102B8800E91C0008291D0008091D00084D1D000842
:102B98005B1C0008DD210008092200085D220008EE
:102BA80035220008010002000400060008000A009F
:102BB8000C0010002000400080000001010101030A
:102BC800070100000804020408010101B415020805
:102BD800BC150208CC150208E0150208F415020815
:102BE800101602082C1602083C160208581602088D
:102BF80074160208881602089C16020801000000D4
:102C0800DD990008DD990008C99B0008A016020894
:102C1800B816020803000000D59B0008F59B0008C1
:102C2800DD990008BC160208FC1602080600000020
:102C3800619C0008DD990008DD9900080417020866
:102C48003017020807000000C99C0008F99C00081A
:102C5800DD990008381702087C17020807000000F1
:102C6800719D0008A19D0008DD99000884170208DD
:102C7800E417020807000000DD9D00080D9E00080B
:102C8800DD990008EC170208501802080800000037
:102C9800499E0008799E0008DD9900085C18020822
:102CA800C418020808000000B59E0008E59E000848
:102CB800DD990008D01802083C1902080600000037
:102CC800219F00084F9F0008DD9900084419020859
:102CD8008019020805000000899F0008B99F0008B4
:102CE800DD99000888190208CC19020806000000BE
:102CF80031A0000861A00008DD990008D419020875
:102D0800101A020805000000DD990008A1A00008BB
:102D1800DD990008181A0208581A0208060000006F
:102D2800DD990008DD990008D5A00008601A02089E
:102D3800A01A020805000000DD990008F5A00008A7
:102D4800DD990008A81A0208281B020804000000E0
:102D580015A30008DD990008DD990008301B02085A
:102D68004C1B0208040000007DA30008ABA3000868
:102D7800DD990008541B0208A41B02080300000088
:102D8800E3A3000815A40008DD990008A81B0208A1
:102D9800E41B0208050000006DA40008DDA400087B
:102DA800DD990008EC1B0208841C020806000000DC
:102DB80029A5000805A60008DD9900088C1C020852
:102DC800CC1C020804000000A9A60008D7A6000829
:102DD800DD990008D41C0208381D0208060000000E
:102DE8000FA700083DA70008DD990008401D02084C
:102DF800B41D0208060000007DA70008ADA7000862
:102E0800DD990008BC1D0208301E020806000000FB
:102E1800EDA700081DA80008DD990008381E020863
:102E28009C1E0208060000005DA800088DA8000886
:102E3800DD990008A41E0208081F02080600000009
:102E4800CDA80008F1A80008DD990008101F0208A5
:102E5800581F02080600000049A900086DA90008CB
:102E6800DD990008601F02089C1F0208040000008A
:102E7800B9A90008E9A90008DD990008A41F0208FB
:102E880004200208070000002DAA00085DAA000817
:102E9800DD9900080C2002086C20020806000000DA
:102EA800DD990008DD990008A9AA00087420020825
:102EB8009420020806000000DD990008DD9900084A
:102EC800C9AA00089C200208C020020806000000C9
:102ED800E9AA000865AD0008DD990008C8200208C5
:102EE8005C22020804000000DD990008B1AF000868
:102EF800DD99000864220208A422020804000000E8
:102F0800DD99000805B00008DD990008AC22020828
:102F1800F022020807000000DD99000859B00008F7
:102F2800DD990008F822020858230208040000006E
:102F3800DD990008C5B00008DD9900086023020883
:102F4800E023020805000000DD990008DD9900086B
:102F5800A1B10008E82302080C24020804000000BC
:102F6800C9B10008DD990008DD9900081424020899
:102F7800637C777BF26B6FC53001672BFED7AB762E
:102F8800CA82C97DFA5947F0ADD4A2AF9CA472C0D9
:102F9800B7FD9326363FF7CC34A5E5F171D8311546
:102FA80004C723C31896059A071280E2EB27B27567
:102FB80009832C1A1B6E5AA0523BD6B329E32F84DF
:102FC80053D100ED20FCB15B6ACBBE394A4C58CFD7
:102FD800D0EFAAFB434D338545F9027F503C9FA8AB
:102FE80051A3408F929D38F5BCB6DA2110FFF3D279
:102FF800CD0C13EC5F974417C4A77E3D645D19732D
:1030080060814FDC222A908846EEB814DE5E0BDB26
:10301800E0323A0A4906245CC2D3AC629195E4795D
:10302800E7C8376D8DD54EA96C56F4EA657AAE08B7
:10303800BA78252E1CA6B4C6E8DD741F4BBD8B8A52
:10304800703EB5664803F60E613557B986C11D9EB8
:10305800E1F8981169D98E949B1E87E9CE5528DF2F
:103068008CA1890DBFE6426841992D0FB054BB165B
:10307800C6F8EEF6FFD6DE916002CE56E7B54DEC07
:103088008F1F89FAEFB28EFB41B35F452353E49B50
:1030980075E13D4C6C7EF5836851D1F9E2AB622A4B
:1030A8000895469D30370A2F0E241BDFCD4E7FEA48
:1030B800121D583436DCB45BA476B77D52DD5E133E
:1030C800A6B900C140E379B6D48D67729498B085EB
:1030D800BBC54FED869A66118AE904FEA078254B98
:1030E800A25D80053F2170F16377AF4220E5FDBF07
:1030F800811826C3BE35882E9355FC7AC8BA32E6A5
:10310800C0199EA344543B0B8CC76B28A7BC16ADB3
:10311800DB647414920C48B89FBD43C43931D3F2B0
:10312800D58B6EDA01B19C49D8ACF3CFCAF44710FD
:103138006FF04A5C38577397CBA1E83E96610D0F44
:10314800E07C71CC9006F71CC26AAE6917993A27E1
:10315800D9EB2B22D2A907332D3C15C987AA50A534
:103168000359091A65D784D082295A1E7BA86D2C69
:10317800A584998D0DBDB1545003A97D1962E69AB5
:10318800459D408715EBC90BEC67FDEABFF7965BD9
:10319800C21CAE6A5A41024F5CF434089373533F21
:1031A8000C52655E28A10FB509369B3D2669CD9F57
:1031B8001B9E742E2DB2EEFBF64D61CE7B3E7197B1
:1031C800F568002C601FC8EDBE46D94BDED4E84A2E
:1031D8006B2AE516C5D75594CF100681F044BAE39B
:1031E800F3FEC08AADBC4804DFC17563301A0E6DAA
:1031F8004C14352FE1A2CC3957F28247ACE72B9516
:10320800A098D17F667EAB83CA29D33C79E21D762C
:103218003B564E1EDB0A6CE45D6EEFA6A8A4378B06
:10322800324359B78C64D2E0B4FA0725AF8EE91857
:10323800D5886F7224F1C751237C9C21DDDC8685FB
:103248009042C4AAD8050112A35FF9D0915827B9B2
:103258003813B333BB7089A7B622922049FF787A16
:103268008FF88017DA31C6B8C3B07711CBFCD63ADD
:10327800080A0C0D0E10121415181A1B1D1E2124F5
:103288000C0B0A090807073248E8010048E8010062
:1032980048E8010048E8010048E8010048E8010062
:1032A80090D003000000000033333373F2F2F2F2DF
:1032B80033333373DEDEDEDE0A0908070800000058
:1032C8000C0B0A090807000048E8010048E801005B
:1032D80048E8010048E8010020A1070000000000BC
:1032E800000000000000000020A1070020A1070046
:1032F80020A1070020A1070020A1070020A10700A6
:1033080000000000000000000A0908080B0A09086C
:103318000C0B0A090D0C0B0A0D0D0C0B0B357DF26D
:10332800F20000003581F2F2F2F200000B357DF276
:10333800F2000000216DDEDEDEDE000005B70108C8
:10334800B1B70108E1B7010885B801089BB80108C1
:103358004FB901087DB901089DBD0108D5BF010815
:10336800EDC101089DC2010891C40108B7C4010854
:10337800C5C40108E1C5010811C6010869C60108EC
:1033880081C60108A5C60108C1C60108E7C601082B
:103398000DC7010869C70108C5C7010871C8010838
:1033A8003DC50108B5C5010841CC010879CC010823
:1033B800CDCD010871D101083DE7010861E7010899
:1033C80004050600C01200001F000000A816000037
:1033D80017000000841C00000F000000E425000016
:1033E8001E000000B42D000016000000083900007F
:1033F8000E0000002C4C00001D000000685B00005F
:1034080015000000747200000D00000058980000BC
:103418001C00000034B7000014000000E8E40000BD
:103428000C000000783101001B000000686E0100EC
:103438001300000034CA01000B00000028620200DB
:103448001A00000040DB0200120000003C93030059
:103458000A000000C0C204001900000060B30500A3
:1034680011000000382007000900000020A1070013
:103478000000000004030202010101010000000035
:043488000000000040
:08348C00F4CCFD7F01000000FB
:0434940065010008C6
:0434980041010008E6
:10349C0000093D000004004810000000010000007D
:1034AC00B9160008291700084F170008471800081C
:1034BC009F990008000000000000000073990008AC
:1034CC005799000831990008000000000000000026
:1034DC0000000000050001000000000000000000DA
:1034EC0004000000000000007C0C00200100000023
:1034FC0000A1BC330E000000040000000C00000012
:10350C00010000000000000000000000100000009E
:10351C00A86100000200000003000000AAAAAAAAE9
:10352C00000000000000000000000000000000008F
:10353C00000000000A000001010000000000000073
:10354C000000000000FF0000000000000000000070
:10355C0000000000FF00000000F20000CC32002050
:10356C00E0000000D90801082D09010841090108F3
:10357C00A50E01080000000069090108ED0A010808
:10358C00B509010800000000000000000000000068
:10359C000000000000818280010302840100000011
:1035AC00FF000000FFFFFFFFFFFFFFFF642A020880
:0435BC008C2A02084B
:040000050800233597
:00000001FF
